s,charging_work_worldtube_rate,endpoint_heat_return_worldtube_rate,endpoint_heat_input_worldtube_rate,endpoint_net_worldtube_rate,endpoint_net_input_worldtube_rate,endpoint_net_output_worldtube_rate,heat_return_during_net_endpoint_input_worldtube_rate
0.00501953125,5.080758077026333,6.834388171181807,0.06240135108288295,-1.6912287430725899,0.06251484127865907,1.7537435843512488,0.0
0.015058593749999998,0.5817805924143513,1.6004657860977063,0.06407193310662991,-0.9546132605767251,0.06407193310662991,1.018685193683355,0.0
0.025097656249999996,3.3252906234438493,3.6576627442740772,0.10198039842556686,-0.230391722404662,0.10198039842556686,0.3323721208302288,0.0
0.03513671875,0.00012452663060102622,0.01275545034504921,0.49283550192161885,0.48020457820717066,0.49289513645987604,0.012690558252705321,6.489209234388762e-05
0.04517578125,0.7138786193420211,0.7375553275465169,1.19962429761953,1.175947589415034,1.1998160704750775,0.023868481060043512,6.431872117223592e-05
0.05521484374999999,0.2895760693934254,0.3264780394026062,1.8925202498700517,1.8556182798608707,1.8928205968618703,0.037202317000999414,5.7894871262907176e-05
0.06525390625,0.3106581356551152,0.36066861237010267,2.568023746419297,2.51801326970431,2.5682378699370747,0.050224600232765,2.8010705152175096e-05
0.07529296875,0.31701487005503487,0.3796632841884815,3.224599463395934,3.1619510492624876,3.224868306248545,0.06291725698605775,2.5506618513203033e-05
0.08533203125,0.22604491259267123,0.30068573621916383,3.8445918167776343,3.7699509931511415,3.8449083772948844,0.0749573841437427,1.9360988840616768e-05
0.09537109375,0.2097274008232679,0.29422673427405854,4.346890146685512,4.26239081323472,4.347240607907644,0.08484979467292393,1.24524821215916e-05
0.10541015625,0.19324131624510724,0.2852964235100915,4.723245567896891,4.631190460631906,4.723615501624188,0.09242504099228134,5.767626967937738e-06
0.11544921875,0.1905961507366592,0.2879441959458059,4.976779443670464,4.879431398461318,4.977154376362296,0.09772297790097778,0.0
0.12548828125,0.28211167691882905,0.3782743980288418,5.106665455279886,5.010502734169874,5.111293814660378,0.10079108049050564,0.0
0.13552734374999997,0.20900767679070423,0.30636370816652725,5.125447040990236,5.028091009614412,5.129775422088647,0.10168441247423388,0.0
0.14556640625,0.18733878229175227,0.2839030395253305,5.03273257703002,4.936168319796442,5.036633766027002,0.10046544623055906,0.0
0.15560546874999998,0.11763103399392803,0.21456913825630797,4.8359171907289795,4.7389790864666,4.836182947450814,0.09720386098421394,2.0632866104067187e-05
0.16564453125,0.0662798863134,0.15795316022736744,4.532698545114842,4.441025271200874,4.53300159730116,0.0919763261002855,2.03836334297368e-05
0.17568359374999998,0.04809201659280484,0.13282879966590094,4.144369301729525,4.0596325186564295,4.144708439129998,0.08507592047356902,1.98750843532207e-05
0.18572265625,0.03783200387130365,0.11445694022011318,3.7005550877794877,3.6239301514306783,3.700928648630968,0.07699849720028949,1.9190463238195335e-05
0.19576171874999998,0.0296566592631815,0.09707841435492119,3.205462457746263,3.138040702654523,3.205868437967271,0.06782773531274809,1.8332671368858836e-05
0.20580078125,0.0005159978124751425,0.058156550357880366,2.6631326505224973,2.605492097977092,2.6631326505224973,0.05764055254540523,0.0
0.21583984374999998,0.0003533680050864839,0.05942766065025924,2.088981992340315,2.029907699695142,2.0892125578250034,0.059304858129861554,0.00012280252039768564
0.22587890625,0.0005999451120033794,0.06321543347689372,1.477608839635911,1.4149933512710207,1.4780814222330547,0.06308807096203405,0.00012736251485967785
0.23591796874999998,0.0008506531959250048,0.09343314673803893,0.8571059280614053,0.7645234345192914,0.8578254859932049,0.09330205147391338,0.00013109526412556622
0.24595703124999999,0.0011036466265952043,0.2952930646587837,0.376516076794308,0.08232665876211948,0.37748571950595083,0.29515906074383136,0.00013400391495234183
0.25599609375,0.0013503346411307166,0.7889306742776934,0.16011590685164556,-0.6274644327849171,0.16133682791383058,0.7888012606987478,0.00012941357894572203
0.26603515624999996,0.00155938638964244,1.438491609251295,0.13985490902122308,-1.2970773138404295,0.14130343225019532,1.4383807460906248,0.00011086316067020384
0.27607421875,0.0017294168152179133,2.0207118931681443,0.14107935135590235,-1.8779031249970242,0.1427153610427339,2.020618486039758,9.340712838635379e-05
0.28611328125,0.0018630950119061084,2.518294648869099,0.14370274569839067,-2.372728808158802,0.14548880328706237,2.5182176114458645,7.703742323441948e-05
0.29615234375,0.001963063937663985,2.9335926073053433,0.1471211447803612,-2.784508398587318,0.14902246336400468,2.933530861951323,6.174535402049762e-05
0.30619140624999996,0.002031938201666472,3.268215032360552,0.14983374726907328,-3.1163493468898125,0.15181816269615533,3.268167509585968,4.752277458438575e-05
0.31623046875,0.0020723006968058804,3.525528121855196,0.15195660755803975,-3.3714992136003508,0.1539945471238586,3.525493760724209,3.436113098702741e-05
0.32626953124999997,0.002086697317636892,3.70902312855478,0.15360459841339788,-3.553331832823745,0.1556690457190904,3.7090008785428354,2.2250011944348118e-05
0.33630859375,0.0020776325811119965,3.822301704595475,0.15489106700158128,-3.6653330050127817,0.15695752227343857,3.8222905272862198,1.1177309254672938e-05
0.34634765624999997,0.0020472927154982,3.8675992885504464,0.15594127698177043,-3.7096107188531775,0.15798766924296775,3.8675983880961455,9.004543008884359e-07
0.35638671874999994,0.0019976601803230742,3.8293334551272915,0.1570567479220077,-3.6702790470249607,0.1590544081023308,3.8293334551272915,0.0
0.36642578124999997,0.001931227179478232,3.706751917436609,0.15838076433442574,-3.546439925922705,0.16031199151390396,3.706751917436609,0.0
0.37646484375,0.001850423945926121,3.5056203528520435,0.16000034669259147,-3.3437695822135263,0.16185077063851758,3.5056203528520435,0.0
0.38650390625,0.0017576005450578923,3.231748829391686,0.16199987436231889,-3.067991354484309,0.1637574749073768,3.231748829391686,0.0
0.39654296874999995,0.0016550220068914563,2.8909694429917345,0.16445987653686894,-2.7248545444479744,0.16611489854376044,2.8909694429917345,0.0
0.40658203125,0.0015448634344708873,2.49248996919085,0.170831582592336,-2.3201135231640437,0.17237644602680688,2.49248996919085,0.0
0.41662109375,0.0014292058603677282,2.0395770686883763,0.1786403247169741,-1.8595075381110342,0.18006953057734185,2.0395770686883763,0.0
0.42666015625,0.001310130882772099,1.5420364050270627,0.19198527586664316,-1.3487409982776475,0.19329540674941526,1.5420364050270627,0.0
0.43669921874999995,0.0012054713811396232,1.1037740422998459,0.29488243863157404,-0.807686132287132,0.2960879100127136,1.1037740422998459,0.0
0.44673828125,0.0011259057643727875,0.767318188503705,0.46475068404987857,-0.30144159868945364,0.4658765898142514,0.767318188503705,0.0
0.45677734375,0.0010693772404343517,0.5024224555144152,0.6649829007271167,0.16362982245313595,0.6660522779675511,0.5024224555144152,0.0
0.46681640625,0.0010338799373867664,0.30544519261287056,0.8931348954808898,0.5887235828054062,0.8941687754182766,0.30544519261287056,0.0
0.47685546874999996,0.0010174621268449046,0.20028467747400364,1.1743578555899536,0.9750906402427951,1.1753699190114495,0.2002792787686543,5.3987053493449765e-06
0.48689453124999993,0.0010182287719032027,0.14849409463702806,1.4715071709196108,1.324031305054486,1.472511567997231,0.148480262942745,1.3831694283066909e-05
0.49595703125,0.0010277957122362912,0.1450707595655364,1.7520445164044047,1.6080015525511047,1.7530558514022825,0.14505429885117796,1.6460714358443243e-05
0.5009765625,0.0010247869167079064,0.14662424267788404,1.8986032304867573,1.7530037747255816,1.899623561992562,0.14661978726698088,4.4554109031719706e-06
0.50697265625,0.0010640498996350362,0.14916206056304449,2.063142666530332,1.915044655866922,2.0641781784490503,0.14913352258212803,2.853798091646473e-05
0.51701171875,0.0011053112085433001,0.15481315017500294,2.313617593086719,2.1599097541202594,2.3146883787440897,0.15477862462383063,3.4525551172297296e-05
0.5270507812499999,0.0011524652918197082,0.16177623161278407,2.5266365016107915,2.366012735289827,2.527751524939938,0.16173878965011124,3.74419626728197e-05
0.53708984375,0.0012028855571083468,0.169323513464601,2.691221609509472,2.5231009816019796,2.692384829343286,0.16928384774130661,3.9665723294370185e-05
0.54712890625,0.0012552958720275734,0.17724262010882968,2.8096316537196104,2.6336443294828085,2.8108456389823835,0.1772013094995748,4.131060925487764e-05
0.55716796875,0.0013085314278944759,0.18534817976060375,2.8844094635795754,2.700369815246866,2.885675577284448,0.1853057620375814,4.2417723022343714e-05
0.5672070312499999,0.001361535205705019,0.19347108025727336,2.918106816909814,2.7259972718582457,2.919425325043993,0.19342805318574763,4.302707152573197e-05
0.5772460937499999,0.0014133538459075133,0.201457935006714,2.9132755013597578,2.713230920198951,2.9146456779442884,0.2014147577453369,4.317726137709919e-05
0.58728515625,0.0014631336749427004,0.2091705179722028,2.872458759227344,2.6647513749300837,2.873878987344467,0.20912761241438305,4.290555781972247e-05
0.59732421875,0.0015101164656702803,0.21648518213051662,2.7981830351039787,2.5832079694391323,2.7996509038155977,0.21644293437646522,4.224775405139888e-05
0.6073632812499999,0.001555217063289588,0.22330138926293544,2.6928147897400327,2.4710686175403866,2.694327228974148,0.2232586114337611,4.277782917432436e-05
0.61740234375,0.0016040564773617738,0.23043403283802946,2.542816974566101,2.313986998205433,2.5443753562421265,0.2303883580366934,4.5674801336053974e-05
0.62744140625,0.0016560419219557366,0.23832675045861834,2.3420598773786265,2.105389168841964,2.3436679411775043,0.23827877233554035,4.797812307799431e-05
0.63748046875,0.00170993137064852,0.26981693535351975,2.1193418367409684,1.851234832758097,2.1210020510917214,0.26976721833362416,4.971701989562506e-05
0.64751953125,0.0017645726615480547,0.31988833183801463,1.875403092544606,1.5572793333681394,1.8771167444682058,0.31983741110006647,5.09207379482031e-05
0.6575585937499999,0.0018189025838271106,0.38351633854325357,1.6107612846296346,1.2290638486702081,1.6125285686240134,0.38346471995380527,5.161858944832663e-05
0.6675976562499999,0.001871945555175985,0.4662212017178538,1.3362561588274375,0.8719069026647596,1.3380762644800528,0.4661693618152931,5.183990256068854e-05
0.67763671875,0.0019228119925141286,0.5925143912793691,1.081488509228406,0.4908969299415509,1.0833597073754258,0.5924627774338749,5.1613845494370095e-05
0.68767578125,0.0019706963769452537,0.8195714273771796,0.9084869456055247,0.09088621460529026,0.9104066727016313,0.8195204580963411,5.096928083854716e-05
0.6977148437499999,0.0020106217439201765,1.1000468076196963,0.7811635015781322,-0.31687268429764387,0.7831276942473764,1.1000003785450203,4.642907467586446e-05
0.70775390625,0.00203600397766133,1.3370372686375867,0.6801882692710071,-0.6548129953889184,0.6821842574423693,1.3369972528312877,4.0015806298983894e-05
0.71779296875,0.002048316137951169,1.5063743520696316,0.5968114829255171,-0.9075145530061632,0.5988256041116604,1.5063401571178237,3.4194951807948394e-05
0.72783203125,0.002178560160517392,1.6170895055823815,0.5328647418024621,-1.0820462036194018,0.5350143694507792,1.6170605730701815,2.8932512200218535e-05
0.7378710937499999,0.0024020766064852045,1.6814805507985542,0.49384088800242176,-1.1852375861896474,0.4962187690605972,1.6814563552502444,2.4195548309776707e-05
0.7479101562499999,0.002612148700603671,1.6905467248489543,0.4642154883343608,-1.2237190878139899,0.46680768478688284,1.6905267726008728,1.99522480816543e-05
0.75794921875,0.0028114182978731914,1.6559855663734275,0.4492476805663474,-1.203926467509207,0.45204292693102543,1.6559693944402323,1.617193319518059e-05
0.76798828125,0.0028467344206991605,1.5777451871558352,0.4428309762644701,-1.1320674764706657,0.44567076778354064,1.5777382442542065,6.94290162864724e-06
0.7780273437499999,0.0025623036784711713,1.460911151896914,0.44435048672493205,-1.0139983614935109,0.4469051887636709,1.4609035502571817,7.6016397322569186e-06
0.78806640625,0.0022832496226024663,1.3201591315130572,0.45425484311551945,-0.8636210387749355,0.4565369584828277,1.320157997257763,1.1342552941754357e-06
0.79810546875,0.001987614290999885,1.1905673928353107,0.47209153028629713,-0.7164882482580134,0.47407914457729705,1.1905673928353107,0.0
0.80814453125,0.0016608244124867839,1.0726134096552549,0.49522003376201074,-0.5757325514807574,0.49688085817449756,1.0726134096552549,0.0
0.8181835937499999,0.0013070890094821987,0.9724196375338802,0.5300777665659202,-0.4410347819584777,0.5313848555754025,0.9724196375338802,0.0
0.8282226562499999,0.0009302904129752363,0.885039599897935,0.572024040667643,-0.31208526881731674,0.5729543310806182,0.885039599897935,0.0
0.8382617187499999,0.0006524737859769927,0.8177990471010246,0.6285609540892575,-0.18858561922579,0.6292134278752345,0.8177990471010246,0.0
0.84830078125,0.0005808200595061965,0.7629782589186587,0.6921478671407727,-0.0702495717183799,0.6927286872002789,0.7629782589186587,0.0
0.8583398437499999,0.0005073293194503004,0.7310561689567009,0.7737453160283497,0.04319647639109914,0.7742526453478,0.7310561689567009,0.0
0.8683789062499999,0.0004368033730261431,0.7160812589902961,0.8676601174982234,0.15201566188095345,0.8680969208712496,0.7160812589902961,0.0
0.87841796875,0.00040465137863160796,0.7029237036045266,0.9689127015834383,0.2663936493575433,0.96931735296207,0.7029237036045266,0.0
0.88845703125,0.00041488343657348353,0.6677120118854187,1.0676270936315984,0.4003299651827532,1.0680253394270802,0.6676953742443271,1.6637641091628562e-05
0.89849609375,0.0004615110718176965,0.6059024216588403,1.155935312152333,0.5504944015653106,1.156362195856874,0.6058677942915635,3.46273672768251e-05
0.9085351562499999,0.0005389682934040449,0.5173349281223536,1.2303677368964427,0.7135717770674934,1.2308562612543832,0.5172844841868898,5.044393546388845e-05
0.9185742187499999,0.00064210103289057,0.4094873421601285,1.2953318894957369,0.886486648368499,1.2959097792785725,0.4094231309100736,6.421125005486883e-05
0.92861328125,0.0007661554668695809,0.29572548652593167,1.3613515798293419,1.0663922487702797,1.3620416834650224,0.29564943469474264,7.60518311889866e-05
0.93865234375,0.0009067653290915217,0.2344249079558412,1.4841781572460147,1.250660014619265,1.4849988361858744,0.23433882156660943,8.608638923179514e-05
0.9486914062499999,0.0010599384386460666,0.2299479561080333,1.6657569848860954,1.4368689672167083,1.666722489841748,0.22985352262503989,9.443348299342541e-05
0.9587304687499999,0.0011951229452947065,0.23785480130667566,1.8585593810375585,1.6218997026761777,1.8596790859161987,0.23777938324002101,7.541806665465014e-05
0.96876953125,0.0012186869851358328,0.2477989453593648,1.9864802666112045,1.7399000082369755,1.98768048636975,0.24778047813277443,1.8467226590399128e-05
0.97880859375,0.0011389502886030758,0.259015625660541,2.0178700133526664,1.7599933379807287,2.0190089636412694,0.259015625660541,0.0
0.9888476562499999,0.0009727504391140038,0.27101144612703876,1.9641529010087155,1.694114205320791,1.9651256514478297,0.27101144612703876,0.0
0.9988867187499999,0.0007355101431094364,0.28550944039022585,1.838204752097143,1.5534308218500266,1.8389402622402522,0.28550944039022585,0.0
1.0089257812499999,0.00044129887826648885,0.30627817164814514,1.6542062839357299,1.3483694111658513,1.6546475828139964,0.30627817164814514,0.0
1.01896484375,0.00010289542519447063,0.3363816221505828,1.424918373196932,1.0886396464715435,1.4250212686221264,0.3363816221505828,0.0
1.0290039062499998,0.007086937744765962,0.4545808352623443,1.2307533150185757,0.7832594175009975,1.2308742368462726,0.44761481934527514,0.0
1.03904296875,3.152004663386232,3.883988917664758,1.172564513267247,0.440580258988722,1.1726814315366447,0.7321011725479227,0.0
1.0490820312499998,4.807815278972045,5.846635726454451,1.115002735187167,0.0761822877047616,1.1235206542729126,1.047338366568151,0.00018975247570392773
1.05912109375,4.990736026718415,6.288341193835567,1.068002362921494,-0.22960280419565762,1.0767097855826429,1.3063125897783003,0.000407248151054442
1.06916015625,3.531400902625845,5.0228597045545795,1.0275493659451742,-0.4639094359835606,1.0275493659451742,1.4914588019287347,0.0
1.07919921875,4.9759734364025355e-05,1.6096396916149103,0.9752134467233481,-0.6343764851571982,0.9752134467233481,1.6095899318805462,0.0
1.08923828125,0.0008079735894751651,1.673676514774901,0.9246992616723091,-0.748169279513117,0.9250998958420731,1.67326917535519,0.00040733941971105893
1.0992773437499999,0.00224254043151777,1.6998682289830538,0.8856300101722043,-0.8119956783793316,0.8873054849360308,1.6993011633153623,0.0005670656676912391
1.10931640625,0.0031430714993540996,1.6956714314810448,0.8604069127250724,-0.8321214472566183,0.8630357329732483,1.6951571802298666,0.0005142512511782091
1.1193554687499998,0.004270561883591046,1.6648263758204729,0.8461702339288188,-0.814385580008063,0.8498721193330925,1.6642576993411555,0.0005686764793174648
1.12939453125,0.0055796629479628705,1.607059971231612,0.8372658373715182,-0.7642144709121312,0.8422439728536126,1.6064584437657436,0.0006015274658684
1.1394335937499998,0.007727807751052342,1.5092097445145929,0.8260273554701559,-0.6754545812933845,0.8335179046576328,1.5089724859510174,0.00023725856357546652
1.14947265625,0.009195859337098803,1.3260198889540535,0.8014562256085689,-0.5153678040083859,0.8106520849456677,1.3260198889540535,0.0
1.15951171875,0.006206429892017509,1.082632758696217,0.7871677458526233,-0.28925858295157625,0.7933741757446408,1.082632758696217,0.0
1.16955078125,0.0027355892220054957,0.8136075675939645,0.8053457739133986,-0.005526204458560419,0.808081363135404,0.8136075675939645,0.0
1.17958984375,0.0006971468726754452,0.6381087293777413,0.9652974474788845,0.3278858649738185,0.9659945943515598,0.6381087293777413,0.0
1.1896289062499998,2.7179353290421604,3.2997857619410857,1.285345071975633,0.7034946390767075,1.2909752733653979,0.5874806342886902,0.0
1.19966796875,2.556153320263475,3.190997894578018,1.7491276465904875,1.1142830722759445,1.7534133182492744,0.6391302459733299,0.0
1.2097070312499998,2.4259037739458216,3.2188438226139278,2.3466432870872342,1.5537032384191276,2.3493911138613095,0.7956878754421817,0.0
1.21974609375,2.401271499845479,3.397600823751926,3.0120132259890946,2.015683902082648,3.0132017424919337,0.9975178404092857,0.0
1.2297851562499997,3.225820353133995,4.375231712591793,3.51763881479397,2.3682274553361724,3.5184008432091574,1.150173387872985,0.0
1.23982421875,4.285228808715935,5.4589306829993,3.6213579140585805,2.4476560397752176,3.6223625482894484,1.1747065085142308,0.0005619192985195068
1.2498632812500001,5.224451995502183,6.31169660757169,3.3749141947687216,2.2876695826992144,3.3772434923579993,1.0895739096587849,0.001085117747667842
1.2599023437499999,6.061687281982077,7.026004840348389,2.8855660975132804,1.9212485391469687,2.890160249825581,0.9689117106786121,0.0015435060663378697
1.26994140625,0.0035235555970336008,0.8897267693299802,2.265307287915082,1.379104074182135,2.265307287915082,0.8862032137329465,0.0
1.2799804687499998,0.03658652585964647,1.4053778083769766,2.058498998083351,0.6897077155660204,2.0824528480367532,1.3927451324707332,0.012632675906243833
