s,l,rest_energy_residual,rest_force_residual,energy_term_scale,force_term_scale,endpoint_rest_power,endpoint_rest_force
0.00501953125,-2.0875000000000004,1.0839026920310447e-06,2.9882136743258518e-05,0.0011607232483235917,0.012202321682765785,-2.95618115751959e-06,-3.744014048350576e-05
0.00501953125,-2.0125,3.2754137815152492e-06,-1.3257744481512192e-05,0.0005941798465718868,0.006596298964207768,-3.7976523458907205e-05,-0.0005679831984196962
0.00501953125,-1.9125,6.841231572572675e-06,1.1356356681305516e-05,0.00014920969592134353,0.0028509272443875662,5.899804029621839e-06,-0.00018744882453496437
0.00501953125,-1.8125,3.2192079963009705e-06,6.048578256615615e-08,2.9039103684277738e-05,0.0013472464185093483,1.0219085855394007e-05,-5.4314102332470834e-05
0.00501953125,-1.6125,8.123880700321438e-07,1.0888405022784988e-07,3.564468831904845e-05,0.0002375626959208159,5.281217182848279e-06,7.619583929538454e-06
0.00501953125,-1.5125,4.93482184130374e-07,-9.82088518785469e-08,1.0228089677386396e-05,0.00011774916187070034,3.191066843592752e-06,7.246263858939217e-06
0.00501953125,-1.4125,3.3201721440747694e-07,-1.524513318813787e-08,3.538361948902311e-06,6.307153366039049e-05,1.9351895880392918e-06,4.159471689037826e-06
0.00501953125,-1.2125000000000001,1.8733908029358176e-07,-7.072163233382496e-09,4.107577978924909e-06,2.3725365622425247e-05,7.328597323385797e-07,-9.522208958821702e-07
0.00501953125,-1.1125,1.3049473647867465e-08,-8.128605874917217e-09,2.855325593633382e-06,1.7344175366801208e-05,1.0773526368878852e-07,1.4175113066119525e-07
0.00501953125,-1.0125000000000002,-9.15716390821806e-09,-8.977612676923186e-09,1.951874420613221e-06,7.151198540579107e-06,-2.4784088182588282e-08,-3.578347156031437e-08
0.00501953125,-0.8125,-3.305030327568635e-08,-1.7971912439344064e-08,2.854469324489611e-05,2.6959429862723492e-06,-1.6360055497752257e-09,-2.1870507699319095e-09
0.00501953125,-0.7125,9.156945133290679e-08,-1.0159139347405732e-08,3.3400844038831095e-05,5.545728282858161e-06,4.921731548979603e-10,6.499904859261382e-10
0.00501953125,-0.6125,3.377299476722336e-07,-9.177377760726408e-08,3.10508506730295e-05,1.2263034357551585e-05,-1.6106002053963407e-10,-2.336704736778498e-10
0.00501953125,-0.5125,4.77467772114951e-07,1.0551678913265352e-06,1.0275599181783709e-05,3.559478858002412e-05,6.540952121460493e-11,1.0262160114273179e-10
0.08533203125,-2.0875000000000004,4.392464170525924e-06,3.297322470138548e-05,0.001084009954570352,0.012773686796721228,-5.637447356481584e-06,-4.09279370984041e-05
0.08533203125,-2.0125,4.792239485138755e-06,-1.4173985447171459e-05,0.0008120269574631912,0.006995534880396517,-0.00013535819173720717,-0.0006309416310443471
0.08533203125,-1.9125,4.983627202285781e-06,1.2101353518506918e-05,0.00041181339135385175,0.0030570731495129914,-9.965073453863292e-05,-0.00022134378930026814
0.08533203125,-1.8125,2.277998215154556e-06,-1.45698554518263e-09,0.00012873484231814162,0.0014473961561732311,-4.349039022604774e-05,-6.899324291237885e-05
0.08533203125,-1.6125,5.698859060272071e-07,8.89571398324944e-08,5.890689822838535e-05,0.00026264247662038644,-9.34707547173134e-06,5.7385369559978324e-06
0.08533203125,-1.5125,3.8912295362285885e-07,-1.1492412165891678e-07,2.1645996670812067e-05,0.0001291087325771644,-5.31751226903267e-06,6.5645452064579664e-06
0.08533203125,-1.4125,2.605047913432992e-07,-2.2850690393149017e-08,9.399869132940732e-06,6.87259186236626e-05,-3.5349399245951595e-06,3.7291310315245616e-06
0.08533203125,-1.2125000000000001,8.441092719512586e-08,-2.9982383622721904e-08,1.1421542557581554e-05,2.7790692536283477e-05,-2.3400393532980255e-06,-1.6669455188777275e-06
0.08533203125,-1.1125,1.986363171725254e-08,6.409802040565333e-09,1.8821828719233847e-06,2.0057404941180493e-05,-1.4159577435473355e-07,3.4883132773650667e-07
0.08533203125,-1.0125000000000002,-4.484156447251874e-09,-1.464708965282304e-08,9.030502157558837e-08,7.987360121420431e-06,3.117967145648796e-08,-8.380827474506812e-08
0.08533203125,-0.8125,-2.7468498227543958e-08,3.879633444030829e-08,9.18585717892803e-06,3.450949065411152e-07,2.032140843760907e-09,-5.0020894830922855e-09
0.08533203125,-0.7125,-6.004033231915069e-09,-3.027216862363966e-08,5.356921310580624e-06,4.0446969578930915e-06,-5.725299328305518e-10,1.2943038707713137e-09
0.08533203125,-0.6125,1.7165689344064932e-08,1.055989288078963e-07,6.261840062324729e-06,2.0756623082070766e-06,1.6263807847474194e-10,-3.821424663220616e-10
0.08533203125,-0.5125,4.7360520731329195e-08,-2.480360805453475e-08,1.3572140190891289e-06,4.4422647513324456e-06,-3.791603703972941e-11,1.4397873201622413e-10
0.16564453125,-2.0875000000000004,4.7041224744639915e-06,3.9629853202479644e-05,0.002463111850024423,0.013584868889631632,-8.643878942040135e-06,-4.893285364715857e-05
0.16564453125,-2.0125,-3.3181583524994826e-06,-1.647924921947788e-05,0.0016268123972117184,0.007600147836859642,-0.00018718285849696537,-0.0007588253483471725
0.16564453125,-1.9125,-4.414594137952351e-06,1.3967989374734866e-05,0.0006886690124763323,0.00338819090337281,-0.00012463751237248518,-0.000275240345971409
0.16564453125,-1.8125,-2.857690572743428e-06,-1.230855703107912e-07,0.00018713585383042284,0.0016060607486480711,-5.4650687527760466e-05,-9.315198759179371e-05
0.16564453125,-1.6125,-1.0278187263765617e-06,4.476419339436745e-08,0.00011830246266727795,0.0003038418393048087,-1.256765196723286e-05,1.669900465171632e-06
0.16564453125,-1.5125,-4.6723457156628747e-07,-1.441456690956787e-07,4.0656245617558354e-05,0.00014715284203707042,-7.487275465126912e-06,4.608698030646837e-06
0.16564453125,-1.4125,-2.51611704878888e-07,-3.985030830538928e-08,1.5088289045820656e-05,7.753868851610824e-05,-5.116843485976392e-06,2.451072094405021e-06
0.16564453125,-1.2125000000000001,-2.2980679976592877e-07,-8.685293843955588e-08,1.7487259304014476e-05,3.519860741818869e-05,-3.170966203813568e-06,-2.515582208571152e-06
0.16564453125,-1.1125,-1.0904492548247364e-10,5.7692862475003995e-08,2.6438722252774784e-06,2.5609131432507535e-05,-6.624064852598956e-08,1.4475716375939874e-06
0.16564453125,-1.0125000000000002,-3.1054403785120117e-09,-4.1800568851477944e-08,2.600805505036336e-07,9.286361983980451e-06,1.3491354676572689e-08,-3.363902500554445e-07
0.16564453125,-0.8125,-1.1861329644509777e-08,-2.158132976981673e-08,3.859090740542039e-06,4.491639320583748e-07,9.107735413003102e-10,-2.0637328390111665e-08
0.16564453125,-0.7125,-1.904681145111432e-08,3.813528011645687e-08,4.75123471888519e-06,7.506681480617977e-07,-2.38641885239659e-10,5.153973143683648e-09
0.16564453125,-0.6125,2.364447148597196e-10,-4.897673688261876e-08,2.1990132087952696e-07,3.094987838379178e-06,8.131053816971439e-11,-1.3983671364876349e-09
0.16564453125,-0.5125,3.885774890303195e-09,3.51007142603244e-08,1.345385651777682e-06,1.8497854855166402e-07,-1.0236404721926324e-11,4.366636181013393e-10
0.24595703124999999,-2.0875000000000004,2.30086230908979e-06,4.628045135329933e-05,0.004259672528635897,0.014888186259147824,-1.1391472482012678e-05,-5.685118508530671e-05
0.24595703124999999,-2.0125,-1.2485062746435999e-05,-1.8974275641858464e-05,0.002457027960650464,0.008509891567863012,-0.0001694914043277548,-0.00087859564088242
0.24595703124999999,-1.9125,-9.09013154992105e-06,1.5943633617770125e-05,0.0007464964040855669,0.0038321552150569517,-3.7984420802842245e-05,-0.0003145409615550065
0.24595703124999999,-1.8125,-5.829747973965467e-06,-2.922562929150141e-07,0.00012552685170841898,0.001808051170332286,-4.748157931179872e-06,-0.0001087736137617078
0.24595703124999999,-1.6125,-2.2290897476827993e-06,-3.6648910508657715e-08,0.00017057631511171605,0.00037758957784479085,2.3180103357335496e-06,6.866181723501411e-07
0.24595703124999999,-1.5125,-1.0736628556407815e-06,-1.9236817026820978e-07,4.8530897125877083e-05,0.00017889882630696142,8.753304588371481e-07,4.5787586988035175e-06
0.24595703124999999,-1.4125,-5.901602180945974e-07,-6.067453677387354e-08,9.138679682254404e-06,9.26857399834316e-05,3.674011173792699e-08,2.3655634542240237e-06
0.24595703124999999,-1.2125000000000001,-4.104651585897066e-07,-1.376379244139516e-07,2.1809311569503617e-05,4.5831025740469186e-05,-1.9138348342531056e-07,-2.9980648412568144e-06
0.24595703124999999,-1.1125,-5.6484489086956904e-08,9.725222712569813e-08,1.0269176323399892e-05,3.29207109736506e-05,3.3468949115152466e-07,2.4514043551065175e-06
0.24595703124999999,-1.0125000000000002,-2.5383147142161034e-08,-6.72560069562918e-08,6.419269844092117e-06,1.1419253418863346e-05,-7.826905133592874e-08,-5.685197481941861e-07
0.24595703124999999,-0.8125,-5.076089340132923e-09,-2.3928822934914374e-08,1.4527748391560616e-06,1.0402160921999522e-06,-5.0167066204709065e-09,-3.52594908681574e-08
0.24595703124999999,-0.7125,-9.495966982652076e-09,-1.1821222487744545e-08,2.679309580703824e-06,1.1510368144371156e-06,1.3296800738853546e-09,8.860123645734595e-09
0.24595703124999999,-0.6125,-1.1973873860545078e-08,-4.941256964686039e-09,2.372419257873096e-06,6.186286082224682e-07,-3.53565065502038e-10,-2.2513721285111585e-09
0.24595703124999999,-0.5125,-2.4724372139041833e-10,-1.4144327230554852e-08,4.2181590108681886e-08,9.504177875170248e-07,9.104774444805816e-11,6.340387522190558e-10
0.32626953124999997,-2.0875000000000004,1.4201494145576357e-06,5.1025034337906034e-05,0.005284934030778337,0.016707168572279295,-1.4793394327627541e-05,-6.207289468994465e-05
0.32626953124999997,-2.0125,-1.2963217700156734e-05,-2.0812011635016562e-05,0.002921638404581018,0.009727945935300273,-0.00015919161264482318,-0.0009562582555171666
0.32626953124999997,-1.9125,-1.8475146026188337e-06,1.7354951158998864e-05,0.0008046184356915585,0.004372652830146326,5.3605420696605827e-05,-0.00033182747457660233
0.32626953124999997,-1.8125,-2.579656743885771e-06,-4.752395044676773e-07,0.0001458625742962714,0.0020476481105524496,5.113774713957528e-05,-0.0001110966532069716
0.32626953124999997,-1.6125,-1.696635220768268e-06,-1.5202795688114436e-07,0.00023826651149906213,0.0004922665738463994,2.106397172273285e-05,4.9934084258127805e-06
0.32626953124999997,-1.5125,-7.047538810867117e-07,-2.626722906372579e-07,6.861191537830963e-05,0.0002283116193890527,1.2160230079150485e-05,8.011827192998311e-06
0.32626953124999997,-1.4125,-2.685935680908343e-07,-7.558572240864671e-08,1.4369840693978566e-05,0.00011603375201125281,7.050623575125395e-06,4.506875142254172e-06
0.32626953124999997,-1.2125000000000001,-1.5936148659551396e-07,-1.4630391899878857e-07,3.139387890328698e-05,6.091766818100732e-05,3.3632667399272645e-06,-3.205568559620702e-06
0.32626953124999997,-1.1125,-9.397079702293149e-08,7.997743018423751e-08,1.8530026029382938e-05,4.1487928079848105e-05,7.399691270844921e-07,2.3257631717611435e-06
0.32626953124999997,-1.0125000000000002,-6.286125893592599e-08,-6.842000008850025e-08,1.2691633466816753e-05,1.5046153214922066e-05,-1.7164068192769796e-07,-5.425174182204281e-07
0.32626953124999997,-0.8125,-2.595248720619861e-10,-2.745673311629107e-08,8.268380641497041e-08,1.451613024655795e-06,-1.1103373073636952e-08,-3.384514490697981e-08
0.32626953124999997,-0.7125,-2.734696997499934e-09,-9.445440726741342e-09,7.55243787207675e-07,2.1497526613522385e-06,2.925480035815278e-09,8.560292255393279e-09
0.32626953124999997,-0.6125,-9.50865566638431e-09,1.5318847010338696e-08,2.1796998978535835e-06,4.943738955036519e-08,-7.788792103901961e-10,-2.1717826882913992e-09
0.32626953124999997,-0.5125,-7.407981782404754e-09,-4.877133653818659e-09,1.5583571569699779e-06,3.0554214063702495e-07,2.0534898481207855e-10,5.623243257584294e-10
0.40658203125,-2.0875000000000004,5.483103780699646e-06,5.6867097425995165e-05,0.005748731930140713,0.01889152734406449,-2.104709001762657e-05,-6.830603956526618e-05
0.40658203125,-2.0125,-7.141832358674503e-06,-2.2998858402615684e-05,0.003434468888318558,0.011235649829487918,-0.0002657119236363521,-0.0010550830255901529
0.40658203125,-1.9125,8.507575417792597e-06,1.8921278585774597e-05,0.000957370074139421,0.005053004343517293,1.0254607251915533e-05,-0.0003601002033516496
0.40658203125,-1.8125,2.4821026669766053e-06,-7.301840236419463e-07,0.00018205763328556953,0.0023565836991793414,3.718082535877686e-05,-0.00011599776856642118
0.40658203125,-1.6125,-5.966713254390085e-07,-3.309583766019297e-07,0.00030797853890156626,0.0006532616237807114,2.1327396194920165e-05,1.1102648552323531e-05
0.40658203125,-1.5125,2.6571499850934234e-07,-3.512479405552548e-07,8.9493141858543e-05,0.0002977049527552403,1.2313299077800832e-05,1.308771381585405e-05
0.40658203125,-1.4125,3.5305334488297526e-07,-1.0854355371180742e-07,1.7907099188914674e-05,0.0001484274863251312,7.038779199815517e-06,7.52825450332441e-06
0.40658203125,-1.2125000000000001,8.548554138752122e-08,-1.6417718789515982e-07,3.950082140795259e-05,8.333450843494725e-05,2.033593626264018e-06,-4.260460793104168e-06
0.40658203125,-1.1125,-7.853264367140549e-08,4.397865656195406e-08,2.0900658253848198e-05,5.348187656341296e-05,8.891969885568028e-07,1.6478275300008475e-06
0.40658203125,-1.0125000000000002,-8.228941071229058e-08,-6.08745706876112e-08,1.2670954034564996e-05,2.0534834369531074e-05,-2.0772517844996333e-07,-3.90803765376954e-07
0.40658203125,-0.8125,-9.539009584808449e-10,-3.340329126542604e-08,9.145861885941023e-08,1.9129775412568787e-06,-1.3303477900249655e-08,-2.44463530358411e-08
0.40658203125,-0.7125,-3.377071717839964e-09,-1.1076250867547703e-08,8.071982627669033e-07,3.0690721540568117e-06,3.451428150539865e-09,6.204686793152294e-09
0.40658203125,-0.6125,-8.848325519171188e-09,1.6899915425952956e-08,1.7329082816612336e-06,6.332643492867483e-07,-9.054537146689399e-10,-1.580962287096371e-09
0.40658203125,-0.5125,-1.3168515454990745e-08,1.2238424648928833e-08,2.3724411627789094e-06,4.3945706886462037e-07,2.3506813679701086e-10,4.069446974250564e-10
0.48689453124999993,-2.0875000000000004,1.2311532271587752e-05,6.89983556820638e-05,0.007181232011695692,0.021474906484604057,-3.164519181186552e-05,-8.23021603756571e-05
0.48689453124999993,-2.0125,-7.802101798112587e-06,-2.7674817689168213e-05,0.004843713197796721,0.013162191628534933,-0.0005031627370458117,-0.0012722948499497774
0.48689453124999993,-1.9125,8.241220014370632e-06,2.241593913042037e-05,0.0017088477506061218,0.005997700089974543,-0.00016445685480828736,-0.0004278364382178728
0.48689453124999993,-1.8125,1.8512083494602564e-06,-1.1430255772367794e-06,0.00035967169884225283,0.002797392755536165,-4.736886896686081e-05,-0.0001380140043593172
0.48689453124999993,-1.6125,-1.297836149924923e-06,-5.904452769404408e-07,0.000428837543904278,0.000880527083326088,-8.620940783052754e-08,1.4210239771384648e-05
0.48689453124999993,-1.5125,-3.8128749975630675e-07,-5.458914060090828e-07,0.00012191031167000273,0.00039435635187784094,-1.6935350748119987e-07,1.5991969265185298e-05
0.48689453124999993,-1.4125,3.6183875521373246e-07,-1.3907085871009319e-07,2.888848429043058e-05,0.00019420719512784054,-2.3379219914535234e-06,9.775341507588847e-06
0.48689453124999993,-1.2125000000000001,-2.397531388401672e-07,-2.5894054949614033e-07,5.859626131973693e-05,0.00011831538462320662,-3.987073195057735e-06,-6.603869540033883e-06
0.48689453124999993,-1.1125,-3.508779376170567e-08,6.082116379058053e-08,1.855864803791781e-05,7.34143335520163e-05,1.1809781261675332e-06,2.0612738189953113e-06
0.48689453124999993,-1.0125000000000002,-7.356636439852942e-08,-8.31790263827113e-08,7.1952774330752734e-06,2.831816360917347e-05,-2.784064064413805e-07,-4.929143586203521e-07
0.48689453124999993,-0.8125,-1.997149844771975e-09,-4.4902981306410766e-08,1.560274301501584e-07,2.6086662826532517e-06,-1.7461794730602444e-08,-3.095947460759961e-08
0.48689453124999993,-0.7125,-5.736554155231678e-09,-1.4538137052701152e-08,1.1895796551017763e-06,4.271351763475524e-06,4.43336728663865e-09,7.863755900104432e-09
0.48689453124999993,-0.6125,-1.2755199275551237e-08,2.1894479176036877e-08,2.1940794363783377e-06,1.1126064780986958e-06,-1.1295999919953342e-09,-2.0155510788620704e-09
0.48689453124999993,-0.5125,-1.5571056284856716e-08,3.260762474118868e-09,2.586780605871964e-06,3.35980098354857e-07,2.965733149563992e-10,5.162718831221496e-10
0.55716796875,-2.0875000000000004,1.6404560647465838e-05,8.593152200296039e-05,0.009838758091059273,0.024344135263902885,-4.378353000425769e-05,-0.00010256993007856177
0.55716796875,-2.0125,-2.0815847496022345e-05,-3.455060058837585e-05,0.006899412597017637,0.015419212861129602,-0.0007292438281093878,-0.0015710843908166854
0.55716796875,-1.9125,-1.9261546833660727e-06,2.7888115345076807e-05,0.0025716104101359484,0.007153900753902205,-0.0002860001437899744,-0.000502409686072967
0.55716796875,-1.8125,-4.6019676184753e-06,-1.6977553215544552e-06,0.0005912335181836153,0.0033362995914284874,-0.00010347940594446605,-0.00016240346854988212
0.55716796875,-1.6125,-4.5358634195679945e-06,-1.0777808832663867e-06,0.0006488896243575737,0.001175252877760614,-1.5972965179571576e-05,1.745635372340853e-05
0.55716796875,-1.5125,-3.5653545038166325e-07,-6.043634469897239e-07,0.00017497213346270017,0.0005190340036019215,-5.697701578510256e-06,2.035113168402138e-05
0.55716796875,-1.4125,-1.865159787850804e-07,-3.097440468681867e-07,5.27918325013624e-05,0.00024696705395452293,-1.0652811409557756e-05,8.639811070383403e-06
0.55716796875,-1.2125000000000001,-7.738990853652894e-07,-3.8455546661342795e-07,8.965576590609852e-05,0.00016556699352800416,-7.761678734183632e-06,-8.299236743425138e-06
0.55716796875,-1.1125,-1.9085790562628237e-08,1.0512689051453142e-07,2.310200654210708e-05,0.00010077191105642774,2.1606778055747336e-06,3.6802619786691985e-06
0.55716796875,-1.0125000000000002,-1.0003734539999615e-07,-1.3369937868353463e-07,7.116595134480125e-06,3.8117997301607204e-05,-5.094566631012171e-07,-8.752516077759045e-07
0.55716796875,-0.8125,-3.627560849068151e-09,-6.132518546210867e-08,2.5161488656437054e-07,3.538811862897365e-06,-3.2048783970261516e-08,-5.5399865919884735e-08
0.55716796875,-0.7125,-9.30652972251011e-09,-1.9205650382264104e-08,1.757514132702927e-06,5.7986138717944575e-06,8.187280495147738e-09,1.4060336280319823e-08
0.55716796875,-0.6125,-1.9927039278226923e-08,2.915857748749201e-08,3.1328059875870973e-06,1.5911664922097043e-06,-2.0531636772790678e-09,-3.6628779040477312e-09
0.55716796875,-0.5125,-2.274642445636739e-08,4.8555931566130955e-09,3.5001883434717983e-06,3.6666561529324e-07,5.72151957928202e-10,8.991261282925942e-10
0.63748046875,-2.0875000000000004,1.7797847797541642e-05,0.00010833742969051309,0.01337962369957597,0.02861140766178048,-5.881209609541491e-05,-0.00012948782418021397
0.63748046875,-2.0125,-4.442285367036163e-05,-4.399188378552453e-05,0.009294591916225383,0.018845813808265683,-0.0009029410425452872,-0.0019495681702009775
0.63748046875,-1.9125,-1.255754687644507e-05,3.591083011180113e-05,0.003187124658774614,0.008907690930873137,-0.00024211932274708557,-0.0005589099894283788
0.63748046875,-1.8125,-1.2032081542795807e-05,-2.448629358337202e-06,0.00064024327349297,0.0041471898324466705,-5.960232700491067e-05,-0.00017256799602216307
0.63748046875,-1.6125,-8.165829919153984e-06,-1.6375645692971818e-06,0.0009577127848816523,0.001679529166073504,2.9952810976638204e-06,2.4882709262135104e-05
0.63748046875,-1.5125,-4.482575457734482e-06,-1.0781114045597308e-06,0.00035816601535476264,0.000731726998830814,-2.0939455020015397e-05,2.3653157787933224e-05
0.63748046875,-1.4125,-1.3974450412430038e-06,-3.6251479251802725e-07,8.539207632818406e-05,0.00034640015446794713,-1.0973383326324409e-05,1.1240603000435185e-05
0.63748046875,-1.2125000000000001,-1.7137398169242159e-06,-5.614094570145239e-07,0.00013060646881229103,0.0002491239453993034,-8.38189402161056e-06,-8.723709490402167e-06
0.63748046875,-1.1125,-2.31259183781293e-08,1.7451066365351124e-07,3.299048340781749e-05,0.00014900622615758322,3.9928537384394534e-06,7.15861534061061e-06
0.63748046875,-1.0125000000000002,-1.5114243958323753e-07,-2.3157674438940302e-07,8.384759892397886e-06,5.4932201667421717e-05,-9.43159489327547e-07,-1.6946376115393287e-06
0.63748046875,-0.8125,-2.026987023667436e-07,-9.15828148495822e-08,2.9127219317469287e-05,5.2518428789255895e-06,-6.031417560277108e-08,-1.0771993086941185e-07
0.63748046875,-0.7125,-2.3524458929167244e-07,-2.7978060779783448e-08,3.4518051436653247e-05,8.60652070902884e-06,1.511156120123261e-08,2.7912834629056777e-08
0.63748046875,-0.6125,-2.758245860640987e-07,4.205252421956446e-08,3.962800652338104e-05,2.4400401074828417e-06,-4.188365029259843e-09,-6.864145946292353e-09
0.63748046875,-0.5125,-2.9736762430192826e-07,7.644579139708436e-09,4.2296012515080236e-05,5.551188493748612e-07,8.224325582934796e-10,2.0804236067526393e-09
0.71779296875,-2.0875000000000004,2.2859582477617753e-05,0.00012831871006800257,0.015278944257477152,0.03383072290931058,-7.48785515091798e-05,-0.00015241817117642227
0.71779296875,-2.0125,-5.884079904549047e-05,-5.2151921249191796e-05,0.010674941408819085,0.023128899062106276,-0.0010466179677360347,-0.002274462955406009
0.71779296875,-1.9125,-5.614023852243535e-06,4.3392553253584175e-05,0.003265091213332035,0.011095288270314866,-0.00010057648345645958,-0.0005861293494582977
0.71779296875,-1.8125,-1.133279488138976e-05,-3.3659416297535734e-06,0.0006222099389867658,0.005175203239635145,4.9967636615292645e-05,-0.0001622631572147755
0.71779296875,-1.6125,-1.2560911601445069e-05,-2.580331398156522e-06,0.0013539500762101062,0.0024388957231492162,4.322602545941773e-05,4.2788977679908234e-05
0.71779296875,-1.5125,-4.347054170499336e-06,-1.6735039943222184e-06,0.0003597710974482605,0.0010561419436495739,4.8590437194792075e-05,3.4528825434941114e-05
0.71779296875,-1.4125,-1.894361403443964e-06,-4.84890554565934e-07,7.46755003661091e-05,0.0004975418880701425,7.817400085559732e-06,1.7450329370309913e-05
0.71779296875,-1.2125000000000001,-2.599493925035789e-06,-8.350425506886102e-07,0.0002175722306520369,0.0003829687889907326,1.945545952041495e-06,-8.852703791751936e-06
0.71779296875,-1.1125,-4.3564556757189767e-07,2.392806119301479e-07,9.328422632540091e-05,0.00022448211298797005,6.70063500030808e-06,1.1627545076356264e-05
0.71779296875,-1.0125000000000002,-4.941535368810507e-07,-3.653177917041351e-07,4.978423630869556e-05,8.222487308085667e-05,-1.5842033416714648e-06,-2.7603888671202874e-06
0.71779296875,-0.8125,-9.249994990840877e-09,-1.370010376947633e-07,6.444049684773512e-07,7.866424651749663e-06,-1.0105223374698285e-07,-1.7854696587284813e-07
0.71779296875,-0.7125,-2.9377823052644064e-08,-4.2094924349834914e-08,4.581460749324311e-06,1.2922786042303276e-05,2.796642934054556e-08,4.38991653522008e-08
0.71779296875,-0.6125,-6.073506396764389e-08,6.26361930469156e-08,8.164711930785774e-06,3.7121957142706276e-06,-5.627701229690613e-09,-1.3129346672550643e-08
0.71779296875,-0.5125,-6.72040889917661e-08,1.1467975262724194e-08,8.937209847644613e-06,8.324769310697326e-07,2.994595161851248e-09,1.7718757381336567e-09
0.79810546875,-2.0875000000000004,4.258172270872471e-05,0.0001463538272961128,0.014496984775952765,0.039612042873908855,-9.66829430107339e-05,-0.0001711566235578733
0.79810546875,-2.0125,-5.260078214401826e-05,-5.832754262342617e-05,0.011006487922413885,0.028126715207265163,-0.0013879912696332394,-0.002588112168330749
0.79810546875,-1.9125,1.9315196758719154e-05,4.9414312170906324e-05,0.0033338000921999704,0.01373664295824489,-0.00016147909872917982,-0.0006634634982491552
0.79810546875,-1.8125,-7.655146295545306e-07,-4.5464779340169815e-06,0.0006380874264005109,0.006476863602155236,6.19426305189438e-05,-0.00017124680351586198
0.79810546875,-1.6125,-1.2048555077366426e-05,-4.336753064490751e-06,0.001861034979282156,0.0035509728585048916,7.86676007400114e-05,7.08689723818859e-05
0.79810546875,-1.5125,-2.0881335003514674e-06,-1.7568101362413572e-06,0.0006276411291772457,0.0015451236191447407,1.2808128875904523e-05,6.0697558822674995e-05
0.79810546875,-1.4125,-5.012318098916028e-07,-1.227795349424586e-06,0.00013151739226712356,0.0007052636290561258,1.2926504549198995e-05,1.929923206577379e-05
0.79810546875,-1.2125000000000001,-2.0024924487818644e-06,-1.2154981883229068e-06,0.0002567789329599395,0.0005958931088593236,6.7018758937387405e-06,-1.0950001551503778e-05
0.79810546875,-1.1125,-3.113079295708832e-07,2.0189852587139975e-07,8.868775885221728e-05,0.0003385233012423632,8.912619511673905e-06,1.48205959138323e-05
0.79810546875,-1.0125000000000002,-3.901650870828762e-07,-4.960441397866016e-07,2.5165558535227726e-05,0.00012647102617716137,-2.139257708614518e-06,-3.5232088432788305e-06
0.79810546875,-0.8125,-2.3672172022097076e-07,-2.039520606853694e-07,2.9384275660414334e-05,1.1919157862218154e-05,-1.4693480532699767e-07,-2.1971259404424068e-07
0.79810546875,-0.7125,-2.9918640365853794e-07,-6.588040885527618e-08,3.87369153664756e-05,1.988098453648506e-05,2.8834121337800605e-08,6.630884572087955e-08
0.79810546875,-0.6125,-3.772923620123447e-07,9.65899169770713e-08,4.7447240534791935e-05,5.736023847968267e-06,-1.6159375530074773e-08,-8.110225065420985e-09
0.79810546875,-0.5125,-4.0721854852359235e-07,1.7928495533509296e-08,5.083658711641726e-05,1.3173706878658542e-06,-3.6753853522576197e-09,1.0465763597280409e-08
0.87841796875,-2.0875000000000004,7.625709768755383e-05,0.00017124220639655704,0.01432664540770552,0.045800194468172864,-0.00013230541961374662,-0.00019726426567141556
0.87841796875,-2.0125,-4.763010090372581e-05,-6.655127047515072e-05,0.012744152342261589,0.033960684372778036,-0.002100445792328344,-0.0030737619777012268
0.87841796875,-1.9125,3.7011147994255294e-05,5.7222226575058305e-05,0.004570555221583204,0.017037732203681172,-0.0005593048248527869,-0.00086205988694194
0.87841796875,-1.8125,3.369500171028104e-06,-6.025850759492257e-06,0.0010241233292731574,0.008185390800393426,-0.00011262476327034283,-0.0002398937144773573
0.87841796875,-1.6125,-1.726048462273761e-05,-6.145468638951853e-06,0.002525465040728028,0.0051197003294380546,4.1652595905429365e-05,8.398839857868705e-05
0.87841796875,-1.5125,-8.648750861955961e-06,-3.381073341118159e-06,0.0007019616853547139,0.0022374075410451417,6.585544442260966e-05,7.007896866653703e-05
0.87841796875,-1.4125,-8.945330362101239e-07,-1.2148535198692316e-06,0.0001472878461556098,0.001037391636653467,7.038927226077173e-06,3.0241998932782223e-05
0.87841796875,-1.2125000000000001,-3.1765795449463557e-06,-1.86276345146844e-06,0.0004388411682045745,0.0009325997110553516,-7.541592179875094e-06,-1.923035948985926e-05
0.87841796875,-1.1125,-5.674966082065726e-07,2.1148569741886553e-07,0.00014244056272285675,0.0005174131644610829,1.055430974471696e-05,1.9974524310545618e-05
0.87841796875,-1.0125000000000002,-5.565785898451931e-07,-7.283899099210175e-07,3.3704633460161165e-05,0.00019550816287298856,-2.469911442427219e-06,-4.859226942450673e-06
0.87841796875,-0.8125,-1.1884812751198148e-06,-3.208555646145395e-07,0.00014331774857840197,1.9029884143191267e-05,-1.2590908780706751e-07,-3.5076057505183976e-07
0.87841796875,-0.7125,-1.389889299965035e-06,-1.0906278051841282e-07,0.00016878427880189588,3.206243599747966e-05,7.766101477787604e-08,4.450154110961905e-08
0.87841796875,-0.6125,-1.6108213974351624e-06,1.5040306907840493e-07,0.00019269316901279735,9.52927676070776e-06,2.109036911158654e-08,-5.419607069768371e-08
0.87841796875,-0.5125,-1.7303667016699927e-06,2.875662377523866e-08,0.0002056696559399986,2.3550882761584557e-06,3.250410412933142e-08,-2.5265834594253735e-08
0.9587304687499999,-2.0875000000000004,0.00011622460066721793,0.00021094071701604084,0.01730268723381529,0.05272200555288313,-0.00018697501215449714,-0.00024252286988788336
0.9587304687499999,-2.0125,-8.078520876916634e-05,-8.223595669817072e-05,0.017149358658127837,0.04109518568983224,-0.0030713422651397816,-0.003849468073635997
0.9587304687499999,-1.9125,1.9472743439455267e-05,7.222097070982091e-05,0.006602064387085876,0.021322326474302,-0.0009366858642696394,-0.0011191211509170489
0.9587304687499999,-1.8125,-1.3650655698049167e-05,-7.656671770395152e-06,0.0015318425938020826,0.010465624922925557,-0.0002461980678768704,-0.00033224192502777773
0.9587304687499999,-1.6125,-2.8711017139975234e-05,-9.050302953757719e-06,0.0034783007400171224,0.007412916757419616,7.416076491651986e-05,0.00010690339305945746
0.9587304687499999,-1.5125,6.4508996514869415e-06,-3.6557418465019847e-06,0.0015757128814027738,0.003260586746682564,-0.0001146750793885126,8.957508072326479e-05
0.9587304687499999,-1.4125,1.0814924866485407e-06,-2.8243816362284976e-06,0.00035324671549050103,0.0014793902408476096,-3.634866270972117e-05,1.5736377732778778e-05
0.9587304687499999,-1.2125000000000001,-7.551237536600677e-06,-3.252982986775013e-06,0.0007791835018833166,0.00148235583628079,-3.1276812734800903e-05,-3.800436746342735e-05
0.9587304687499999,-1.1125,-1.3217967013769502e-06,5.942451621147916e-07,0.000237298132118666,0.000818036368593224,1.5802029920256487e-05,3.495429348574742e-05
0.9587304687499999,-1.0125000000000002,-8.261482622271386e-07,-1.264382928312817e-06,5.5824269199908085e-05,0.0003066985348814403,-4.120771736871388e-06,-8.143786938235709e-06
0.9587304687499999,-0.8125,-2.1001822761440874e-06,-5.193726105414437e-07,0.0002466766424434486,3.0502555471401e-05,-4.2258472205976484e-07,-3.7837819737065696e-07
0.9587304687499999,-0.7125,-2.4493318012828455e-06,-1.7479299275671728e-07,0.0002876342378251534,5.2567648841283775e-05,-8.561840229147474e-08,2.934085203906346e-07
0.9587304687499999,-0.6125,-2.8195804696866463e-06,2.426265977208089e-07,0.00032631791910434966,1.5753915267257583e-05,-1.572795805730918e-07,1.0596349594169212e-07
0.9587304687499999,-0.5125,-3.0162769013392932e-06,5.219574051093104e-08,0.00034650559237847444,4.557596005302034e-06,-1.24026413361058e-07,1.4081971118748214e-07
1.03904296875,-2.0875000000000004,0.0001643593546074448,0.0002603670027126429,0.021064895777932104,0.060481558118199774,-0.0002602416558068788,-0.000301541622443853
1.03904296875,-2.0125,-0.0001419530033681983,-0.00010449208334597712,0.02214982027877679,0.04972683922255142,-0.004095306390614669,-0.00479140420615819
1.03904296875,-1.9125,9.473748795913806e-06,9.446789630968315e-05,0.008152183363932346,0.02667863504585278,-0.0009165240038789258,-0.0013072398106591704
1.03904296875,-1.8125,-3.7002459983782816e-05,-9.377752183465878e-06,0.0019213508845735345,0.013390351262845723,-0.00015227017946877822,-0.00039499860490608727
1.03904296875,-1.6125,-2.9989397965894302e-05,-9.205404597848298e-06,0.0044809536876586975,0.010565412972497972,2.871144506796179e-05,8.394140574385398e-05
1.03904296875,-1.5125,-6.844446677974715e-05,-1.2378426437914632e-05,0.0011748552277589272,0.004627642404811543,0.0001584673092255344,5.676416648133378e-06
1.03904296875,-1.4125,-1.4276375757328658e-05,9.698874628797041e-07,0.00022307651896286306,0.002265255244153093,1.092284548078625e-06,5.0830987466473654e-05
1.03904296875,-1.2125000000000001,-1.5061575842886712e-05,-4.950141337748132e-06,0.0010959123089412555,0.0023657946394907946,-2.4134716222539026e-05,-6.81241424991257e-05
1.03904296875,-1.1125,-2.5090997883579514e-06,1.2171886724316596e-06,0.0003525395622747494,0.001298534747065467,3.58788349453944e-05,5.8673061213050076e-05
1.03904296875,-1.0125000000000002,-1.5266786101099168e-06,-2.173489038543626e-06,8.471583397474033e-05,0.0004859379729211526,-7.512915533331307e-06,-1.5224115750139388e-05
1.03904296875,-0.8125,-3.1558535781174543e-06,-8.531268458467491e-07,0.0003426839098974836,5.1824421811642246e-05,9.948192767017405e-08,-1.5787354294943315e-06
1.03904296875,-0.7125,-3.773857520800994e-06,-2.902180404143273e-07,0.0004165506161190389,8.753356654301544e-05,7.347389267248996e-07,-3.400593034784129e-07
1.03904296875,-0.6125,-4.440742469610975e-06,3.894650889748323e-07,0.00048603243260089446,2.7697889378950053e-05,5.082360971170346e-07,-6.084917272314293e-07
1.03904296875,-0.5125,-4.82530025645572e-06,8.747050623907555e-08,0.0005264594645726347,7.673932492511007e-06,5.10975987902648e-07,-4.867670138986092e-07
1.1193554687499998,-2.0875000000000004,0.00023956362454664984,0.00030244212562527883,0.019755868771277982,0.06883061578313979,-0.0003538805146621928,-0.00035006773426016777
1.1193554687499998,-2.0125,-0.0001992456835578334,-0.00012397053297306254,0.023228022125853925,0.059703790523660996,-0.005163029697959776,-0.005590744936878202
1.1193554687499998,-1.9125,9.400396624429871e-06,0.00011511478135589831,0.005710327824840291,0.033009822550901416,-0.00019018092429307727,-0.0014770128261925113
1.1193554687499998,-1.8125,-7.077376753831556e-05,-1.442279966535839e-05,0.0012001672113012016,0.017031628829361233,0.0005007796562327892,-0.0003585702308315336
1.1193554687499998,-1.6125,-9.8085744241948e-05,-3.111190243436661e-05,0.006077729335894536,0.015224595136454567,0.0001618132726245119,0.00010417450353360886
1.1193554687499998,-1.5125,5.0507383941022295e-05,4.745377282712785e-06,0.001152059414603634,0.007055244876331957,0.0006012833983371458,0.0002646562165441018
1.1193554687499998,-1.4125,2.253632062490258e-06,-1.3612381114108565e-05,0.0001434754541722646,0.003201955771843897,5.9206017936951554e-05,-0.00020965063778691825
1.1193554687499998,-1.2125000000000001,-2.187809769504831e-05,-8.736821925648059e-06,0.0016597370757007984,0.003765855269357004,3.846038876761059e-05,-0.00013053671785094958
1.1193554687499998,-1.1125,-4.361144553323528e-06,1.9195950806722983e-06,0.0006733263669973973,0.002048098942775412,8.203723730058711e-05,8.737018481491374e-05
1.1193554687499998,-1.0125000000000002,-2.4021286075947996e-06,-3.367500708256555e-06,0.000225633769167319,0.0007749554978656805,-2.4033586264682046e-05,-1.7564821595087106e-05
1.1193554687499998,-0.8125,-2.3197084446094497e-06,-1.413962711842483e-06,0.0003188162900960555,8.006280975276993e-05,-3.77703912196112e-06,9.195802869350588e-07
1.1193554687499998,-0.7125,-2.6643036079792015e-06,-5.177282472984133e-07,0.00035645482805060874,0.00014413045081643178,-1.8094136394365187e-06,2.4480627034403977e-06
1.1193554687499998,-0.6125,-3.0769753783333826e-06,6.07466666122497e-07,0.000390479539202015,4.459384444148716e-05,-2.101988138218516e-06,1.8678289216415276e-06
1.1193554687499998,-0.5125,-3.0570517318287644e-06,1.2642216017462425e-07,0.000381354209262602,1.731249077483901e-05,-1.8170431893497863e-06,1.8378123513582986e-06
1.19966796875,-2.0875000000000004,0.0003971045719690263,0.00031541682931524853,0.004886339534625479,0.07634159582967674,-0.0004896471568091484,-0.00035723292291593765
1.19966796875,-2.0125,-8.9681899300878e-05,-0.00012094703996222336,0.016525322952704462,0.06995098308767839,-0.007292202994863779,-0.005938957733779843
1.19966796875,-1.9125,0.00037507046753192054,0.00012104062973777798,0.0017922949505567768,0.03967522212603136,-0.0006657106776338729,-0.001787056490933283
1.19966796875,-1.8125,0.00020115564340057865,-7.019820701065736e-06,0.0008970839968122059,0.021202796770433366,-2.8758983304428914e-05,-0.0007374871136406813
1.19966796875,-1.6125,0.00011375122449003587,-4.599639307886836e-05,0.011968348829901288,0.021882111160408207,-0.0009610484042801424,0.00017879849796794995
1.19966796875,-1.5125,3.123096587620284e-06,1.9125853500956695e-05,0.0022026182577833506,0.010497969526288906,5.0665693863858965e-05,0.0005493263845027207
1.19966796875,-1.4125,-3.203255484437786e-05,-3.1716552827661245e-05,0.00044530665219611376,0.004752411555560427,0.0001551399415752018,-0.0005595510860374627
1.19966796875,-1.2125000000000001,1.106749368990468e-05,-1.6199642880875866e-05,0.0033693157857062356,0.005978251708101836,-0.0003432248323817657,-0.00031061007318806564
1.19966796875,-1.1125,5.23612448766165e-06,3.5490266124610034e-06,0.0009006024637963434,0.00323240663712914,0.00016301802314714698,0.00013332801909138816
1.19966796875,-1.0125000000000002,-1.2708557366143847e-05,-5.192367085939825e-06,0.0003473097394422094,0.0012383301763360356,-2.51927370263349e-05,-4.493597738500054e-05
1.19966796875,-0.8125,-3.829058945863353e-06,-2.1210073085377003e-06,0.00010143368855585294,0.00014913183612527234,5.564794619014897e-06,-9.654270739805725e-06
1.19966796875,-0.7125,-5.593523227640665e-06,-7.102393371820052e-07,0.0003809468711026282,0.00024751180704017005,7.804346643798698e-06,-6.095226748230008e-06
1.19966796875,-0.6125,-8.121243056646684e-06,1.1137955350023938e-06,0.000652722031704477,8.63905748479838e-05,6.508091649549385e-06,-6.458089376137072e-06
1.19966796875,-0.5125,-9.913646590131224e-06,3.222992291467994e-07,0.0008626260724790129,2.2669979542767516e-05,6.150878057559739e-06,-5.80659431101087e-06
1.2799804687499998,-2.0875000000000004,0.0006096800534537128,0.0003384034358432128,0.004066165520305336,0.08239246277420945,-0.0007202164467585671,-0.0003645651133548666
1.2799804687499998,-2.0125,-5.7804683867974244e-05,-0.00011462545552260849,0.027148153684306703,0.08059653927199784,-0.012217678109794534,-0.0070360320209699794
1.2799804687499998,-1.9125,0.0003784154956282433,0.00013034707873174102,0.012132068433267978,0.04777292822277826,-0.004573137144805389,-0.0036119612752672312
1.2799804687499998,-1.8125,-5.112891878160039e-05,-2.771356097807558e-05,0.0076428319138213295,0.02718854489897494,-0.002967661955244571,-0.0016928103746941749
1.2799804687499998,-1.6125,-0.0010032247373700576,-0.00015563008812028405,0.02300647361306706,0.03203744473778172,0.0008172246239165773,-0.0002656503016614668
1.2799804687499998,-1.5125,-0.0001432836664673132,0.00011517482426052009,0.008661939122949578,0.018564914488064122,0.00029191032301021465,0.0023780229082095566
1.2799804687499998,-1.4125,3.415263542595932e-05,-9.032673584295531e-05,0.002549967687497732,0.0070826344595294015,0.00030079290017965226,-0.0009037025615560208
1.2799804687499998,-1.2125000000000001,-0.0003776286656495132,-6.762375034776e-05,0.011641172776523242,0.009832878447650826,0.0003360929222436775,-0.0009418916898133653
1.2799804687499998,-1.1125,-7.749774048509636e-05,3.980163739033778e-05,0.007599696079619443,0.006341179317852793,0.00044523299787128283,0.0007864387593863036
1.2799804687499998,-1.0125000000000002,-3.215410645412533e-05,-2.334510418595514e-05,0.005630463525264451,0.002042644790793136,-0.00014444569719408872,-0.00016369075421331352
1.2799804687499998,-0.8125,-4.863478648814883e-06,-5.133379228149387e-06,0.0018772538301133838,0.00020815884931214192,-2.8777024000761376e-05,5.328462784796454e-06
1.2799804687499998,-0.7125,-1.5431028888007064e-06,-1.6514022051821411e-06,0.0013417613574963222,0.0003823277061294273,-1.7060917396398363e-05,1.9797319331350717e-05
1.2799804687499998,-0.6125,2.6737939201732116e-06,1.0826808729295343e-06,0.0007899868232411962,0.00011958860062161784,-1.8303893360968783e-05,1.4783373083420408e-05
1.2799804687499998,-0.5125,7.958483235930804e-06,-4.9422139501210636e-08,0.00012635374105922,6.788292396196743e-05,-1.6079409732613038e-05,1.487591304524903e-05
