arrangement,coupling,coordinate,pressure_derivative,lapse_term,angular_term,residual,relative_residual
inner,1.0,-1.5,-6.820086767704305e-07,4.349415238761291e-07,2.469991022073328e-07,-6.80506869685956e-11,-4.9892387368216764e-05
inner,1.0,-2.8,-0.00013924381622495077,-6.234944398294403e-05,0.0002015903029290791,-2.9572788157097157e-09,-7.334819883778439e-06
inner,1.0,-4.0,-2.7477585249189177e-05,-4.043378117966588e-09,2.7481628097107446e-05,-5.301996973514252e-13,-9.646438892983416e-09
inner,1.0,-5.5,-4.082869767451051e-06,-6.578029904274938e-16,4.082870211993792e-06,4.438849385374698e-13,5.4359426043332095e-08
inner,8.0,-1.5,-9.555176666027526e-07,5.992229947073088e-07,3.561470269812394e-07,-1.476449142043422e-10,-7.726509261063113e-05
inner,8.0,-2.8,-0.0002255855789138483,-0.0001010940214658267,0.0003266733018466476,-6.298533027386186e-09,-9.64032302592323e-06
inner,8.0,-4.0,-3.576611697412509e-05,-5.273972980082862e-09,3.5771385759484015e-05,-5.187621159193339e-12,-7.251076066656987e-08
inner,8.0,-5.5,-4.859710921666523e-06,-7.833255806741533e-16,4.85971136423681e-06,4.4178696074689827e-13,4.545403499465635e-08
inner,64.0,-1.5,-1.0106529680832601e-06,6.304846386055263e-07,3.7999708598066264e-07,-1.712434970712167e-10,-8.472641516288251e-05
inner,64.0,-2.8,-0.000251108762362501,-0.00011352151830412014,0.00036462268707723326,-7.593589387876794e-09,-1.0412833027433076e-05
inner,64.0,-4.0,-3.769905836047894e-05,-5.57498169226578e-09,3.7704626412424905e-05,-6.929746300442588e-12,-9.189516410841346e-08
inner,64.0,-5.5,-5.012950457751817e-06,-8.090700407001437e-16,5.012950889035575e-06,4.304746875055513e-13,4.293625805611485e-08
inner_pair,1.0,-1.5,4.765816371886398e-06,-6.550549336873565e-06,1.7845726005694399e-06,-1.603644177268112e-10,-1.2240681845865418e-05
inner_pair,1.0,-2.8,-0.00014002875170867788,-6.270382262353896e-05,0.00020272961101436147,-2.9633178553665172e-09,-7.308493769483218e-06
inner_pair,1.0,-4.0,-2.7711748624343166e-05,-4.076278544038886e-09,2.7715824411807685e-05,-4.910795213400668e-13,-8.859190145184476e-09
inner_pair,1.0,-5.5,-4.120424933853134e-06,-6.635816281792202e-16,4.120425383310425e-06,4.4879370876614415e-13,5.4459636015386005e-08
inner_pair,8.0,-1.5,5.752103006538191e-06,-7.82946405043614e-06,2.0771053366644104e-06,-2.5570723353859884e-10,-1.633007110120515e-05
inner_pair,8.0,-2.8,-0.00022560547043072671,-0.00010110231340373728,0.0003267014851356181,-6.298698845916967e-09,-9.63974517203454e-06
inner_pair,8.0,-4.0,-3.577141593677315e-05,-5.2746957091071864e-09,3.577668544562313e-05,-5.1868591276964075e-12,-7.248936964252527e-08
inner_pair,8.0,-5.5,-4.86052051247028e-06,-7.834478969576418e-16,4.860520955141841e-06,4.418881134214594e-13,4.5456869498818407e-08
inner_pair,64.0,-1.5,5.916273747122544e-06,-8.04772762305522e-06,2.131172029055926e-06,-2.8184687675006525e-10,-1.751126687230871e-05
inner_pair,64.0,-2.8,-0.00025110909702298113,-0.00011352165581863246,0.0003646231592493868,-7.593592226805973e-09,-1.0412823436260705e-05
inner_pair,64.0,-4.0,-3.76991456814373e-05,-5.574993542424954e-09,3.770471374524669e-05,-6.929733032518502e-12,-9.189477531288579e-08
inner_pair,64.0,-5.5,-5.0129636888271375e-06,-8.090720338731788e-16,5.012964120112787e-06,4.3047657723605665e-13,4.293633321571201e-08
spanning_pair,1.0,-1.5,1.4375002436740802e-06,-2.500654808218858e-06,1.0630943836780097e-06,-6.018086676815948e-11,-1.203316642040054e-05
spanning_pair,1.0,-2.8,-3.137581569499181e-05,-2.455405273317759e-05,5.5929728187586184e-05,-1.4024058321148326e-10,-1.2537197295035675e-06
spanning_pair,1.0,-4.0,-4.021913953706056e-05,-9.096244728149047e-09,4.022833681060833e-05,1.010288196214037e-10,1.2556938030809268e-06
spanning_pair,1.0,-5.5,-0.0003744994871405845,-8.670558854751685e-14,0.0003745159073403889,1.6420113098803823e-08,2.192226383849063e-05
spanning_pair,8.0,-1.5,1.4837837891042336e-06,-2.587769904709397e-06,1.1039196266621553e-06,-6.64889430081251e-11,-1.2846929911719207e-05
spanning_pair,8.0,-2.8,-3.7470421082598937e-05,-3.172262488500147e-05,6.919291569771803e-05,-1.3026988237858483e-10,-9.413518597618879e-07
spanning_pair,8.0,-4.0,-6.847506618200341e-05,-1.5957591783581254e-08,6.84912788126401e-05,2.550388531006448e-10,1.8618379767687987e-06
spanning_pair,8.0,-5.5,-0.0010774781695774007,-2.4758657447887783e-13,0.0010775403958558872,6.222603089983507e-08,2.8874939590218735e-05
spanning_pair,64.0,-1.5,1.491318468431141e-06,-2.600964414310537e-06,1.1095785500766866e-06,-6.7395802709619e-11,-1.2956093425407528e-05
spanning_pair,64.0,-2.8,-3.8874272995108935e-05,-3.3388123408330856e-05,7.226227087599685e-05,-1.2552744294588945e-10,-8.685537583918715e-07
spanning_pair,64.0,-4.0,-7.712884837319549e-05,-1.8017710530780203e-08,7.714718690315129e-05,3.208194250217027e-10,2.079272783436364e-06
spanning_pair,64.0,-5.5,-0.0014647829444899285,-3.3508125042868114e-13,0.0014648819925974059,9.904777239599753e-08,3.3808566683104026e-05
outer,1.0,-1.5,4.544702824496572e-09,-7.365444472566358e-09,2.8206756253548064e-09,-6.602271497885886e-14,-4.481943427504232e-06
outer,1.0,-2.8,-8.921905210566484e-06,-1.0034005219106164e-05,1.895591398335844e-05,3.5536857914090104e-12,9.373555207191597e-08
outer,1.0,-4.0,-2.9766745180462288e-05,-7.287859283187015e-09,2.9774132011199166e-05,9.897145368946187e-11,1.6620403601822125e-06
outer,1.0,-5.5,-0.00037229882945788255,-8.626958244703417e-14,0.00037231524936120195,1.641981704981121e-08,2.2051445863002934e-05
outer,8.0,-1.5,4.343685019595842e-09,-8.015891681112213e-09,3.672120409161437e-09,-8.625235493418375e-14,-5.380113804737789e-06
outer,8.0,-2.8,-1.4419789744127906e-05,-1.6471240135842572e-05,3.089104755913509e-05,1.7679164610127224e-11,2.8615361190391155e-07
outer,8.0,-4.0,-5.750584339740075e-05,-1.401508555080276e-08,5.752011138139727e-05,2.528984457153506e-10,2.1983528508705257e-06
outer,8.0,-5.5,-0.0010751047846045874,-2.4710176493620466e-13,0.0010751670105668088,6.222571511966396e-08,2.8938534771393048e-05
outer,64.0,-1.5,4.216806853051016e-09,-8.045562068089166e-09,3.828665337073445e-09,-8.987796470476273e-14,-5.585592775609483e-06
outer,64.0,-2.8,-1.5732530381563336e-05,-1.8011472356821908e-05,3.374402580003957e-05,2.306165432501995e-11,3.417147429619999e-07
outer,64.0,-4.0,-6.60709245081271e-05,-1.6051393021236852e-08,6.608729456598477e-05,3.186648364346227e-10,2.4109445454731143e-06
outer,64.0,-5.5,-0.001462378021755498,-3.345876766382924e-13,0.0014624770695429224,9.904745283673133e-08,3.3864054708238915e-05
