s,minimum_heat,minimum_reference_heat,receiver_heat,maximum_relative_heat_flux,maximum_material_frame_signal_speed,maximum_flux_enthalpy_ratio,maximum_relative_added_normal_density,thermal_inventory,tilted_heat_inventory,tilted_heat_balance,entropy_inventory,entropy_excess,canonical_energy_change,canonical_balance_residual,heat_input_integral,acceleration_work_integral,entropy_supply_integral,entropy_production_integral,holding_work_integral,holding_positive_work_integral,holding_negative_work_integral,geometric_work_integral
0.0,2.0049303558328715,2.0049303558328715,2.9144760200130957,0.0,0.3,0.0,0.0,6.8733474886057255,6.8733474886057255,0.0,2.339497375620795,0.0,0.0,0.0,0.0,0.0,0.0,0.0,0.0,0.0,0.0,0.0
0.008175636702943396,2.000481805775686,2.000179251301976,2.909297721919591,0.0021938248041366566,0.3010989177567289,0.0035390464565335043,0.0005076408470011215,6.862752526390653,6.8628548880336515,6.943671169729743e-16,2.3359400000598134,5.864849704256998e-08,0.007813867726473744,-8.121564682522014e-05,-0.01049336789292945,7.673208547386092e-07,-0.003575345774411427,1.791156493270523e-05,0.007807354115007994,0.00808629844488755,-0.0002789443298795568,8.772925829097022e-05
0.016351273405886792,1.9971725601422885,1.996379678345316,2.9059226735829884,0.002473229095128987,0.30123916322930366,0.0039909659900889795,0.0008797068268154846,6.85541477866934,6.855659357721817,5.269006564878002e-16,2.3334521628355986,8.826300521014974e-08,0.013234828622286306,-0.0001068741605031827,-0.017689794341092788,1.6634571835126955e-06,-0.006105516844004089,6.021579580244885e-05,0.012879072047167123,0.013261505089365029,-0.00038243304219789796,0.00046263073562236636
0.024526910108830187,1.9947701635959665,1.9935207655169487,2.9043685433100177,0.002494005084759589,0.3012495942234196,0.004024345536328394,0.0011455522895421411,6.851345773431713,6.851729410266646,2.566700412593662e-16,2.332010390904518,1.0906832519220588e-07,0.015962065004052787,-7.898056553212805e-05,-0.021620654189341296,2.5758502616782943e-06,-0.007595091950427297,0.00010799816582503703,0.014867274788917393,0.015462012518220623,-0.0005947377293032202,0.001173770780667522
0.032702546811773585,1.9932443440010907,1.9915945894111151,2.9046609996369575,0.0024847540956991826,0.3012449495380351,0.004018811549627593,0.0013661537042891467,6.850519740006863,6.851040749844292,5.92579167701425e-16,2.331606069744608,1.2593047436253364e-07,0.017963933061210812,-9.521160795766424e-05,-0.022310577794009044,3.8390325747095246e-06,-0.008048390094833886,0.00015695828817260783,0.015819483419513298,0.01678982611045875,-0.0009703426909454364,0.0022396612496551785
0.04087818351471698,1.9926007297126163,1.990596001510026,2.9068129857487035,0.0024670798759832643,0.30123607596190366,0.003999869420220208,0.0015626950886857836,6.8529167496903245,6.853575239962277,1.001486017054333e-15,2.3322341881173645,1.4046229533602717e-07,0.019972099271115342,-0.00013669641208831395,-0.019777974308915588,5.72566546596633e-06,-0.007469555038913653,0.0002062270731877375,0.01643348689732123,0.01789523884380179,-0.0014617519464805427,0.0036753087858824277
0.049053820217660374,1.9928503840358378,1.990522556159583,2.9108348826159394,0.002459116910295773,0.3012320781345576,0.003988387766889625,0.0017431471177519276,6.858523545360422,6.85932043450085,1.3478886111634517e-15,2.3338903919365617,1.5342778736843242e-07,0.022291602149653856,-0.00012842824730182646,-0.01403550504823226,8.450943355210036e-06,-0.0058626868105419415,0.00025554969852117107,0.016925916056010314,0.018979622867223364,-0.002053706811213024,0.005494114340945369
0.05722945692060377,1.994005064887881,1.9913745280332185,2.91673811742037,0.0024481505536090996,0.30122657253354956,0.003987441512132352,0.0019123891055730367,6.867332720749771,6.868269212816394,1.79392260866041e-15,2.3365703843699857,1.6525447275520097e-07,0.0249746680059584,-8.963923293708789e-05,-0.005090475057989744,1.2199268655995733e-05,-0.003231959592906718,0.00030480308762454415,0.017356149363232456,0.020111496708398006,-0.002755347345165517,0.007708157875663031
0.06540509362354717,1.9960765290905593,1.993154705953627,2.9245332719629906,0.0024438291513546695,0.3012244030240738,0.003988546747408508,0.002073026540259776,6.879341957491911,6.880419383423685,2.0116016057752928e-16,2.340269695963351,1.760890360855854e-07,0.027917976261829125,-0.00014999380480701374,0.007054742485107393,1.715233285151843e-05,0.0004182434849669843,0.0003539007685529622,0.017740915943208622,0.021327250074864423,-0.0035863341316557627,0.010327054123427517
0.07358073032649057,1.9990766378183502,1.9958675325568302,2.93423129896017,0.002440839097906135,0.30122290191180867,0.003989555564701217,0.002227154287789883,6.894553523074023,6.895773230783785,9.40138808816493e-16,2.3449835140161808,1.8618680031892102e-07,0.03127207202586605,-0.00016249329416438175,0.02240225157333163,2.349060472702302e-05,0.005083182240032666,0.00040276996855271305,0.018076181129465047,0.02267161995121662,-0.0045954388217515334,0.013358384190565386
0.08175636702943397,2.00301620460115,1.9995191277014246,2.945842086426074,0.0024388530183473986,0.30122190483395567,0.003991231548222546,0.0023762162585927965,6.912972757763493,6.91433602031652,3.0995984858644965e-16,2.3507061816722667,1.9569316193944822e-07,0.035019675826735215,-0.0001285150657466816,0.04095713592333211,3.1395787461664174e-05,0.010757263838238459,0.0004513465200712773,0.018340885440469325,0.02420988401342819,-0.005868998572958828,0.01680730545201257
0.08993200373237736,2.007857989347876,2.004070096331269,2.9592909122466793,0.002440563237732175,0.30122276342064946,0.003991685318224088,0.0025211658376609056,6.934471892973587,6.935979930518891,3.2105936832727e-17,2.3573866608066965,2.0463069855551543e-07,0.03903197433144128,-0.00015391003616717705,0.0625914230564066,4.101885675878834e-05,0.017389508429849005,0.0004995721253538218,0.018509206992119352,0.025990125044597467,-0.007480918052478082,0.020676677375489106
0.09810764043532075,2.0134709092335044,2.0093880751220965,2.974334790868458,0.0024426979175595043,0.30122383510394335,0.004005598510218643,0.00266301268588207,6.958653859957783,6.960307819411728,8.798978256077672e-17,2.364885213279525,2.131536655785183e-07,0.04333384941295846,-0.0001804886305767986,0.08690791117579896,5.241963020346601e-05,0.024840231696661372,0.0005473928084028113,0.01854771458546878,0.02801429563922036,-0.009466581053751557,0.024966623458066477
0.10628327713826415,2.0197136675223213,2.0153305647921003,2.9907105371728333,0.002447115373937917,0.3012260528322816,0.004023729345401621,0.002802665487608144,6.9850907042087504,6.98689177089013,8.881919722272813e-16,2.3730532276417913,2.2150723770703387e-07,0.047952452682516834,-0.0001707379930600654,0.11347865588333908,6.562640106486105e-05,0.03296086612395849,0.0005947643898000072,0.01844830218515617,0.030273342414368135,-0.01182504022921195,0.02967488849042073
0.11445891384120754,2.0264461238792704,2.0217557831487127,3.008154903120151,0.0024533445578435054,0.30122918014323924,0.004044887994620676,0.0029408661004225473,7.013354902624646,7.01530435360223,-3.1768478906540887e-16,2.3817441204328578,2.2966305221960252e-07,0.05284787294584889,-0.00016431065296083208,0.1418762228744095,8.064212209497728e-05,0.041604860531639094,0.0006416546173713837,0.01821473302143155,0.03275135674954966,-0.014536623728118096,0.034797450577378174
0.12263455054415094,2.033528887266851,2.0285222623778476,3.026403528894121,0.0024604224294018213,0.30123273357015173,0.0040657958776839425,0.003078337362301887,7.043018838545008,7.045118081393321,-3.163159838226459e-17,2.390813603962313,2.3745054497778181e-07,0.057995945255423245,-0.00019024489427037217,0.17167315034909295,9.744243850251909e-05,0.0506279491085259,0.0006880417824471755,0.017858346565134277,0.03544095485584255,-0.017582608290708263,0.04032784358455934
0.13081018724709434,2.040822493918936,2.0354885173080186,3.0451911945801005,0.0024691306951332265,0.30123710558947425,0.004086706664148858,0.003215772502316527,7.073654310557689,7.075904900087505,1.5480374144019593e-15,2.4001198280323517,2.451569352011169e-07,0.06346268132773736,-0.0001953261866845385,0.20244143806193476,0.00011597341984354653,0.05988829402904321,0.0007339132255782074,0.01740018997336686,0.038332350762311396,-0.020932160788944523,0.04625781754105504
0.13898582395003772,2.0481867430108145,2.0425130797781716,3.064251518169468,0.0024777797020345267,0.301241447920216,0.004108159971068204,0.0033538002540300796,7.104832304330756,7.107235964165872,5.879628381388891e-16,2.4095234840514217,2.528490689539904e-07,0.06924898757641673,-0.00019847318611897896,0.2337523271203903,0.0001361484397553685,0.06924659218566209,0.0007792633958955748,0.016870032500740033,0.04141404772310082,-0.02454401522236074,0.05257742826179568
0.14716146065298114,2.0554803516821254,2.0494542045245296,3.083316666391149,0.0024881340368359834,0.3012466465119055,0.004130117246240173,0.003493021987912133,7.136122877384253,7.138681571187659,-4.580754178751256e-18,2.418887836169964,2.603319029761053e-07,0.0753773660884002,-0.00020795585108181885,0.2651762340226101,0.00015784855932338596,0.07856610845714913,0.0008240917601169854,0.016310099049169722,0.044686504010097446,-0.028376404960927686,0.059275222890312305
0.15533709735592452,2.062561004715221,2.0561698064222798,3.1021174984106765,0.0024989277224452275,0.30125206578317343,0.004153175797990666,0.0036340174669967145,7.167095320281956,7.169811227276852,-5.738139997879532e-16,2.428078679684618,2.678468707453807e-07,0.0818976949307586,-0.0002120307736668131,0.2962828223079667,0.00018091636316005171,0.08771263517716493,0.0008684010397873518,0.01577125967870578,0.04814581932931762,-0.032374559650611784,0.06633846602571963
0.16351273405886793,2.0692854735776636,2.06251738884877,3.1203833737404043,0.0025102812641983967,0.30125776625062,0.0041773132717897446,0.0037773356499815705,7.197317978214619,7.20019351552442,-4.855057328390089e-16,2.436964111530479,2.7535957816779855e-07,0.08884544509681404,-0.00022256551275894043,0.32664087050426655,0.00020515641442851707,0.09655426469700702,0.0009121958530989423,0.015314559675194774,0.05180238253231539,-0.03648782285712055,0.0737534509343782
0.17168837076181132,2.075511001008375,2.0683551844068697,3.1378440382694177,0.0025223636735125774,0.30126383279108593,0.004202627102046296,0.003923507799422583,7.226360118378693,7.229397938997684,5.662516896348668e-16,2.445415071742903,2.8291500554929704e-07,0.0962630113992859,-0.00024055163638118937,0.35582011975597727,0.00023033063598031363,0.10496193281497752,0.0009554803921247009,0.014998067787108722,0.055666914430256446,-0.04066884664314766,0.08150549524855837
0.17986400746475473,2.0811238578885303,2.073570514851782,3.1542733722639764,0.0025353883136124485,0.30127037255897515,0.004229327726677316,0.004073045428518736,7.253868333846672,7.257071216675358,5.953896230204148e-16,2.4533285691736584,2.9043811219432204e-07,0.10422582003036451,-0.0002297462852582366,0.3834675435380517,0.0002561845315805652,0.11283264777588352,0.0009982553388675952,0.014876116706777283,0.05973507774645435,-0.044858961039677,0.08957944960884547
0.1880396441676981,2.0860387128863205,2.0780796334613627,3.1694884805448735,0.002549306492761411,0.3012773611356571,0.0042574263510158665,0.004226412888080528,7.279567344835575,7.2829381756451514,2.423733956591345e-16,2.4606266242303683,2.980523795151433e-07,0.112731088052796,-0.00023815363091193864,0.4093082222952359,0.00028246474418978283,0.12008843346588298,0.0010405170913106979,0.015009681006836242,0.06401871689725559,-0.04900903589041933,0.0979595606768717
0.1962152808706415,2.09017082692551,2.0817993459965933,3.183306850778233,0.002564059779476966,0.30128476921162894,0.004286826032861209,0.004384055546080096,7.303185130546707,7.306726918288163,7.598630925864658e-16,2.4672326883551365,3.0572890786584664e-07,0.12181505307755051,-0.0002768498925901641,0.4330705454657961,0.00030888421664073193,0.12665274938379506,0.0010822576216385402,0.015462350964055094,0.0685310294812873,-0.05306867851723215,0.10662955200608558
0.2043909175735849,2.0934350148913152,2.0846455640716495,3.1955444677022165,0.0025797445942491444,0.3012926452352141,0.0043173841524046744,0.004546413498928199,7.324449684639403,7.32816559073345,6.729100783531283e-16,2.473070314730297,3.134058434459217e-07,0.13162255406113038,-0.00025847992660281427,0.45448298246680896,0.00033511966091481093,0.13244916042395952,0.0011234652796987801,0.016308076510555315,0.073305193245398,-0.05699711673484259,0.11557295747717788
0.2125665542765283,2.09574555193938,2.0865337842174325,3.2060154809016383,0.002596573293068527,0.3013010958804089,0.004349046230886546,0.0047138689956683424,7.343088983561585,7.346982349796998,9.32630708772031e-16,2.4780627839192415,3.2111604606767895e-07,0.14214488211587492,-0.0002532710109512115,0.4732740440340688,0.00036081715720288616,0.1374009618120174,0.001164125370382954,0.01762493872443613,0.07846618746079188,-0.06084124873635567,0.12477321440239
0.2207421909794717,2.0970160832409723,2.0873784595489235,3.2145321189503475,0.002613941205281015,0.3013098175427257,0.004381406280683183,0.0048867861798947265,7.358830842657843,7.362905197225532,1.1368401879596757e-15,2.482132663945319,3.288766925021915e-07,0.15342752756727632,-0.00028274743966352767,0.48917212155785494,0.0003855870619507718,0.14143073869953313,0.0012042207482984727,0.019496354652763993,0.08410153592558907,-0.06460518127282498,0.13421392035417584
0.2289178276824151,2.0971594694184734,2.0870927650280757,3.2209043861480793,0.0026317900419040347,0.30131878097324777,0.004414345914262936,0.0050655202019242685,7.371402390109202,7.37566147371647,1.061271296537436e-15,2.485201230641219,3.3659635513745047e-07,0.16558760154964597,-0.00029974675454644273,0.5019049778824394,0.000409007228303664,0.14445978526544062,0.001243733158628175,0.022009059988832912,0.09026809799905751,-0.06825903801022447,0.1438782883153595
0.2370934643853585,2.096087512647293,2.0855885829495415,3.224939898677863,0.0026500779418817434,0.3013279651704607,0.004447773171718586,0.00525040073407174,7.38052640377949,7.38497412850587,1.2427125301028852e-15,2.487187061947505,3.4429645424179263e-07,0.1787103077008197,-0.00027234392882574676,0.5111960163099049,0.0004306235902380225,0.1464066981751077,0.0012826438551479184,0.025232525825494175,0.09701582137359517,-0.07178329554810088,0.15375012580415126
0.24526910108830188,2.093710783518993,2.082776450473776,3.226443462514936,0.0026686783619595924,0.30133730660138697,0.004481452886776041,0.005441690782228758,7.385908505270172,7.390548664766946,8.930031193676857e-16,2.488003368600952,3.5192356721011966e-07,0.19268764322874993,-0.00028625405660656633,0.5167512400826225,0.00044993607859733015,0.14718470730659883,0.001320933749990838,0.029160923666736546,0.10431198715857022,-0.07515106349183358,0.16381297361861993
0.25344473779124527,2.0899382795459256,2.078564782788816,3.2252164769993685,0.002687455883935844,0.30134673726817784,0.00451542067996793,0.0056396470770875735,7.387246029391026,7.392082628703284,5.064308347679791e-16,2.4875594287892353,3.595128427529796e-07,0.2075276763616696,-0.00035280593887229705,0.5182687247491463,0.00046641534841201243,0.14670310884031434,0.0013585848152831354,0.033830852062940966,0.1121371873125347,-0.07830633524959361,0.17404963023760092
0.2616203744941887,2.084690946499558,2.0728731133870113,3.221079067852893,0.002706254902041534,0.3013561790253318,0.004549956295660528,0.005844577871773865,7.384280403383629,7.389317794342154,1.3742804637340011e-15,2.485773988409787,3.6697472607862165e-07,0.2234440358386362,-0.0003022879813833479,0.5154907692787191,0.00047953645770799875,0.14488066245754058,0.0013955833567251836,0.03930326609997451,0.12049338511772044,-0.08119011901774575,0.18444305772004504
0.2697960111971321,2.0780003779585057,2.0657324127458123,3.214037316386355,0.0027251229113902887,0.3013656557292718,0.0045842580814050736,0.006056638714106728,7.377118683906976,7.382360610683548,1.4996684449819497e-15,2.48266578414851,3.7434727821663433e-07,0.24023508847041236,-0.000297582586108458,0.5085241408212724,0.0004889812565490028,0.14173611749080994,0.0014319166896267924,0.04555716544142478,0.1292988929354594,-0.08374172749403451,0.19497550561509602
0.27797164790007545,2.069951464356068,2.0572282264491983,3.204190913178941,0.0027440381990039863,0.30137515647711244,0.004618352242031176,0.006276054947523391,7.366042851347905,7.371492288725289,1.3658778968972385e-15,2.4783003703691473,3.815952341714498e-07,0.25785823472020175,-0.0003362573943982705,0.49765025428003135,0.000494545839530702,0.13733504387592893,0.0014675692771891245,0.05256622935857929,0.13855102768232663,-0.08598479832374722,0.20562826275602072
0.28614728460301886,2.0606298040691513,2.0474473325565588,3.191643369426091,0.002763037435060932,0.30138469969061094,0.004652322067627196,0.006503166592101152,7.351330009395022,7.356989673900086,1.6331337324149153e-15,2.47274001358762,3.887513571154515e-07,0.27641170411246485,-0.0003387570904846149,0.4831461440761124,0.0004960412182468443,0.13173972162003167,0.0015025275954359996,0.060369059899098534,0.14831475232381994,-0.08794569242472124,0.21638140130385095
0.29432292130596227,2.050122356811501,2.036478143994723,3.1765018946670396,0.0027822712288872527,0.3013943610276011,0.004686415811221971,0.006738385995526091,7.333243195630321,7.339115819043769,4.145989107584569e-16,2.466042127967622,3.957162509221103e-07,0.2959193309789637,-0.0003189646453206907,0.4652750349140131,0.0004932955240302423,0.12500757437632426,0.0015367822542518678,0.069023574420575,0.15866384293425617,-0.089640268513681,0.22721472120370942
0.3024985580089057,2.038518199493121,2.0244110135752456,3.158878186464575,0.0028018705788242972,0.30140420630438813,0.004720841710392425,0.00698218432163037,7.312009394777945,7.3180971052053545,-2.1098574276567916e-16,2.4582558310185507,4.02664369155651e-07,0.31621599313619886,-0.000335480883839695,0.44426346594908106,0.00048615065054812283,0.11718772237349331,0.0015703303598931773,0.07844446494357687,0.16953003514513945,-0.09108557020156245,0.23810700907646168
0.31067419471184904,2.025908799255884,2.0113383344694276,3.1388885878926485,0.002822656113079284,0.30141464778297733,0.004756083494605692,0.007235190255921965,7.287839563622511,7.294144708172082,9.152292639036386e-16,2.449426391920477,4.096076064105409e-07,0.3373471313905758,-0.00037167275244748277,0.4203227481990546,0.0004744713673010277,0.10832543053114611,0.0016031761609292458,0.08868290978823617,0.1809701281281661,-0.09228721833992985,0.24903589435478712
0.31884983141479245,2.012300195869842,1.9973550123919126,3.116655109227413,0.0028441619003601653,0.301425451454961,0.0047922535114550985,0.007498119936543179,7.260945408488686,7.26747118141164,5.29849601693666e-16,2.4395989637123665,4.163263761759132e-07,0.3595174886956826,-0.0003438307602385282,0.3936655390076967,0.000458153798217201,0.09846584071428904,0.0016353310509062168,0.09988226368420695,0.19312118010055757,-0.09323891641635049,0.2599790557717142
0.32702546811773586,1.997517812412916,1.9825595666330518,3.092306670441359,0.002866200022726309,0.3014365229512399,0.004829092000835003,0.007771325793396598,7.231535034851095,7.2382852957780335,1.3626795004884062e-15,2.4288177823551846,4.23023538779696e-07,0.38273742627089563,-0.00034537351249597226,0.36450070800575657,0.00043709916655001747,0.08765317022044292,0.001666813490407872,0.11216859373236823,0.20617754077381664,-0.0940089470414483,0.27091420605102334
0.3352011048206792,1.981982643512138,1.9670539203529671,3.065979189037189,0.0028887041133726253,0.30144782895797767,0.004866485015459223,0.008055004158777817,7.1998102191113835,7.206789862134406,2.1358782797964437e-15,2.4171260494434077,4.2977136547142115e-07,0.40715793674412015,-0.0003699192031945686,0.3330311540804941,0.00041121944818442576,0.07593059805610129,0.0016976459951458624,0.12570849418830055,0.22034695686476624,-0.09463846267646552,0.2818193617590142
0.34337674152362263,1.965623119152352,1.9509440153162476,3.0378142855827113,0.0029114986323416927,0.3014592813054985,0.004904131457626585,0.008349173022713628,7.165966371698549,7.173181292890034,1.6193643648243494e-15,2.4045662765823024,4.3643359212025036e-07,0.43295759376462156,-0.00036715208519366715,0.29945337952194934,0.00038042476235710266,0.06334061117688397,0.0017278533510312122,0.14065191818017633,0.2357972577624607,-0.09514533958228434,0.29267282766963887
0.35155237822656604,1.948678563874018,1.9343507172993264,3.0079554309786376,0.002934285829186919,0.30147073040702965,0.004941524260662408,0.008653592666318828,7.130214235654256,7.13767053009444,1.0280404999507553e-15,2.3911902482054064,4.430717778182089e-07,0.46013780440783775,-0.0003600206012380758,0.2639783736711358,0.00034466781757794165,0.04993496785200913,0.0017574616608243597,0.15704446813173392,0.25265541845731926,-0.09561095032558534,0.3034533568773419
0.35972801492950945,1.9312690325908297,1.9174346447082582,2.9766135716038242,0.0029570703234059153,0.301482178583286,0.004978678709393267,0.008967805998752265,7.09288831847225,7.1005911328039115,1.4108180769467626e-15,2.3770952773589884,4.4985955226228835e-07,0.48857993937896915,-0.00037228643974318576,0.22693956015040428,0.00030408404778029446,0.03581095790645116,0.001786493972189905,0.17481257319100968,0.27108521069641617,-0.09627263750540642,0.31413965262770266
0.3679036516324528,1.9135346502696,1.9003684083155181,2.944031897532148,0.002980136861451555,0.30149376891445023,0.005016095123743341,0.009291285638902098,7.054369759225562,7.062323073901877,1.7159125682841836e-15,2.362397505171542,4.5672894353641566e-07,0.5181832458163146,-0.00038354284077590783,0.1887166666466516,0.0002589186494979017,0.021084704599419107,0.0018149682223842956,0.19385646233997983,0.29104880610947603,-0.09719234376949595,0.32471032631711066
0.3760792883353962,1.8956818833085065,1.8833289706840741,2.9104701098884616,0.003003671307448105,0.30150559481405653,0.0050541092437127125,0.009623538161966943,7.015048169793633,7.023254758762172,1.9267085756696778e-15,2.3472213730022,4.63415535410577e-07,0.5488203842907026,-0.00037752624090248155,0.14969778016649365,0.00020948998995075582,0.005880637582050494,0.0018428963838190411,0.21405361753683058,0.31245975814245347,-0.09840614060562256,0.33514429299477444
0.38425492503833963,1.87786861730177,1.8664981449545053,2.87620654951196,0.003027745530906894,0.3015176924257204,0.005092865845101472,0.009963996100269504,6.975323147831938,6.983784010109575,1.9871528467857447e-15,2.331701012202497,4.7026513536703105e-07,0.5802500268894188,-0.00038209464649541225,0.11028032909597191,0.00015619240787596592,-0.009667116296583709,0.0018702826131503062,0.23521130321948502,0.33516459521272285,-0.09995329199323759,0.34542081831642923
0.392430561741283,1.8602545191849942,1.8500630500707733,2.8415397617369553,0.003052267354293625,0.3015300154587006,0.005132235205411976,0.010312036227930015,6.9356071718203625,6.944321333069336,1.8706824284064894e-15,2.31598219693538,4.772710217385012e-07,0.6122233480729841,-0.00038563272571623397,0.07087433236493539,9.951209867329063e-05,-0.02541277794555363,0.0018971219891168074,0.25708928215302057,0.3589504554285356,-0.10186117327551475,0.3555196986456797
0.4006061984442264,1.8430910529576536,1.834216647627322,2.8067904269174613,0.0030770474077830277,0.30154246876993135,0.005171926301445124,0.010666972371997418,6.896338934810082,6.905303065015754,6.761220272891166e-16,2.30022583751472,4.839900932000415e-07,0.6444353440107445,-0.0003890488359058475,0.03191551217175258,4.0064238274854506e-05,-0.041195421705729346,0.001923399609561058,0.2794029023969899,0.3835314012614961,-0.10412849886450606,0.3654214904496605
0.4087818351471698,1.8264968724796669,1.8191575918721816,2.772302875530983,0.0031017263625234743,0.30155487178215856,0.0052113654346040705,0.011027946583603777,6.8579773828718595,6.867185236494243,1.1213835307381792e-15,2.2846068554522168,4.905404012527353e-07,0.6765334740809146,-0.0003963607178527062,-0.006140838789821933,-2.1413321661768794e-05,-0.05684010075383111,0.0019490900448515442,0.3018219807772054,0.40849218517777086,-0.1066702044005654,0.3751078540215619
0.4169574718501132,1.8107097268049328,1.8050903388991464,2.738446231181633,0.0031260061746210457,0.3015670746907655,0.005250004849820005,0.011393965941172117,6.8209955834866,6.8304377760622845,2.1516127638246396e-15,2.269314261817001,4.970574959436806e-07,0.7081244625643084,-0.0003959015684071865,-0.04282566206113844,-8.405048230471279e-05,-0.07215776649675198,0.0019741556354619908,0.3239586609316844,0.43335663234399896,-0.1093979714123144,0.38456170320103117
0.4251331085530566,1.795960997964206,1.792225286870845,2.7056163823542834,0.003149425168533287,0.30157884542200447,0.00528725437937444,0.011763883978684705,6.785884254763768,6.795546744205093,2.5193334831502545e-15,2.2545523079523293,5.033378998741019e-07,0.7385770377770434,-0.00038662732027994196,-0.07765388603979154,-0.00014685836084354277,-0.08694411674152243,0.0019985457351567866,0.3451961857052867,0.457458972071788,-0.11226278636650103,0.39376747939203666
0.433308745256,1.7824576681911013,1.777851142185311,2.6742334128965957,0.0031716243038573664,0.3015900034562856,0.005322539258169817,0.012136372998792298,6.753154515124164,6.763018185073742,2.0617188511984352e-15,2.2405406584506093,5.089979138173106e-07,0.76715106145762,-0.00040830428672788965,-0.11012059157316803,-0.00020871195881770003,-0.10097942236745891,0.0020221961993593662,0.364848489517137,0.4800712339703114,-0.11522274445317417,0.4027108762272109
0.4414843819589434,1.7703543611106536,1.7645856377261246,2.6445631906388454,0.003192436570361482,0.30160046477648284,0.005355562969500181,0.012510157355089644,6.723131141974953,6.733174917528149,2.9068002345422617e-15,2.2274347112642188,5.144051601646028e-07,0.7936230560030603,-0.00040861207985432024,-0.13990393692223416,-0.00026863415534571856,-0.11410821204073832,0.002045033279001849,0.3826522043734205,0.5009028821450155,-0.11825067777159488,0.4113794637094941
0.4496600186618868,1.7596840640361597,1.7529626561757214,2.6165653397863258,0.0032117207421510333,0.3016101583195072,0.005386052798168209,0.012884068469007384,6.695772850755216,6.7059764646305196,2.614336698514297e-15,2.215256068307589,5.194519799084016e-07,0.8180345100834284,-0.0003874382950981303,-0.16704486438294677,-0.00032615959226182077,-0.12630881986333503,0.002066993098149083,0.398658377814747,0.5200841975777207,-0.12142581976297344,0.41976357056377955
0.4578356553648302,1.7505286202532717,1.7430367504088737,2.5901371083058113,0.003229427493820811,0.301619059216246,0.005413993939457731,0.013256929322073372,6.670993967137209,6.681339351125656,2.73901994835013e-15,2.2040086065277142,5.237058244757925e-07,0.8405346626216393,-0.0004058535474878444,-0.1916272426001858,-0.0003808948798864532,-0.1375773215813792,0.0020880287824738917,0.41308432935145806,0.537971226313673,-0.12488689696221496,0.4278561868176691
0.4660112920677736,1.7429404313804986,1.7348602647941642,2.5651433737109137,0.0032454771257026207,0.3016271273314881,0.005439272319297192,0.013627488833737994,6.648702301135028,6.659171851495091,3.0809231034434337e-15,2.1936911173589824,5.275041259629291e-07,0.8611869941668188,-0.00041451415553345194,-0.2137431005019502,-0.0004325366086873617,-0.14791489324481055,0.002108107478871885,0.42594891343994784,0.5548775658519972,-0.1289286524120492,0.4356525948824044
0.474186928770717,1.7369784613069341,1.7284829586104036,2.5414165736571412,0.0032597135404320203,0.30163428412603255,0.005461646523352289,0.01399436968614373,6.628821472407261,6.639396862603092,2.113706345369115e-15,2.184301420493584,5.309432435048923e-07,0.8798872815999105,-0.0004036948346596292,-0.23346975289155156,-0.00048087311108438875,-0.15732369567130794,0.002127209600853363,0.43714081015877193,0.571058074242943,-0.13391726408417112,0.4431501662757982
0.48236256547366035,1.732702644014332,1.723950731614581,2.518754889164128,0.0032722271971886894,0.30164057501159985,0.005481288016804485,0.014356263399011764,6.611295378820933,6.62195955648397,2.2449490183484855e-15,2.1758375592311263,5.339156685757289e-07,0.8967951360067212,-0.00039924196180901594,-0.250862215355547,-0.0005257167662104068,-0.1658056769267597,0.0021453266214223787,0.446845993090116,0.586804554168205,-0.13995856107808896,0.4503483848784142
0.49053820217660377,1.7301636853443678,1.721248334690947,2.4969258920919657,0.0032829255245830006,0.3016459533953485,0.005498061472572607,0.014711734863081891,6.596067933819987,6.606803047221409,1.207801220148852e-15,2.168293595661691,5.364106227890089e-07,0.9118347928815949,-0.00041472783431178994,-0.26597744956114877,-0.0005669918231687586,-0.17336677627406982,0.0021624599043428483,0.45500113627273514,0.6022099601150136,-0.14720882384227826,0.4572483844431715
0.4987138388795472,1.7293855660102293,1.7203070502543492,2.4756660291344206,0.0032917459122976263,0.3016503877518228,0.005511880701005964,0.015059437260571708,6.583076485809726,6.593864005319605,1.1204145250465203e-15,2.1616585032522857,5.388251137542453e-07,0.9250268438064139,-0.0004121272909668461,-0.2788787937749269,-0.0006046895111945884,-0.18001803236640831,0.0021786211727851897,0.46158601320943393,0.6173821731674997,-0.15579615995806548,0.4638529578879468
0.5068894755824905,1.7303928004308926,1.7213148890093715,2.4546808153966246,0.0032989644368193304,0.30165401683678644,0.005523223265867594,0.015398396102725531,6.572242840679031,6.583065244041466,8.740837914578137e-16,2.155914106074017,5.412708700865132e-07,0.9366046653727297,-0.00039438492397381175,-0.2896433875779635,-0.000638856986297273,-0.18577764186633453,0.002193831048686156,0.4668326883560265,0.6326209512034442,-0.16578826284741757,0.470166361940677
0.515065112285434,1.7331952961346164,1.7242893719338828,2.4336483264859576,0.0033047121821432874,0.3016569065243137,0.005532321529098154,0.015727681618998016,6.5634905646110555,6.574329193857979,1.749685465957107e-15,2.1510374211996734,5.436288429382097e-07,0.9464855838678207,-0.00041089580771136447,-0.29834859901972716,-0.0006696957280210314,-0.19066861691454037,0.0022081188645758122,0.4707024193752455,0.6480452992177275,-0.17734287984248198,0.47619406030028655
0.5232407489883774,1.7378135156697616,1.729229450328563,2.412237837091737,0.0033095525561606894,0.3016593400509178,0.005539896220009312,0.016046856044854115,6.556749630221426,6.567586378149752,1.4690939437178585e-15,2.147001836192124,5.463918482241474e-07,0.9549230688061856,-0.0004151459649135436,-0.30506363626480726,-0.0006974741911678608,-0.1947176079757537,0.0022215221552343155,0.47339559721361807,0.6639478857816686,-0.1905522885680505,0.4819426175574811
0.5314163856913208,1.7441295756879482,1.736001663581165,2.390438409209804,0.003314344541923273,0.30166174926927286,0.005547240010685663,0.01635597972003471,6.551876797676531,6.562695292924851,3.61039323437673e-17,2.143759213116741,5.498731104926213e-07,0.9621530128443161,-0.0004057870820198817,-0.3099296561920042,-0.0007225394888701692,-0.1979727968061085,0.0022340844289438187,0.47513929524873566,0.6804243007064225,-0.2052850054576869,0.4874195046776003
0.5395920223942642,1.7519010616689425,1.7443648975493746,2.3685264782006716,0.0033191842411169547,0.3016641824954503,0.005554824049711261,0.016655100528735218,6.548665224101698,6.559449573470923,2.0391674460107367e-15,2.1412399704493024,5.541426163577917e-07,0.9680775432082367,-0.0004066446275963198,-0.31315260576454557,-0.0007453093702589472,-0.20050381256864977,0.0022458532545407053,0.4758510821445294,0.6971573273123814,-0.22130624516785247,0.4926331056913036
0.5477676590972076,1.7608744686661841,1.754073773474165,2.3467853983100158,0.003324447468946751,0.30166682867870326,0.005563294931700251,0.01694438982564082,6.546892787548419,6.557630343095653,1.1019830881142667e-15,2.139364729576833,5.593948420893821e-07,0.9729716691175947,-0.0004137495190565388,-0.31495100241436175,-0.0007661430957120381,-0.20239008326078584,0.002256877821981887,0.475793009487764,0.7140520876811642,-0.23825907819340067,0.49759240914888725
0.5559432958001509,1.7707903051660305,1.7648835026910374,2.325486585069874,0.0033300347921605164,0.3016696378320483,0.005572507496710442,0.017223704079389137,6.546333951682094,6.557014318721792,1.1913213471270723e-15,2.1380464403898816,5.659188064355627e-07,0.976973111051427,-0.0004113301840030781,-0.3155477745804362,-0.0007853953034987738,-0.20371870818951854,0.0022672070397985944,0.47507756314598637,0.7308802427004167,-0.25580267955443076,0.5023068780894437
0.5641189325030943,1.7813833624778685,1.7765519294236782,2.304877813347717,0.0033355570632912198,0.301672414304546,0.005581835242902943,0.017492627854655007,6.546759822998696,6.557374500854722,2.184558957341043e-15,2.13719081814886,5.737821011813672e-07,0.980123618615268,-0.0004069680446388002,-0.315169599998492,-0.0008033877525133378,-0.2045840200495281,0.0022768887954919942,0.47374424956438266,0.747327107957412,-0.27358285839302987,0.5067863370955241
0.5722945692060377,1.7923826812238473,1.7888407394640684,2.2851693195596776,0.0033408801170230935,0.3016750906391135,0.005591078943789884,0.017750732380719628,6.547927040959104,6.558471800727737,7.527615683566857e-16,2.1366945102872257,5.828095434611859e-07,0.9827416406643987,-0.00041194691005475015,-0.3140553321453035,-0.0008203557326853828,-0.20508941674722822,0.002285968604115366,0.47211280368604436,0.7632677416206531,-0.291154937934609,0.5110407838884091
0.5804702059089811,1.8035144015841573,1.8002995156509352,2.2665226465495985,0.00334538565655905,0.3016773559608678,0.005599235731121767,0.01799719481009116,6.549582275891009,6.560055283164222,1.6576367015130877e-15,2.1364447891909464,5.931478847301906e-07,0.9849012735235749,-0.00041222339832103216,-0.312455663197444,-0.0008365422440611482,-0.20534766895246842,0.002294489374734999,0.4702331717097988,0.7783488152311806,-0.30811564352138193,0.5150803252120972
0.5886458426119245,1.8145025237756096,1.8101041192643654,2.2490363703438905,0.00336821212369311,0.30168883304665184,0.005605419104880247,0.01823101519016687,6.55147365658552,6.561876582125564,1.2577829403004337e-15,2.1363231220092587,6.047193587075533e-07,0.9867879120722527,-0.0004131587692379757,-0.3106187912505273,-0.000852115229635889,-0.2054773499106664,0.0023024915797712955,0.46828592636255845,0.7923213738308719,-0.32403544746831336,0.5189151444789322
0.596821479314868,1.8250724238317888,1.8196986751574158,2.232731706097524,0.0034419762995972557,0.3017259244428733,0.005608997916239156,0.018451091548037056,6.553342096846442,6.563682221089655,3.761097336352215e-16,2.1362018108348524,6.172965158848277e-07,0.9888749668818159,-0.0004142164862642739,-0.30879808475794757,-0.0008671827581232958,-0.20560619512998513,0.0023100130475265566,0.4667337057659228,0.8053256016209412,-0.3385918958550181,0.5225554776021574
0.6049971160178114,1.834952848495984,1.8288335992549365,2.2175415357758848,0.0035235720758467603,0.301766959143394,0.005608698642097247,0.018656070188101573,6.5549129508464725,6.565201629686376,1.1312565467713753e-15,2.135940617416061,6.307710461676136e-07,0.9914303809363177,-0.00041153093144330466,-0.30726394969426496,-0.0008819092250857074,-0.20587447871803682,0.0023170897422567,0.46583029408600846,0.8175665602256192,-0.35173626613961034,0.5260116177817525
0.6131727527207547,1.8439048033327448,1.8372863984222536,2.2031913885384813,0.003619410960208181,0.30181516382032286,0.005603800831545338,0.018845021312606295,6.555826853697715,6.566082699992292,1.8504078477810104e-15,2.13536665247325,6.450241902887337e-07,0.9952218437761261,-0.00041019698482513967,-0.30636814930133716,-0.0008966393120978985,-0.2064551252796406,0.0023237571079052157,0.46633815043738114,0.830218649042854,-0.36388049860547256,0.5292938903235701
0.6213483894236981,1.851199382080568,1.8446967682039734,2.188658324595356,0.003739721881153171,0.3018756881838771,0.005596088281634538,0.0190210950162376,6.555295455619806,6.565550615124455,1.7113047090511202e-15,2.1341806990092462,6.598772387495996e-07,1.002350092699796,-0.00043433873619147523,-0.30688398874650397,-0.0009128847347679063,-0.20764739337120644,0.0023300568824188477,0.47037203406668976,0.8452681637345405,-0.3748961296678503,0.5324123973692977
0.6295240261266415,1.8570023412205916,1.8512370952291433,2.1727288868100065,0.003894533607410594,0.30195358648381604,0.00558829686280314,0.019189438474476437,6.5523534436960365,6.562653555029266,2.3018696324039745e-15,2.1320380312857767,6.751182099386938e-07,1.015192681202647,-0.0004037293984837653,-0.3097611677632197,-0.0009327658132419462,-0.2097960640839731,0.0023360446307448355,0.48021972081533204,0.8644521136780986,-0.3842323928627659,0.5353766897857988
0.6376996628295849,1.8534576895291883,1.8460085247301254,2.1543128349425595,0.0040935892136009025,0.30205377680581935,0.005598655484660006,0.01935615909811066,6.54602632412779,6.556433014075619,3.3666645860019884e-15,2.1285990468330396,6.906829979015303e-07,1.036303456956395,-0.0003966723141255457,-0.3159560048384418,-0.000958469691668054,-0.21324080675477522,0.0023417872840218222,0.49850450867659224,0.8898926434799802,-0.391388134803387,0.5381956205939282
0.6458752995325283,1.833095943458145,1.8256655046073247,2.132443683900961,0.004345737834163331,0.30218073774610227,0.005920796702590157,0.019527773785268435,6.5353205818117415,6.54590952901566,3.0598353711885906e-15,2.1235238966713297,7.063801684267443e-07,1.0679964325553033,-0.0004455780428398448,-0.3264455205958022,-0.0009924389942667156,-0.21832154563962852,0.002347360309994704,0.5275646546722427,0.9244467252487027,-0.39688207057645913,0.5408773559259005
0.6540509362354717,1.809684517481166,1.802670455960145,2.1062705081268027,0.004659925250922879,0.3023390103654188,0.006320447362441443,0.019710691034905452,6.519230399416672,6.530090734381688,3.3239470204060595e-15,2.1164695681663392,7.21984824762073e-07,1.1126672656232675,-0.0004208979714853678,-0.34221930512194176,-0.0010374491020987908,-0.2253813762237384,0.0023528467844578203,0.5696588188641214,0.9711808010693693,-0.4015219822052468,0.5434293447306314
0.6622265729384151,1.7833359901075776,1.776879137653982,2.075049856571,0.005045706266615378,0.30253346092565264,0.006807833918264191,0.019912183914010863,6.496736054980632,6.507971949485092,2.7009644520958886e-15,2.107085794095651,7.373671129470329e-07,1.1727734506860867,-0.000379778726233293,-0.3642788387014383,-0.0010967004191981076,-0.2347706560506112,0.002358337158354295,0.6272947227003772,1.0328262361692122,-0.4055315134688338,0.5458585067119428
0.6704022096413584,1.7539780535455034,1.7481691709394527,2.038137455509656,0.005512969396264166,0.3027691481106804,0.007392744168966879,0.020139682593617786,6.466804819596442,6.478533113052889,2.4576694845901415e-15,2.0950094240669386,7.524238595946892e-07,1.250443038070325,-0.0004129039478111274,-0.39364031029837315,-0.0011740652544654658,-0.2468526344811409,0.0023639305034248003,0.7026845911750617,1.1117590065797656,-0.4090744154047032,0.5481713508430746
0.6785778463443018,1.7211291529615214,1.716429299608538,1.9949779188428816,0.006072922088043065,0.3030518274765959,0.008085566004695397,0.02040134371213548,6.428375042231078,6.440725883932896,3.571361956167252e-15,2.0798539061334003,7.670080584714668e-07,1.3480860623153372,-0.00048290292117014744,-0.4313473456592299,-0.0012742590136029706,-0.26201397341216837,0.002369736916715088,0.7981951439428456,1.210460878720464,-0.41226573477761813,0.5503738212936617
0.6867534830472453,1.6842448935413656,1.6815484375204177,1.9450968633188668,0.0067386994337827735,0.3033882699827885,0.008897701197836531,0.020706444499293267,6.380339666960033,6.393457669613631,2.7176611655521654e-15,2.0611964574661887,7.809462627397443e-07,1.4685663402880795,-0.0003744388182980174,-0.47848670291853307,-0.0014031160735642454,-0.2806775798972634,0.0023758807963943094,0.9164687705845799,1.3316945324236578,-0.4152257618390776,0.5524720085217977
0.6949291197501887,1.6423855076153822,1.6434049834556017,1.8880934672800378,0.007526014966308504,0.30378660693046156,0.009841870717234793,0.021064472764929332,6.321542368155048,6.335585260645758,3.666988587780473e-15,2.038565086300728,7.942191564127773e-07,1.6142076871854576,-0.00037148081512561326,-0.5361942620521326,-0.0015679659078382568,-0.3033155892575849,0.0023825057183614893,1.0601071762871563,1.4782484807874416,-0.4181413045002848,0.5544719917134269
0.7031047564531321,1.5947045321041937,1.6018924759375806,1.8237767022456264,0.008453363058524298,0.3042564547797677,0.010931705642524828,0.021482907068266374,6.251280808445548,6.266413633427462,2.5307447110156644e-15,2.011575416391565,8.067967181015455e-07,1.7868861966271705,-0.0005011417735930612,-0.6051569902453969,-0.0017768649328695257,-0.3303125450747001,0.0023897790487518154,1.231007145338753,1.6521728744844089,-0.4211657291456544,0.5563801930620106
0.7112803931560755,1.5405573393074312,1.5477435939846684,1.7523934186330916,0.00954110611634938,0.3048084809547672,0.012179824682736684,0.02195936206155667,6.170372670869123,6.186744284196706,3.712741919459361e-15,1.9802416662583635,8.186754238011761e-07,1.9855719651224781,-0.00041304759776095157,-0.6845670348734063,-0.0020361695356167432,-0.36165441481280625,0.002397886774950882,1.4277806605590182,1.8522932553078786,-0.4245125947488584,0.5582043521612209
0.7194560298590189,1.479515167387621,1.4848772152278524,1.6741495412597958,0.010815737595654093,0.30545660658043217,0.01360177991966683,0.022489613505002424,6.079917443306791,6.097657502284707,3.279494731334154e-15,1.9446132475189022,8.299937871527642e-07,2.2082830184676765,-0.0003687176903098832,-0.7733373963319256,-0.002352589989096214,-0.3972919885396054,0.002407030443925364,1.6486973885002791,2.077031790801354,-0.4283344023010736,0.5599543476577072
0.7276316665619622,1.4115830502041329,1.4169374937869108,1.5890855803035275,0.01231253106775331,0.3062194248942413,0.015217144036067021,0.023069928865787105,5.9810096374573405,6.000228432075973,4.543674464452252e-15,1.904682342854465,8.408166116660905e-07,2.453236664580527,-0.0004313258317355517,-0.8703852066108021,-0.002733849918954859,-0.43723330829176005,0.0024174347088183365,1.8920254688315679,2.3247717020688476,-0.4327462332372779,0.5616425215806947
0.7358073032649056,1.3376728046197892,1.3440701840400509,1.4970729293847085,0.014077867349694276,0.3071214999583267,0.017049034019937886,0.023697045245619993,5.874740895402593,5.895529328577972,5.036335931629665e-15,1.8603720585450823,8.511757909716866e-07,2.7189021309200307,-0.00046128669703338065,-0.9746294606103133,-0.0031886994174455245,-0.4815555259779488,0.0024293577264450257,2.1560798161791377,2.5939640346914574,-0.43788421851231785,0.5632836014379264
0.743982939967849,1.2575360813790144,1.2661406108196078,1.39780546274609,0.016173334729665752,0.30819563788899007,0.019123963279396763,0.02436744123161113,5.762201032935509,5.784629728433541,4.344614945583913e-15,1.8115142887019715,8.610726249099962e-07,3.0033720790024354,-0.0003915215933916194,-1.0849905270445444,-0.003727233127644684,-0.5304270530956846,0.0024431051042361355,2.438868390230261,2.882695393791102,-0.4438270035608388,0.5648952103655662
0.7521585766707924,1.1719740190062629,1.1829791320552707,1.2907731545052443,0.01868411784274674,0.3094874804504888,0.021684334751904268,0.02507731877652397,5.644475510206207,5.668593495266078,3.472916398905568e-15,1.7578096436761408,8.707066123003933e-07,3.304047930009503,-0.00040498628229046485,-1.2003928635183738,-0.004361129821276819,-0.5841476530309448,0.0024590503796782614,2.737955136232194,3.1886117111782766,-0.45065657494607936,0.5664977800595995
0.7603342133737359,1.0807774265794796,1.0943769305130173,1.1752220857608562,0.021729314909632928,0.31106132762557387,0.02475272268744824,0.025823051669163006,5.5226264179813285,5.548455274868144,4.202367620553815e-15,1.6987548496794225,8.803269695733563e-07,3.617183654597624,-0.00047346781253765347,-1.3197877401826927,-0.005104473554893058,-0.6432210746887542,0.0024776684204120525,3.049542718487853,3.508109496425869,-0.45856677793801287,0.5681144039223086
0.7685098500766793,0.9837041416525324,1.0000832642983246,1.0500876020981897,0.025790871854836712,0.31317246180145714,0.028333606521085644,0.026601023298015086,5.397655798055783,5.4251872548713465,4.315992008230296e-15,1.6335140299198014,8.901102055069651e-07,3.937376790305443,-0.00041777756634342467,-1.4421852940389053,-0.005974939695478118,-0.708483825426012,0.002499589614812816,3.3680237549263077,3.8356448744771505,-0.46762111955084007,0.5697708129454786
0.7766854867796227,0.878630304405626,0.8998123803337912,0.9138873478994267,0.03151647763569231,0.3161718238812388,0.03252016599158343,0.027407782703207186,5.270496758796959,5.2996798974323855,4.5814047000547475e-15,1.5606931556823127,9.005778633794023e-07,4.254979996364479,-0.000401361133446021,-1.5666726795554637,-0.006994911617880824,-0.781330819112228,0.002525698595882268,3.683886769925321,4.162084559983153,-0.4781977900578327,0.5714945875726044
0.784861123482566,0.7574753430142668,0.7932377566617904,0.7645416228835737,0.039535790259865554,0.320418472508171,0.03737652211708118,0.028239721571791943,5.141937877251117,5.172675063610882,2.9091312692131055e-15,1.4778644539577703,9.12400354422839e-07,4.55289299371317,-0.00043710814550312893,-1.6924771505182536,-0.008195274476592984,-0.8641911604066659,0.0025573263432867163,3.980016419050516,4.470012139376738,-0.48999572032622596,0.5733136828081574
0.7930367601855094,0.5990741961459372,0.6367635692304597,0.5995986023903529,0.05162588193626573,0.32692140634468836,0.042775287295019,0.029098751213656855,5.012025401852332,5.044133506528933,2.706168622523819e-15,1.38050195860015,9.25835656538903e-07,4.796275660717339,-0.00046477418308810137,-1.8195975054291758,-0.009616476647619485,-0.9615930015748143,0.0025966587185126022,4.221486435542689,4.736965981768607,-0.515479546225919,0.5752539993577386
0.8012123968884528,0.41617164464662537,0.45652340977728006,0.41617164464662537,0.07217164718460341,0.3382483405667516,0.04774956083873516,0.02999309482543313,4.879787220109602,4.9129350823589215,3.724451302922205e-15,1.2592803280258544,9.410547624601542e-07,4.906172712552642,-0.0003760893270602361,-1.9491022339155073,-0.011310172331300444,-1.082865750594739,0.002647761945035898,4.32921851101063,4.974291285398806,-0.6450727743881781,0.5773302908690724
0.8093880335913962,0.20994422135831015,0.24987366041360065,0.20994422135831015,0.11727194671083069,0.36431256286029867,0.047743853357563475,0.030929653035638115,4.743825112221155,4.777348278896793,3.2352592826967452e-15,1.0890385487966705,9.582633271696533e-07,4.6626211552282495,-0.00036898871927193433,-2.0826665048041124,-0.013332704904823649,-1.2531799449060477,0.002720159818595932,4.083464323091423,5.189742756494339,-1.106278433402916,0.5795258208560983
0.8170041758643446,2.4324804445231338e-05,0.019180174856394755,2.4324804445231338e-05,0.909980950350826,0.9999825232828584,0.05033429841770464,0.03184585242325799,4.612415274885162,4.644388733422203,3.811187476721045e-15,0.6621699554099788,0.0004343263112146366,3.2926653339767618,-0.00044696774824815044,-2.2134953198573717,-0.015463435326154499,-1.6806073928671197,0.0028456463450886728,2.711553371505363,5.380716764538365,-2.6691633930330005,0.5815589302196471
