x,lower_free_pressure,upper_free_pressure,required_drop_density,optimistic_temporal_allowance,positive_acceleration
-2.0984375,0.00992323085435562,0.01505545028606746,0.1555560615910601,4.619379814692758e-43,True
-2.0953125000000004,0.00949499560884451,0.014140072439446124,0.14835800219675607,1.4636209692001215e-42,True
-2.0921875,0.009079776373288148,0.013235152752860753,0.141117257396205,2.3789489801267712e-42,True
-2.0890625,0.008677575789864389,0.012340683581624783,0.13383579285619354,3.022448445573681e-42,True
-2.0859375,0.008301264616464082,0.011540356640086685,0.12734708358063962,3.2808370398982854e-42,True
-2.0828125,0.007948682142773663,0.010832551505127167,0.12165851371726374,3.064222730583633e-42,True
-2.0796875000000004,0.007606234792453951,0.01013301912031437,0.11594194381019043,2.283884142592567e-42,True
-2.0765625,0.007273917410256026,0.009441747062757244,0.11019886296471065,9.093757471586576e-43,True
-2.0734375,0.006964585470472837,0.008828412276058836,0.10513162632512503,1.0479135058429772e-42,True
-2.0703125,0.006676424551562456,0.008291634671048891,0.10074470002354255,3.320190014577197e-42,True
-2.0671875,0.006395962219232565,0.007761254956004909,0.09633949499185004,5.396661741434161e-42,True
-2.0640625000000004,0.006123189421689171,0.0072372591634444474,0.0919172576849625,6.856785746359738e-42,True
-2.0609375,0.005869438359795231,0.006832400899995578,0.0886735551626483,7.51369639140395e-42,True
-2.0578125,0.005631663458461426,0.006544417324966582,0.08661523562105133,7.160806546415417e-42,True
-2.0546875,0.00539750341401153,0.006259781736404491,0.08455059875462234,5.457336326090424e-42,True
-2.0515625,0.005166951260877498,0.00597848615865932,0.08248030858905145,2.2271625232069072e-42,True
-2.0484375000000004,0.0049502361213546574,0.005726167896579418,0.08065375144739619,2.6288049576763566e-42,True
-2.0453125,0.004746710984617661,0.005502298451994761,0.07907141712813111,8.521157430860283e-42,True
-2.0421875,0.004545919146823209,0.005281051222771219,0.07748510120630882,1.4201163938815377e-41,True
-2.0390625,0.004347853432617433,0.005062418576309428,0.0758953632974026,1.8547779038333042e-41,True
-2.0359375,0.004162008160955289,0.004861291099582522,0.07443667253919675,2.0672589709354704e-41,True
-2.0328125000000004,0.003988027150526063,0.004677353954367416,0.07310930917041292,1.9789196358063163e-41,True
-2.0296875,0.003816285077386481,0.004495598737923324,0.0717797381985359,1.5153694082758416e-41,True
-2.0265625,0.0036467744921174273,0.004316017744147615,0.07044841044895704,6.216190384046113e-42,True
-2.0234375,0.0034860389747958685,0.004243163561344866,0.07030643687939243,7.530675029596584e-42,True
-2.0203125,0.0033311357234921957,0.004274850058067795,0.07135592268510933,2.5591345316135944e-41,True
-2.0171875000000004,0.0031745377201872578,0.004305795272759721,0.07240678381832673,4.475495942234851e-41,True
-2.0140625,0.003016249977057912,0.004336006569306693,0.07345896948737489,6.140065261372934e-41,True
-2.0109375,0.0028711146402720733,0.004371044818661249,0.07451962433773272,7.183584479271982e-41,True
-2.0078125,0.0028897545448170647,0.004410800430093426,0.0749906483147905,7.211407733833118e-41,True
-2.0046875,0.003034119746960807,0.00444968931720281,0.07494933622954096,5.795567562858581e-41,True
-2.0015625000000004,0.0030511704150983174,0.004487720103272732,0.07540035738521847,2.4972459039123437e-41,True
-1.9984375,0.0029134022882365477,0.004505335836430864,0.07622470281020514,3.0890397283332243e-41,True
-1.9953125000000003,0.002849452434415924,0.004502962484943302,0.07651102148888925,1.0413076707277967e-40,True
-1.9921875,0.0028496955084319183,0.004500310450503971,0.07653087268557332,1.8067318287762128e-40,True
-1.9890625000000002,0.0027847617180283557,0.004497384782906492,0.07680620676270704,2.459575013581498e-40,True
-1.9859375,0.0026435442331082994,0.004471387076285191,0.07710672567621539,2.8377057198399002e-40,True
-1.9828125,0.0025728507981334792,0.004422813549911846,0.07683893814459282,2.792037458452095e-40,True
-1.9796875000000003,0.0025603895899378535,0.004374632431157331,0.07632984742679498,2.1997701388038936e-40,True
-1.9765625,0.0024904435007171172,0.004326843895625501,0.07605333222520458,9.29446476217153e-41,True
-1.9734375000000002,0.002352933601046845,0.004256438072166809,0.07576855531001507,1.126437518911816e-40,True
-1.9703125,0.002282603204158954,0.004163915033470486,0.07492333029820772,3.716144750293533e-40,True
-1.9671875,0.002268101965968522,0.00407244694271233,0.07384845000800586,6.3090063587375924e-40,True
-1.9640625000000003,0.0022002819656082853,0.003982028296887528,0.07299707642117445,8.40236808867568e-40,True
-1.9609375,0.002069163352095964,0.0038737121186354123,0.07217568711465358,9.484000086744285e-40,True
-1.9578125000000002,0.0020014714416638126,0.003747907631092161,0.0708584282880726,9.126224867217686e-40,True
-1.9546875,0.0019869780008351648,0.0036236848009207822,0.06932495152223996,7.0275699365153294e-40,True
-1.9515625,0.0019231920422250318,0.003501033000245043,0.0680061238741243,2.9000571037807554e-40,True
-1.9484375000000003,0.0018003884395575353,0.003369200836522667,0.06680885671113496,3.437809911820283e-40,True
-1.9453125,0.001737824453701741,0.003228414292964928,0.06523125216083413,1.1107338911724056e-39,True
-1.9421875000000002,0.0017260960819354984,0.0030894794890191876,0.06344854247079243,1.844826524070315e-39,True
-1.9390625,0.001668154406660462,0.002952382343211795,0.06187334045096302,2.4008676296286807e-39,True
-1.9359375,0.0015541574900691693,0.0028360896269897197,0.06079308585659719,2.6755611401967822e-39,True
-1.9328125000000003,0.0014973761632849146,0.0027401655814089437,0.059720749844916196,2.5706396149387252e-39,True
-1.9296875,0.0014890611755034417,0.0026454784557077894,0.05844771767422667,1.976293347597663e-39,True
-1.9265625000000002,0.0014352767970138266,0.0025520187080083113,0.05737729900410234,8.141714778542021e-40,True
-1.9234375,0.0013264200178338414,0.0024889118837528854,0.05692971409258029,9.779449397507531e-40,True
-1.9203125,0.0012808875316909188,0.0024554980512822688,0.056588554290470716,3.252651284936274e-39,True
-1.9171875000000003,0.001288791057216592,0.002422422280272565,0.056015816137622444,5.568310613334357e-39,True
-1.9140625,0.001243983728617983,0.002389682871460043,0.055671173910502865,7.479361600697158e-39,True
-1.9109375000000002,0.0011349813534159568,0.002418535544319468,0.056405669533877524,8.780117939848895e-39,True
-1.9078125,0.0010948085429355145,0.002507605456673544,0.05762760883694848,9.051069704381088e-39,True
-1.9046875,0.0011126626143414418,0.002595190570359163,0.05857833018634326,7.457876674318944e-39,True
-1.9015625000000003,0.0010685221115641498,0.002681306996314901,0.05978144295483551,3.290022622456965e-39,True
-1.8984375,0.0009516157480700237,0.002726259026400476,0.0607634277778169,4.1192009560593017e-39,True
-1.8953125000000002,0.0009227339323010842,0.002730956177480176,0.060829316770130634,1.3908280109962705e-38,True
-1.8921875,0.0009674255569035487,0.00273541433499322,0.06056592865351952,2.4169989745077216e-38,True
-1.8890625,0.0009380020399947604,0.0027396377567117146,0.06062196932856041,3.295454223408077e-38,True
-1.8859375000000003,0.0008200578660292903,0.002728536011821029,0.060862806330037066,3.8062102263626995e-38,True
-1.8828125,0.0007729466039214463,0.002702453740594719,0.060590497374638466,3.7474057060996225e-38,True
-1.8796875000000002,0.000785481377454271,0.0026765993004625377,0.06005416590509975,2.9544511118593753e-38,True
-1.8765625,0.000738847715015692,0.0026509720764716542,0.05977857443262677,1.2491655825711797e-38,True
-1.8734375,0.0006224002579523747,0.0026247217525577713,0.059800567976686515,1.522670452873597e-38,True
-1.8703125000000003,0.0005715569454382285,0.0025978670380921434,0.0595211070785461,5.078856685518555e-38,True
-1.8671875,0.0005750922337584103,0.0025712634371528762,0.05900055910758626,8.719731565942315e-38,True
-1.8640625000000002,0.000524741735474581,0.0025449102950125127,0.058719179204506526,1.1746540494852605e-37,True
-1.8609375,0.00041104150028774484,0.0025183888949712797,0.05871416785911513,1.3477605432305808e-37,True
-1.8578125,0.0003610498554586336,0.0024917079404825635,0.05842117785568786,1.3252789194987448e-37,True
-1.8546875000000003,0.000363728309842611,0.0024652876917913083,0.057894389693307825,1.0435397038294445e-37,True
-1.8515625,0.0003142543621278554,0.0024391271777979132,0.05760030219482262,4.406632365389905e-38,True
-1.8484375000000002,0.00020331304394395839,0.0024132479806875592,0.05758123371438892,5.366499756671778e-38,True
-1.8453125,0.00015404437731544266,0.0023876488398016393,0.05728871437078941,1.7889343972555613e-37,True
-1.8421875,0.00015588649223514852,0.0023623064942775132,0.05676923782402366,3.069555899505696e-37,True
-1.8390625000000003,0.00010712053097952732,0.0023372203869601814,0.05647648554914274,4.13263655559713e-37,True
-1.8359375,0.0,0.002312858225139982,0.056458244851290536,4.74062653378998e-37,True
-1.8328125000000002,0.0,0.0022892087866786667,0.056180509964096424,4.662282276265727e-37,True
-1.8296875,0.0,0.0022657996503521265,0.05568187426251363,3.671737189035484e-37,True
-1.8265625,0.0,0.002242630211529457,0.05540433714292703,1.5507577717393699e-37,True
-1.8234375000000003,0.0,0.00222071798209194,0.05540285782677959,1.8897363817457867e-37,True
-1.8203125,0.0,0.0022000395554296,0.055156595569210695,6.306339745284539e-37,True
-1.8171875000000002,0.0,0.002179568994912095,0.05469483352529939,1.0832698213174003e-36,True
-1.8140625,0.0,0.0021593061557280717,0.054449232026468675,1.4600638675169774e-36,True
-1.8109375,0.0,0.002140632950903416,0.05447964850240808,1.677497778692711e-36,True
-1.8078125000000003,0.0,0.002123518333110585,0.05427633937294468,1.6531212402967425e-36,True
-1.8046875,0.0,0.002106570108008387,0.05386176354585361,1.3045587449856097e-36,True
-1.8015625000000002,0.0,0.0020897885086033565,0.05365895289495524,5.521130222273479e-37,True
-1.7984375,0.0,0.0020744396599190413,0.05372534767265237,6.742940268587576e-37,True
-1.7953125,0.0,0.0020604963134736496,0.053560823793268535,2.255591098308914e-36,True
-1.7921875000000003,0.0,0.0020466849066610913,0.05318880458648982,3.883821572364308e-36,True
-1.7890625,0.0,0.00203300715932133,0.053025190766589764,5.24733815295447e-36,True
-1.7859375000000002,0.0,0.0020199840997500115,0.05311433356229207,6.041017930317766e-36,True
-1.7828125,0.0,0.0020076059733736312,0.052964400379982304,5.96305998723927e-36,True
-1.7796875,0.0,0.0019953513522519228,0.052610549581289405,4.7135527368624166e-36,True
-1.7765625000000003,0.0,0.0019832219459840154,0.05246188427528919,1.9981918765679806e-36,True
-1.7734375,0.0,0.0019704175675633795,0.05254074385116151,2.4419998764428888e-36,True
-1.7703125000000002,0.0,0.001956956539598099,0.052364766532696026,8.165953892395802e-36,True
-1.7671875,0.0,0.001943646634694104,0.05198976993669438,1.4055971571561124e-35,True
-1.7640625,0.0,0.0019304879433913586,0.05181650819492642,1.8984549608983467e-35,True
-1.7609375000000003,0.0,0.0019153372467380068,0.05184461971428099,2.1819158602274227e-35,True
-1.7578125,0.0,0.0018982398749781892,0.051603535170544404,2.147185700496981e-35,True
-1.7546875000000002,0.0,0.001881353327955878,0.051169838719351414,1.6920927174461854e-35,True
-1.7515625,0.0,0.0018646765244490712,0.05093286385548373,7.151397263909208e-36,True
-1.7484375,0.0,0.0018447515627818005,0.05086960914434235,8.70048115886204e-36,True
-1.7453125000000003,0.0,0.0018216480626472638,0.05052569717775173,2.8920412399504286e-35,True
-1.7421875,0.0,0.0017988424669441807,0.04999790800118892,4.948196797062353e-35,True
-1.7390625000000002,0.0,0.0017763303354700899,0.049660582048405066,6.64298066191341e-35,True
-1.7359375,0.0,0.0017494342583612762,0.04946884260168881,7.576907297205086e-35,True
-1.7328125,0.0,0.00171824459680573,0.04898831593323024,7.387549966786001e-35,True
-1.7296875000000003,0.0,0.0016874597699886853,0.04833434701913767,5.767389177220536e-35,True
-1.7265625,0.0,0.0016570733133018328,0.04786257961042087,2.4144380099176304e-35,True
-1.7234375000000002,0.0,0.0016213328903861997,0.04750797955484977,2.904418524918492e-35,True
-1.7203125,0.0,0.0015803458310819076,0.04686121900500838,9.527264903686279e-35,True
-1.7171875,0.0,0.001539887125193822,0.0460539510670239,1.6081001598067129e-34,True
-1.7140625000000003,0.0,0.0014999475614819124,0.04541924158395818,2.1290201889496633e-34,True
-1.7109375,0.0,0.0014538682549576063,0.044873752451782635,2.3893387223285588e-34,True
-1.7078125000000002,0.0,0.0014017691245687529,0.04403718797289778,2.2863564032299403e-34,True
-1.7046875,0.0,0.0013503316651508788,0.043054744746106544,1.7503776446945683e-34,True
-1.7015625,0.0,0.0012995442957400172,0.04223318362374151,7.179665086483694e-35,True
-1.6984375000000003,0.0,0.0012427034493383365,0.04148556477881749,8.438910230383846e-35,True
-1.6953125,0.0,0.0011799249928757536,0.040465349017524514,2.6958471845628615e-34,True
-1.6921875000000002,0.0,0.0011179304706167115,0.03931601393664065,4.423402739907363e-34,True
-1.6890625,0.0,0.001056706614407285,0.03831443665104533,5.681567111260442e-34,True
-1.6859375,0.0,0.0009904599654102506,0.037389386208270495,6.164416125856415e-34,True
-1.6828125000000003,0.0,0.0009192843752873045,0.03623053387262556,5.676907656080515e-34,True
-1.6796875,0.0,0.0008489807356416527,0.03495957847813856,4.165581382116418e-34,True
-1.6765625000000002,0.0,0.000779533712595127,0.033821821562061406,1.629769810688402e-34,True
-1.6734375,0.0,0.0007504931237217054,0.03332913166342983,1.9281261797121322e-34,True
-1.6703125,0.0,0.0007611307272448085,0.03319872983617773,6.577508453118016e-34,True
-1.6671875000000003,0.0,0.000771643549921491,0.03296023726184199,1.1545452139790772e-33,True
-1.6640625,0.0,0.0007820342577539888,0.032828803520784815,1.5895824980473905e-33,True
-1.6609375000000002,0.0,0.0007935845019625538,0.03284353133541583,1.866734910167136e-33,True
-1.6578125,0.0,0.0008062744013509831,0.03272817606623019,1.8813515709104134e-33,True
-1.6546875,0.0,0.0008188204376120875,0.032488074008850946,1.5176866208831522e-33,True
-1.6515625000000003,0.0,0.0008312256511653644,0.03237101093518924,6.563209562081923e-34,True
-1.6484375,0.0,0.0008421373318386885,0.03239926809060145,8.168978705263148e-34,True
-1.6453125000000002,0.0,0.000851581584917416,0.032282340216964724,2.7778864689236436e-33,True
-1.6421875,0.0,0.0008609242263468758,0.032045051021993766,4.8611049270677117e-33,True
-1.6390625,0.0,0.0008701675108308812,0.03192768828167977,6.673068920950485e-33,True
-1.6359375000000003,0.0,0.000877429481940085,0.03195634169234766,7.78496326679176e-33,True
-1.6328125,0.0,0.0008827436583018684,0.0318499652955904,7.76722366698353e-33,True
-1.6296875000000002,0.0,0.0008880061527151658,0.03162798809874668,6.205011457503717e-33,True
-1.6265625,0.0,0.0008932183040901676,0.03152216463444076,2.6581349023389102e-33,True
-1.6234375,0.0,0.000894145468633167,0.031540197572768415,3.2681637200737416e-33,True
-1.6203125000000003,0.0,0.0008908574533827882,0.03141100784557449,1.094701633077138e-32,True
-1.6171875,0.0,0.0008876129088269783,0.03117108027034679,1.8891224783383078e-32,True
-1.6140625000000002,0.0,0.0008844114068929059,0.031044981253303825,2.558392801736391e-32,True
-1.6109375,0.0,0.0008744684992955597,0.03102011055052843,2.9291177765310904e-32,True
-1.6078125,0.0,0.000857890402054322,0.030834587944969506,2.8524366703159197e-32,True
-1.6046875000000003,0.0,0.0008414940671391152,0.03054382250462582,2.224076662100226e-32,True
-1.6015625,0.0,0.0008252764777681664,0.030364587971823398,9.298760121547951e-33,True
-1.5984375000000002,0.0,0.0008063235911725054,0.030334313755261848,1.117025955069693e-32,True
-1.5953125,0.0,0.0007846769206694517,0.030200248415634345,3.658594056146586e-32,True
-1.5921875,0.0,0.0007632585534230187,0.029965933344452078,6.16551817379445e-32,True
-1.5890625,0.0,0.0007420645671909069,0.029839462625471054,8.1491721573247e-32,True
-1.5859375,0.0,0.0007184218341644844,0.02985231204883115,9.137653820337935e-32,True
-1.5828125000000002,0.0,0.0006923660955375793,0.029758835748909567,8.743627726886875e-32,True
-1.5796875,0.0,0.0006665752367302121,0.02956726295577586,6.693657100854944e-32,True
-1.5765625,0.0,0.0006410446029659321,0.029482082855228884,2.745443611382729e-32,True
-1.5734375,0.0,0.0006126436255890633,0.02951502255651357,3.22795847483119e-32,True
-1.5703125,0.0,0.0005814126966366955,0.029424880756306882,1.0319211686164042e-31,True
-1.5671875000000002,0.0,0.0005504873895794964,0.029238989645733782,1.6944867956464834e-31,True
-1.5640625,0.0,0.0005198622202286299,0.02915826729706392,2.178232148736504e-31,True
-1.5609375,0.0,0.00048754541144101205,0.0291929346873476,2.369826756950629e-31,True
-1.5578125,0.0,0.0004535592971681846,0.0291066222672576,2.193482814695644e-31,True
-1.5546875,0.0,0.00041989365913435285,0.028927217052194115,1.6188381683085268e-31,True
-1.5515625000000002,0.0,0.0003865426583180354,0.02885054941105395,6.375880345382136e-32,True
-1.5484375,0.0,0.00035261840307907816,0.028884570632572736,7.183579586327553e-32,True
-1.5453125,0.0,0.0003181271183116873,0.02879907109414887,2.1939370853115148e-31,True
-1.5421875,0.0,0.00028394907984747816,0.028623151269530387,3.417967994206461e-31,True
-1.5390625,0.0,0.0002500784983750078,0.028547190446896558,4.132294406139908e-31,True
-1.5359375000000002,0.0,0.00021683458088941958,0.02857781028658713,4.202740677852562e-31,True
-1.5328125,0.0,0.00018420747735539692,0.028491362155388635,3.605933053154891e-31,True
-1.5296875,0.0,0.00015186542895848288,0.028317092873663994,2.4221395084378334e-31,True
-1.5265625,0.0,0.00011980309676768857,0.028239391215376136,8.455609721976641e-32,True
-1.5234375,0.0,9.069843219353876e-05,0.028276052836920224,8.315342332224231e-32,True
-1.5203125000000002,0.0,6.451243934941294e-05,0.028210595610926915,2.1705745551127533e-31,True
-1.5171875,0.0,3.8546253213770826e-05,0.028059787498765833,2.6859792848081587e-31,True
-1.5140625,0.0,1.2795700565933924e-05,0.028001443799405917,2.2091258749710958e-31,True
-1.5109375,0.0,0.0,0.0281478463486997,1.733626688273064e-31,True
-1.5078125,0.0,0.0,0.028288589884933827,1.7257614909058087e-31,True
-1.5046875000000002,0.0,0.0,0.02834422653068532,1.3756049786324334e-31,True
-1.5015625,0.0,0.0,0.028486293133099572,5.880090061259365e-32,True
-1.4984375,0.0,0.0,0.028681484424900122,7.253961551745692e-32,True
-1.4953125,0.0,0.0,0.02872520058782146,2.451267902005727e-31,True
-1.4921875,0.0,0.0,0.02868373781820564,4.263377434483654e-31,True
-1.4890625000000002,0.0,0.0,0.028728775806800753,5.817784444088489e-31,True
-1.4859375,0.0,0.0,0.02883099114313377,6.767844358497209e-31,True
-1.4828125,0.0,0.0,0.028791461803955202,6.753331061448977e-31,True
-1.4796875,0.0,0.0,0.028671587531358986,5.395757916701763e-31,True
-1.4765625,0.0,0.0,0.02863340099966411,2.311765450601844e-31,True
-1.4734375000000002,0.0,0.0,0.028656226105547782,2.8581602209715264e-31,True
-1.4703125,0.0,0.0,0.028552625455500642,9.678401489204275e-31,True
-1.4671875,0.0,0.0,0.02837347467547018,1.686740594890174e-30,True
-1.4640625,0.0,0.0,0.028271097597174923,2.306293714981091e-30,True
-1.4609375,0.0,0.0,0.02823353379094227,2.6875721788994334e-30,True
-1.4578125000000002,0.0,0.0,0.02808469680895805,2.6857970694199192e-30,True
-1.4546875,0.0,0.0,0.02786494027352345,2.149007359235452e-30,True
-1.4515625,0.0,0.0,0.02771733078543732,9.220298483789714e-31,True
-1.4484375,0.0,0.0,0.027638674128576398,1.1412622236488904e-30,True
-1.4453125,0.0,0.0,0.02746344452521627,3.867991645732183e-30,True
-1.4421875000000002,0.0,0.0,0.027221482577930216,6.746898315456159e-30,True
-1.4390625,0.0,0.0,0.027047238312589476,9.23285006623197e-30,True
-1.4359375,0.0,0.0,0.026946363202593054,1.076528082802586e-29,True
-1.4328125,0.0,0.0,0.02676320627437268,1.0761320062074066e-29,True
-1.4296875,0.0,0.0,0.026517211147379344,8.613008466034547e-30,True
-1.4265625000000002,0.0,0.0,0.02633501059227213,3.696444735158005e-30,True
-1.4234375,0.0,0.0,0.02623109502161553,4.57537213368227e-30,True
-1.4203125,0.0,0.0,0.026058438408294016,1.5502886278634226e-29,True
-1.4171875,0.0,0.0,0.025826192460677806,2.703467185448698e-29,True
-1.4140625,0.0,0.0,0.025654119363262094,3.698676902520586e-29,True
-1.4109375000000002,0.0,0.0,0.025565589556206404,4.310350325323828e-29,True
-1.4078125,0.0,0.0,0.025421231555389476,4.305433440496258e-29,True
-1.4046875,0.0,0.0,0.02522013198672692,3.4433400308449424e-29,True
-1.4015625,0.0,0.0,0.02507624493832733,1.4766996932772182e-29,True
-1.3984375,0.0,0.0,0.0250178206279166,1.8256350225144013e-29,True
-1.3953125000000002,0.0,0.0,0.024911555881942053,6.175655101404261e-29,True
-1.3921875,0.0,0.0,0.024750601451499366,1.0752091681726525e-28,True
-1.3890625,0.0,0.0,0.02464427535409458,1.468714705466754e-28,True
-1.3859375,0.0,0.0,0.02461795547646347,1.7080795154709488e-28,True
-1.3828125,0.0,0.0,0.024543822943125286,1.7018015293951443e-28,True
-1.3796875000000002,0.0,0.0,0.02441708037233224,1.3576698482426448e-28,True
-1.3765625,0.0,0.0,0.024342703807605757,5.80836410009301e-29,True
-1.3734375,0.0,0.0,0.024339295463900214,7.162330130722544e-29,True
-1.3703125,0.0,0.0,0.0242844302415334,2.416221232522426e-28,True
-1.3671875,0.0,0.0,0.024179142079096147,4.195506653225691e-28,True
-1.3640625000000002,0.0,0.0,0.024123460676009085,5.715980668718483e-28,True
-1.3609375,0.0,0.0,0.024129251441910946,6.630195807691536e-28,True
-1.3578125,0.0,0.0,0.024080455678325372,6.588604999709624e-28,True
-1.3546875,0.0,0.0,0.023983895443571917,5.242829498318798e-28,True
-1.3515625,0.0,0.0,0.023934143065345317,2.237339333630903e-28,True
-1.3484375000000002,0.0,0.0,0.02393632108046542,2.75199855403347e-28,True
-1.3453125,0.0,0.0,0.02388109337227799,9.260721001268475e-28,True
-1.3421875,0.0,0.0,0.02378087236005984,1.6040764462912049e-27,True
-1.3390625,0.0,0.0,0.023724189333990318,2.180123880290077e-27,True
-1.3359375,0.0,0.0,0.023709544582956495,2.5227403776865684e-27,True
-1.3328125000000002,0.0,0.0,0.023635374032082917,2.5009196500311637e-27,True
-1.3296875,0.0,0.0,0.02351954939638608,1.9853945510251044e-27,True
-1.3265625,0.0,0.0,0.023443920731894254,8.452891728282743e-28,True
-1.3234375,0.0,0.0,0.023400423046,1.0372975343004398e-27,True
-1.3203125,0.0,0.0,0.023295762732069656,3.482601231435917e-27,True
-1.3171875000000002,0.0,0.0,0.023152993834948805,6.018603357252245e-27,True
-1.3140625,0.0,0.0,0.023046610857574402,8.161580204224984e-27,True
-1.3109375,0.0,0.0,0.02296217105810749,9.423126468360821e-27,True
-1.3078125,0.0,0.0,0.02281577065163191,9.320872217776317e-27,True
-1.3046875,0.0,0.0,0.022635430525271193,7.383206325200645e-27,True
-1.3015625000000002,0.0,0.0,0.022487599292871155,3.1364665985807547e-27,True
-1.2984375,0.0,6.399864480653413e-06,0.022407895300428273,4.437099388856354e-27,True
-1.2953125,0.0,1.9162756124592443e-05,0.02232143903031054,1.885113262869768e-26,True
-1.2921875,0.0,3.187748397670265e-05,0.022204247735527694,3.9367538019862894e-26,True
-1.2890625,0.0,4.4545176784451066e-05,0.022114034808526938,6.253117399909968e-26,True
-1.2859375000000002,0.0,6.222864495728626e-05,0.022078373367921747,8.700321519177039e-26,True
-1.2828125,0.0,8.490142264110588e-05,0.022030459279675344,1.0489621776981513e-25,True
-1.2796875,0.0,0.00010749443210613807,0.02195320760186035,9.794969479446595e-26,True
-1.2765625,0.0,0.00013000959987308154,0.021899985160371442,4.790184906116875e-26,True
-1.2734375,0.0,0.0001519323199161682,0.021860551496827113,6.617228311734483e-26,True
-1.2703125000000002,0.0,0.0001732671201756238,0.021772534328404057,2.464656558989364e-25,True
-1.2671875,0.0,0.00019453316454795232,0.02165629891925456,4.676469385666735e-25,True
-1.2640625,0.0,0.00021573218709551353,0.021563266048413604,6.903617514027624e-25,True
-1.2609375,0.0,0.00023513911969199995,0.02148080584545785,8.568303202789004e-25,True
-1.2578125,0.0,0.0002527640183793731,0.021349497477376023,9.016957171586668e-25,True
-1.2546875000000002,0.0,0.0002703378811132102,0.021191730939428114,7.569559368396875e-25,True
-1.2515625,0.0,0.0002878620715919901,0.021056295977976577,3.395310659780483e-25,True
-1.2484375,0.0,0.00030254244782642486,0.02092920917007881,4.351779038668775e-25,True
-1.2453125,0.0,0.00031439308544166725,0.020753799381801524,1.5096539833734071e-24,True
-1.2421875,0.0,0.00032621466768169386,0.020553414514673574,2.693393666217866e-24,True
-1.2390625000000002,0.0,0.00033800805633742295,0.020374991206647257,3.766521949004828e-24,True
-1.2359375,0.0,0.00034609509569102475,0.02020469082659132,4.44114615944438e-24,True
-1.2328125,0.0,0.00035049237609699376,0.019987714767195564,4.446007154973844e-24,True
-1.2296875,0.0,0.0003548845218813048,0.019747030919099743,3.564382717466123e-24,True
-1.2265625,0.0,0.0003592718045726609,0.019528478773517523,1.5342682430670614e-24,True
-1.2234375000000002,0.0,0.0003591725081886921,0.019318989677162574,1.8717283340265243e-24,True
-1.2203125,0.0,0.000354604871975942,0.019064711933532888,6.221506611005471e-24,True
-1.2171875,0.0,0.0003500565950951858,0.018787738943706972,1.0630490606372976e-23,True
-1.2140625,0.0,0.00034552729804335767,0.018533547373379675,1.4248641686106202e-23,True
-1.2109375,0.0,0.00034088148722214774,0.018325033493526512,1.6262010952452404e-23,True
-1.2078125000000002,0.0,0.00033611929904258877,0.01810752218003145,1.5900415282902988e-23,True
-1.2046875,0.0,0.0003313756405025011,0.017866848863879445,1.2440421584740633e-23,True
-1.2015625,0.0,0.00032665013266018926,0.017648777268320193,5.194462795887163e-24,True
-1.1984375,0.0,0.00034273496618916473,0.01761667714479697,6.765809636589219e-24,True
-1.1953125,0.0,0.00037955720317869277,0.017710502691381903,2.470294813364898e-23,True
-1.1921875000000002,0.0,0.00041630204708905755,0.017774605312519513,4.629790222351519e-23,True
-1.1890625,0.0,0.000452971892471199,0.017857140777349154,6.770656317782898e-23,True
-1.1859375,0.0,0.0004959469765437337,0.018023175789047944,8.491404627565433e-23,True
-1.1828125,0.0,0.0005452089599275959,0.01820952762962793,9.176002858622782e-23,True
-1.1796875,0.0,0.0005943760647454894,0.0183605145892697,7.905596245338349e-23,True
-1.1765625000000002,0.0,0.0006434513748841089,0.018531042305675146,3.6961830173075354e-23,True
-1.1734375,0.0,0.0006763736994583236,0.018643445387651905,4.428850538537147e-23,True
-1.1703125,0.0,0.0006931942172912013,0.018634631116417878,1.5540062601151608e-22,True
-1.1671875,0.0,0.0007099945182453722,0.018593718443985868,2.7519756454142697e-22,True
-1.1640625,0.0,0.0007267755507796557,0.018576023634080757,3.8089863377541873e-22,True
-1.1609375000000002,0.0,0.0007296722996155549,0.01851503938442635,4.400200587460618e-22,True
-1.1578125,0.0,0.0007187240063039933,0.018350904686144472,4.264355916011856e-22,True
-1.1546875,0.0,0.000707808912708214,0.01816082084200566,3.274699971803136e-22,True
-1.1515625,0.0,0.0006969262646358912,0.01799371371909696,1.249711134822466e-22,True
-1.1484375,0.0,0.000674406833790235,0.017793092421109446,1.9273416113056052e-22,True
-1.1453125000000002,0.0,0.0006402794647376408,0.017507002340626507,5.724106900702889e-22,True
-1.1421875,0.0,0.0006062206465790329,0.017201365846477308,9.309011044866125e-22,True
-1.1390625,0.0,0.0005722283221176984,0.01691827999445098,1.1995601095629537e-21,True
-1.1359375,0.0,0.0005288274094859951,0.016610715588813156,1.3030283756140585e-21,True
-1.1328125,0.0,0.0004760378042022691,0.016234518938893237,1.2007963530028143e-21,True
-1.1296875000000002,0.0,0.00042333698083543014,0.015844664542246423,9.071288607584517e-22,True
-1.1265625,0.0,0.0003707219200601139,0.01547621955322209,4.4001913268902845e-22,True
-1.1234375,0.0,0.000310930026517281,0.01509128520741832,1.534371500643872e-22,True
-1.1203125,0.0,0.00024397356902242865,0.01465410256752334,6.850134946800652e-22,True
-1.1171875,0.0,0.00017711365890849402,0.01420916134281705,9.632345008202716e-22,True
-1.1140625000000002,0.0,0.00011034663224979153,0.01378450038132824,9.179655479647288e-22,True
-1.1109375,0.0,6.735060266794251e-05,0.013486817968202981,7.4104470211349935e-22,True
-1.1078125,0.0,4.8077340288464e-05,0.01328225477184966,5.402116467866044e-22,True
-1.1046875,0.0,2.88287734914798e-05,0.013067231180419903,2.2535356188521234e-22,True
-1.1015625,0.0,9.603882544223726e-06,0.012862966927939963,1.2791407098370135e-22,True
-1.0984375000000002,0.0,0.0,0.012705086197797692,4.992961994136887e-22,True
-1.0953125,0.0,0.0,0.012567534933626088,1.0108955962527625e-21,True
-1.0921875,0.0,0.0,0.012418209225012721,1.5934504503340986e-21,True
-1.0890625,0.0,0.0,0.01227731406059845,2.1967603921665597e-21,True
-1.0859375,0.0,0.0,0.012138611977085744,2.774497017798695e-21,True
-1.0828125000000002,0.0,0.0,0.011979685960257107,3.280067009867575e-21,True
-1.0796875,0.0,0.0,0.0118104891537064,3.663339142134572e-21,True
-1.0765625,0.0,0.0,0.011648899280238469,3.876963670869123e-21,True
-1.0734375,0.0,0.0,0.011490312164166452,3.89399012118813e-21,True
-1.0703125,0.0,0.0,0.011315523904017565,4.0518465008297936e-21,True
-1.0671875000000002,0.0,0.0,0.011132474326107998,5.050641615248714e-21,True
-1.0640625,0.0,0.0,0.01095647206122644,7.608382439196984e-21,True
-1.0609375,0.0,0.0,0.01078424511955875,1.2453285444801149e-20,True
-1.0578125,0.0,0.0,0.010599050143568794,2.032287046363752e-20,True
-1.0546875,0.0,0.0,0.010406919345412954,3.194486708652766e-20,True
-1.0515625000000002,0.0,0.0,0.010220968767336436,4.805931884059092e-20,True
-1.0484375,0.0,0.0,0.010039230235894788,6.944140152933774e-20,True
-1.0453125,0.0,0.0,0.009847668085805488,9.614526018088616e-20,True
-1.0421875,0.0,0.0,0.009650730880653382,1.2740100330857863e-19,True
-1.0390625,0.0,0.0,0.009459687227848866,1.6244039615088034e-19,True
-1.0359375000000002,0.0,0.0,0.009273612640061117,2.0064881832774255e-19,True
-1.0328125,0.0,0.0,0.00908009854584009,2.4133470800160243e-19,True
-1.0296875,0.0,0.0,0.008882097245209362,2.835731344593013e-19,True
-1.0265625,0.0,0.0,0.00868932470437404,3.2655557344718883e-19,True
-1.0234375,0.0,0.0,0.008501849876666776,3.697824553157058e-19,True
-1.0203125000000002,0.0,0.0,0.008309241419065454,4.13845364946413e-19,True
-1.0171875,0.0,0.0,0.008113275137601591,4.603157755901507e-19,True
-1.0140625,0.0,0.0,0.007922363524506157,5.111104199398189e-19,True
-1.0109375,0.0,0.0,0.00773728816675889,5.685594166392571e-19,True
-1.0078125,0.0,0.0,0.007548635787234065,6.348006819657337e-19,True
-1.0046875000000002,0.0,0.0,0.007357109207527942,7.116153814244497e-19,True
-1.0015625,0.0,0.0,0.0071700411618335486,8.011769579444505e-19,True
-0.9984375,0.0,0.0,0.006988653549054962,9.058207338817327e-19,True
-0.9953125,0.0,0.0,0.006805027342209585,1.0268497941566519e-18,True
-0.9921875000000001,0.0,0.0,0.006619377891743379,1.164420580725001e-18,True
-0.9890625000000001,0.0,0.0,0.006438165534664867,1.3187737644304324e-18,True
-0.9859375,0.0,0.0,0.006262475225050076,1.4898200597975934e-18,True
-0.9828125,0.0,0.0,0.006085212326018471,1.6776891775460078e-18,True
-0.9796875,0.0,0.0,0.005906454327457138,1.8829113035804158e-18,True
-0.9765625000000001,0.0,0.0,0.005731661000531064,2.1057246400812564e-18,True
-0.9734375000000001,0.0,0.0,0.005561643010640918,2.3460287933904843e-18,True
-0.9703125,0.0,0.0,0.005390777661585867,2.6066731321954422e-18,True
-0.9671875,0.0,0.0,0.005219245275369183,2.893775502146204e-18,True
-0.9640625,0.0,0.0,0.005051413785760808,3.213325208028027e-18,True
-0.9609375000000001,0.0,0.0,0.004887742768344802,3.570844159078242e-18,True
-0.9578125000000001,0.0,0.0,0.004723501982496903,3.972474684589285e-18,True
-0.9546875,0.0,0.0,0.004558918045266887,4.42528362405411e-18,True
-0.9515625,0.0,0.0,0.00439745508710434,4.93593551899892e-18,True
-0.9484375,0.0,0.0,0.0042394063496782155,5.510295077969072e-18,True
-0.9453125000000001,0.0,0.0,0.004081292493710797,6.153897404952035e-18,True
-0.9421875000000001,0.0,0.0,0.003923427328932275,6.872365501843927e-18,True
-0.9390625,0.0,0.0,0.0037684862385107586,7.670539789201271e-18,True
-0.9359375,0.0,0.0,0.003616563163328051,8.551951492045632e-18,True
-0.9328125,0.0,0.0,0.0034648410511843634,9.521196156407418e-18,True
-0.9296875000000001,0.0,0.0,0.003313644514036613,1.0584626429744233e-17,True
-0.9265625000000001,0.0,0.0,0.0031650058721662995,1.1747414377582637e-17,True
-0.9234375,0.0,0.0,0.0030189478559208578,1.3013166708020602e-17,True
-0.9203125,0.0,0.0,0.002873570538398357,1.4396891525667618e-17,True
-0.9171875,0.0,0.0,0.0027292651862470736,1.592629043265508e-17,True
-0.9140625000000001,0.0,0.0,0.002587547921295917,1.7628231021097113e-17,True
-0.9109375000000001,0.0,0.0,0.0024483655507210106,1.952737117596709e-17,True
-0.9078125,0.0,0.0,0.0023102745749990624,2.1650970341994285e-17,True
-0.9046875,0.0,0.0,0.0021736276848128904,2.4030204645473875e-17,True
-0.9015624999999999,0.0,0.0,0.002039497283801675,2.6694286569422693e-17,True
-0.8984375,0.0,0.0,0.0019078200759811957,2.9671837637495145e-17,True
-0.8953125000000001,0.0,0.0,0.0017777285930084998,3.2994071479004535e-17,True
-0.8921875,0.0,0.0,0.0016495542499739275,3.6695469245513246e-17,True
-0.8890625,0.0,0.0,0.0015240208954703607,4.081016553065012e-17,True
-0.8859374999999999,0.0,0.0,0.0014010734606589971,4.5375492413656205e-17,True
-0.8828125,0.0,0.0,0.0012801262068755062,5.042791183658077e-17,True
-0.8796875000000001,0.0,0.0,0.0011614059954793325,5.60018656828623e-17,True
-0.8765625,0.0,0.0,0.0010453528150238367,6.213484052701524e-17,True
-0.8734375,0.0,0.0,0.0009319249322997167,6.8870655328568e-17,True
-0.8703124999999999,0.0,0.0,0.0008207964900059815,7.628100290321318e-17,True
-0.8671875,0.0,0.0,0.0007121084227600958,8.446438980321623e-17,True
-0.8640625000000001,0.0,0.0,0.0006060933460623571,9.352680649126546e-17,True
-0.8609375,0.0,0.0,0.0005027201080647137,1.0358260866653172e-16,True
-0.8578125,0.0,0.0,0.00040184550887106205,1.1474457764421105e-16,True
-0.8546874999999999,0.0,0.0,0.0003035557293500523,1.2712122839421339e-16,True
-0.8515625,0.0,0.0,0.0002079471922192967,1.408290441097499e-16,True
-0.8484375000000001,0.0,0.0,0.00011499248119424012,1.5599661826790547e-16,True
-0.8453125,0.0,0.0,2.4602090990612132e-05,1.7278658549331132e-16,True
-0.8421875,0.0,0.0,-6.318735745725994e-05,1.9139317786502096e-16,False
-0.8390624999999999,0.0,0.0,-0.0001483626244234389,2.1202411631972235e-16,False
-0.8359375,0.0,0.0,-0.0002309281928275422,2.349020891658699e-16,False
-0.8328125000000001,0.0,0.0,-0.00031083406969115856,2.602476843223163e-16,False
-0.8296875,0.0,0.0,-0.00038805363207488404,2.882747392291634e-16,False
-0.8265625,0.0,0.0,-0.00046261072590103174,3.192113368740565e-16,False
-0.8234374999999999,0.0,0.0,-0.0005345258125680263,3.5330769070504063e-16,False
-0.8203125,0.0,0.0,-0.0006038701495110968,3.9091333747756925e-16,False
-0.8171875000000001,0.0,0.0,-0.0006706516135937955,4.3247476204401836e-16,False
-0.8140625,0.0,0.0,-0.0007348975859838796,4.784652641135308e-16,False
-0.8109375,0.0,0.0,-0.0007966030276275655,5.293841649170749e-16,False
-0.8078124999999999,0.0,0.0,-0.0008557227432647533,5.857316391040271e-16,False
-0.8046875,0.0,0.0,-0.0009122406990984338,6.480019835772359e-16,False
-0.8015625000000001,0.0,0.0,-0.0009661423113532086,7.167145433343883e-16,False
-0.7984375,0.0,0.0,-0.001017448511417359,7.924104017106485e-16,False
-0.7953125,0.0,0.0,-0.0010663619510313496,8.758417404580194e-16,False
-0.7921874999999999,0.0,0.0,-0.0011128972172323238,9.679777811648328e-16,False
-0.7890625,0.0,0.0,-0.001157009729747149,1.0698205352430039e-15,False
-0.7859375000000001,0.0,0.0,-0.001198682845558648,1.182372102837177e-15,False
-0.7828125,0.0,0.0,-0.0012379290074153273,1.3066737879909238e-15,False
-0.7796875,0.0,0.0,-0.001274728561189605,1.4438166671840609e-15,False
-0.7765624999999999,0.0,0.0,-0.001309049580239418,1.5948943321754778e-15,False
-0.7734375,0.0,0.0,-0.0013409191207027014,1.7610073950279687e-15,False
-0.7703125000000001,0.0,0.0,-0.0013705826997465805,1.943748377590669e-15,False
-0.7671875,0.0,0.0,-0.0013980651784161835,2.1452318897595615e-15,False
-0.7640625,0.0,0.0,-0.0014233529781958992,2.367606364502703e-15,False
-0.7609374999999999,0.0,0.0,-0.0014464358346573344,2.6130129664516552e-15,False
-0.7578125,0.0,0.0,-0.0014673002798888455,2.88367895749033e-15,False
-0.7546875000000001,0.0,0.0,-0.0014859293717987352,3.1819424599761028e-15,False
-0.7515625,0.0,0.0,-0.0015023094320320426,3.510139605874569e-15,False
-0.7484375,0.0,0.0,-0.0015164749837315954,3.870610156429985e-15,False
-0.7453124999999999,0.0,0.0,-0.0015286768900119462,4.266708321348495e-15,False
-0.7421875,0.0,0.0,-0.0015389524016728802,4.702867709299242e-15,False
-0.7390625000000001,0.0,0.0,-0.0015473225594139143,5.1835790642219014e-15,False
-0.7359375,0.0,0.0,-0.0015537770056659927,5.7133014217487395e-15,False
-0.7328125,0.0,0.0,-0.0015582135026935941,6.2966777155059044e-15,False
-0.7296874999999999,0.0,0.0,-0.001560633981687385,6.938591011674149e-15,False
-0.7265625,0.0,0.0,-0.0015611469398223192,7.643903934059815e-15,False
-0.7234375000000001,0.0,0.0,-0.0015597978706627525,8.417466258116513e-15,False
-0.7203125,0.0,0.0,-0.0015566631027033192,9.266253957306566e-15,False
-0.7171875,0.0,0.0,-0.0015518124051150167,1.0199507884432277e-14,False
-0.7140624999999999,0.0,0.0,-0.0015454751912206978,1.1226564004386714e-14,False
-0.7109375,0.0,0.0,-0.0015376567661304036,1.235666339359572e-14,False
-0.7078125000000001,0.0,0.0,-0.0015279812763715698,1.3599433609074943e-14,False
-0.7046875,0.0,0.0,-0.0015164877403639526,1.496501213583726e-14,False
-0.7015625,0.0,0.0,-0.001503544337427054,1.6463465157741865e-14,False
-0.6984374999999999,0.0,0.0,-0.0014892156167988049,1.810487397820527e-14,False
-0.6953125,0.0,0.0,-0.0014732619172100054,1.9903599138162416e-14,False
-0.6921875000000001,0.0,0.0,-0.0014557953478112427,2.187853336831963e-14,False
-0.6890625,0.0,0.0,-0.0014373286575754204,2.404878920260686e-14,False
-0.6859375,0.0,0.0,-0.0014178891289557544,2.6433432988007113e-14,False
-0.6828124999999999,0.0,0.0,-0.0013968000596357964,2.90521827149166e-14,False
-0.6796875,0.0,0.0,-0.0013741350598042209,3.192558393507629e-14,False
-0.6765625000000001,0.0,0.0,-0.0013504928774283138,3.5074168031125816e-14,False
-0.6734375,0.0,0.0,-0.0013259545929279395,3.8518514268310696e-14,False
-0.6703125,0.0,0.0,-0.0013000682605683427,4.2287824963676296e-14,False
-0.6671874999999999,0.0,0.0,-0.0012729632945891018,4.642040751498288e-14,False
-0.6640625,0.0,0.0,-0.0012452673147252602,5.095500819083634e-14,False
-0.6609375000000001,0.0,0.0,-0.00121701404444293,5.593005839125664e-14,False
-0.6578125,0.0,0.0,-0.0011874540577434469,6.138540317552053e-14,False
-0.6546875,0.0,0.0,-0.0011566699468620394,6.736272984818366e-14,False
-0.6515624999999999,0.0,0.0,-0.0011252758326772592,7.390348666686115e-14,False
-0.6484375,0.0,0.0,-0.0010933446556064812,8.104892535745894e-14,False
-0.6453125000000001,0.0,0.0,-0.0010604219664908942,8.8857666935907e-14,False
-0.6421875,0.0,0.0,-0.0010266378882634822,9.740674309530298e-14,False
-0.6390625,0.0,0.0,-0.0009925775208900612,1.067737483566846e-13,False
-0.6359374999999999,0.0,0.0,-0.0009582638302417193,1.1703523221263754e-13,False
-0.6328125,0.0,0.0,-0.0009230203275690334,1.2827074050545066e-13,False
-0.6296875000000001,0.0,0.0,-0.000886932537669505,1.4056380144303928e-13,False
-0.6265625,0.0,0.0,-0.0008505416084221364,1.5399707041217744e-13,False
-0.6234375,0.0,0.0,-0.0008139011702951328,1.6865227318525552e-13,False
-0.6203124999999999,0.0,0.0,-0.0007766315190200854,1.8464566890716432e-13,False
-0.6171875,0.0,0.0,-0.0007388580136552724,2.0213023802676244e-13,False
-0.6140625000000001,0.0,0.0,-0.0007010661387787403,2.2125948257080396e-13,False
-0.6109375,0.0,0.0,-0.0006632619695229219,2.421840819154639e-13,False
-0.6078125,0.0,0.0,-0.0006249079759743503,2.650609295340938e-13,False
-0.6046874999999999,0.0,0.0,-0.0005860873942953098,2.900553028432903e-13,False
-0.6015625,0.0,0.0,-0.0005472136598160375,3.1733003415747577e-13,False
-0.5984375000000001,0.0,0.0,-0.0005083148685105362,3.4704481658224356e-13,False
-0.5953125,0.0,0.0,-0.0004691493432295977,3.7942743272021823e-13,False
-0.5921875,0.0,0.0,-0.0004298291543474292,4.147783824584313e-13,False
-0.5890624999999999,0.0,0.0,-0.0003906781332198502,4.5339778667450187e-13,False
-0.5859375,0.0,0.0,-0.00035169357480847386,4.955780412362502e-13,False
-0.5828125000000001,0.0,0.0,-0.0003127121704643596,5.416248022883206e-13,False
-0.5796875,0.0,0.0,-0.0002737065404050669,5.918619467935129e-13,False
-0.5765625,0.0,0.0,-0.00023463873679502575,6.466064969769434e-13,False
-0.5734374999999999,0.0,0.0,-0.0001955573361943722,7.061673700779443e-13,False
-0.5703125,0.0,0.0,-0.00015682063779039876,7.709857307139063e-13,False
-0.5671875000000001,0.0,0.0,-0.00011827613452543589,8.416443738156142e-13,False
-0.5640625,0.0,0.0,-7.965177937668095e-05,9.18723132898052e-13,False
-0.5609375,0.0,0.0,-4.106239505491919e-05,1.0027851603936719e-12,False
-0.5578124999999999,0.0,0.0,-2.646120982479685e-06,1.0944195860572028e-12,False
-0.5546875,0.0,0.0,3.587982007494636e-05,1.1942514394088333e-12,True
-0.5515625000000001,0.0,0.0,7.444116591450233e-05,1.302890813846936e-12,True
-0.5484375,0.0,0.0,0.0001127453512498204,1.4209301423249346e-12,True
-0.5453125,0.0,0.0,0.0001515366365425053,1.5492144730680058e-12,True
-0.5421874999999999,0.0,0.0,0.00019119144478134246,1.6888595274558878e-12,True
-0.5390625,0.0,0.0,0.00023027379595658905,1.8409727198321143e-12,True
-0.5359375000000001,0.0,0.0,0.0002681820028688462,2.0066267142765134e-12,True
-0.5328125,0.0,0.0,0.0003088238685599558,2.1869442534729194e-12,True
-0.5296875,0.0,0.0,0.0003526518036732708,2.3831175743524766e-12,True
-0.5265624999999999,0.0,0.0,0.00039443541525678843,2.596307594681096e-12,True
-0.5234375,0.0,0.0,0.00043298570678127255,2.8276382635569915e-12,True
-0.5203125000000001,0.0,0.0,0.0004815249492484631,3.078710088991483e-12,True
-0.5171875,0.0,0.0,0.000540297294907736,3.351634313768399e-12,True
-0.5140625,0.0,0.0,0.0005919378073100522,3.648502006285957e-12,True
-0.5109374999999999,0.0,0.0,0.0006316436960328646,3.9713338383941055e-12,True
-0.5078125,0.0,0.0,0.0006699590450525022,4.32224565753921e-12,True
-0.5046875000000001,0.0,0.0,0.0007076901457201606,4.703485775681483e-12,True
-0.5015625,0.0,0.0,0.0007448329838691186,5.117238740654941e-12,True
