s,center,force_integral,maximum_abs_normal_force_density,proper_width,hoop_cone_failed_cells
0.0,-1.7,-6.780788525770772,0.025753980709647517,5.54988937554485,0
0.01,-1.7,-6.785532781553795,0.025886935262627156,5.524793170917438,0
0.02,-1.7,-6.78398811041475,0.026001343999703923,5.498758951891191,0
0.03,-1.7,-6.782396603395788,0.026121037339282505,5.471788686617208,0
0.04,-1.7,-6.780752906737616,0.026246118786926797,5.44388558189515,0
0.05,-1.7,-6.77905179982811,0.02637669382583298,5.4150540700826895,0
0.06,-1.7,-6.777578253360114,0.026514004791166435,5.3852997957294395,0
0.07,-1.7,-6.776093493766856,0.026657260826548335,5.354629603286729,0
0.08,-1.7,-6.774591843457507,0.02680657540962451,5.323051513087052,0
0.09,-1.7,-6.772999358836115,0.026961792488916704,5.290574699127679,0
0.1,-1.7,-6.771228828407081,0.02712269842729631,5.257209466730815,0
0.11,-1.7,-6.7692606111279146,0.02728934561398576,5.222967229906019,0
0.12,-1.7,-6.767075567252637,0.02746178859157814,5.1878604896650655,0
0.13,-1.7,-6.764654978707499,0.027640083752890843,5.151902801661983,0
0.14,-1.7,-6.761980611660301,0.027824289592137855,5.115108745557053,0
0.15,-1.7,-6.759034637336628,0.028014466369857827,5.0774938943611145,0
0.16,-1.7,-6.755799637929266,0.02821067610987655,5.039074783620329,0
0.17,-1.7,-6.752260520628317,0.02841299061008527,4.999868881589598,0
0.18,-1.7,-6.748443272000705,0.028621656125052974,4.959894549907083,0
0.19,-1.7,-6.744340970077385,0.02883678402907833,4.919171006054906,0
0.2,-1.7,-6.739940049140655,0.029058458592584848,4.877718286035596,0
0.21,-1.7,-6.735227759989067,0.029286768206573548,4.83555720715269,0
0.22,-1.7,-6.730102768575115,0.02952141329110406,4.792709331939604,0
0.23,-1.7,-6.724727259963713,0.029763247158644663,4.749196923840685,0
0.24,-1.7,-6.719004716568589,0.030011995893555733,4.7050429048427755,0
0.25,-1.7,-6.712922393212437,0.030267750269240546,4.6602708136481015,0
0.26,-1.7,-6.706487195565923,0.030530690837591776,4.614904764297053,0
0.27,-1.7,-6.699837574282858,0.030801606638780857,4.568969406178953,0
0.28,-1.7,-6.69300568340551,0.031080821434562443,4.522489877068981,0
0.29,-1.7,-6.685994046244836,0.031368530082545074,4.475491758336894,0
0.3,-1.7,-6.678804311326854,0.03166492815784518,4.428001031066183,0
0.31,-1.7,-6.671437919523287,0.031970215090441005,4.380044033004144,0
0.32,-1.7,-6.663895759176544,0.032284592578787755,4.3316474171732064,0
0.33,-1.7,-6.656178159663097,0.032608264586198796,4.282838104751378,0
0.34,-1.7,-6.648284915750294,0.03294143746142271,4.233643240357391,0
0.35000000000000003,-1.7,-6.640220449855514,0.033284345801668364,4.18409014861255,0
0.36,-1.7,-6.632006906688428,0.03363732036933835,4.134206291903677,0
0.37,-1.7,-6.623651726507601,0.034000627263737856,4.084019230069903,0
0.38,-1.7,-6.6151602427934355,0.034374529314745744,4.033556575521071,0
0.39,-1.7,-6.606537140952592,0.03475929337177094,3.982845950963434,0
0.4,-1.7,-6.597786495432664,0.03515519054402689,3.931914948724368,0
0.41000000000000003,-1.7,-6.588911762731747,0.0355624961987646,3.880791091597742,0
0.42,-1.7,-6.579915822200931,0.03598149019274597,3.829501795826941,0
0.43,-1.7,-6.570800967690967,0.03641245687381285,3.778074330560583,0
0.44,-1.7,-6.561490197545974,0.03685524299224971,3.7265357800547902,0
0.45,-1.7,-6.551865805701481,0.03730944692347137,3.6749130077202334,0
0.46,-1.7,-6.541925343557598,0.03777530139799143,3.623232621928581,0
0.47000000000000003,-1.7,-6.53166724535116,0.03825304838538201,3.5715209440938263,0
0.48,-1.7,-6.521090076949295,0.03874293502101125,3.5198039741169853,0
0.49,-1.7,-6.510192513904322,0.03924521354875545,3.468107358630809,0
0.5,-1.7,-6.498973356913479,0.039760141472769545,3.416456361238034,0
0.51,-1.7,-6.487431542147986,0.04028798167725297,3.364875834648299,0
0.52,-1.7,-6.475564551252061,0.04082899244790199,3.313390195134566,0
0.53,-1.7,-6.463264443065123,0.04138276109258704,3.2620233950780064,0
0.54,-1.7,-6.450452791741627,0.04194902845687412,3.2107988982701228,0
0.55,-1.7,-6.437112672477339,0.04252791238121962,3.159739657251979,0
0.56,-1.7,-6.423227976642385,0.043119530608522326,3.10886809258589,0
0.5700000000000001,-1.7,-6.408783383309491,0.043724000343783403,3.0582060743945867,0
0.58,-1.7,-6.39376435992957,0.04434143802838124,3.0077749025464193,0
0.59,-1.7,-6.378157159147905,0.04497195906933488,2.957595289460494,0
0.6,-1.7,-6.3619487881471315,0.04561567735774883,2.907687344890361,0
0.61,-1.7,-6.345138132402281,0.04627278609852705,2.8580705625737206,0
0.62,-1.7,-6.327831899360779,0.0469442762893674,2.8087638090080542,0
0.63,-1.7,-6.3100569801167605,0.04763058989199476,2.759785311271954,0
0.64,-1.7,-6.2918112776945945,0.04833196064099748,2.711152647245979,0
0.65,-1.7,-6.27309298313185,0.049048623802488756,2.662882737664438,0
0.66,-1.7,-6.253900589324696,0.04978081611944934,2.6149918398807586,0
0.67,-1.7,-6.234232901450697,0.05052877572801795,2.5674955435430604,0
0.68,-1.7,-6.214089043223154,0.05129274202987798,2.5204087655760565,0
0.6900000000000001,-1.7,-6.193468481393598,0.05207295587267775,2.473745747277583,0
0.7000000000000001,-1.7,-6.172407614321088,0.05286997253179163,2.4275200530289505,0
0.71,-1.7,-6.151082114526293,0.05368558465566835,2.3817445705010454,0
0.72,-1.7,-6.12949864529712,0.05452019902968872,2.336431512501392,0
0.73,-1.7,-6.1076381289845445,0.05537399016779182,2.2915924182739205,0
0.74,-1.7,-6.0854835532487925,0.056247161570933166,2.2472381565865502,0
0.75,-1.7,-6.063013690428594,0.05713982041851076,2.2033789301693067,0
0.76,-1.7,-6.040181705903588,0.058051615907264445,2.160024281388335,0
0.77,-1.7,-6.016910270947623,0.0589816311437424,2.117183099261215,0
0.78,-1.7,-5.993123185762176,0.05992890360944811,2.0748636259843436,0
0.79,-1.7,-5.9688171602471325,0.06089318788905296,2.0330734649029654,0
0.8,-1.7,-5.944050174497887,0.06187488532738424,1.991819589546098,0
0.81,-1.7,-5.9187837742812635,0.0628734443250466,1.951108353618998,0
0.8200000000000001,-1.7,-5.89298241638697,0.06388833252944047,1.9109455020294535,0
0.8300000000000001,-1.7,-5.866615872521336,0.06491906466616337,1.8713361814251512,0
0.84,-1.7,-5.83965909057252,0.06596520498243998,1.832284951832324,0
0.85,-1.7,-5.81209199511987,0.06702636905567559,1.7937957990731235,0
0.86,-1.7,-5.783899336637658,0.0681022264698487,1.7558721478648636,0
0.87,-1.7,-5.755070438184415,0.0691925024065674,1.71851687565752,0
0.88,-1.7,-5.725545360742674,0.07029632052217931,1.6817323259452956,0
0.89,-1.7,-5.695273607905266,0.07141287311669044,1.6455203223602084,0
0.9,-1.7,-5.664240617541996,0.07254176813145659,1.6098821832759258,0
0.91,-1.7,-5.632401311784255,0.07368220464768241,1.5748187368376596,0
0.92,-1.7,-5.599734433112287,0.07483365363456349,1.5403303364623742,0
0.93,-1.7,-5.566226159033805,0.07599566324071771,1.506416875759869,0
0.9400000000000001,-1.7,-5.531866110704611,0.07716781031692548,1.473077803952715,0
0.9500000000000001,-1.7,-5.496647118805805,0.07834969880311048,1.4403121415689633,0
0.96,-1.7,-5.460584047058877,0.07954123538115268,1.4081184963374607,0
0.97,-1.7,-5.424052864719937,0.08074770890466056,1.3764950793237276,0
0.98,-1.7,-5.387238309346503,0.08197197757103032,1.3454397204327235,0
0.99,-1.7,-5.3502031027787575,0.08321525154474504,1.3149498841719458,0
1.0,-1.7,-5.313011047263586,0.08447885229385935,1.2850226854893618,0
1.01,-1.7,-5.275726854075515,0.0857642147494731,1.255654905630206,0
1.02,-1.7,-5.2384159602405385,0.08707288904057349,1.2268430080487287,0
1.03,-1.7,-5.201144359924851,0.08840654224332929,1.1985831536421832,0
1.04,-1.7,-5.163978457582451,0.08976696049705105,1.1708712160553312,0
1.05,-1.7,-5.126977260571095,0.09115591482234414,1.1437027969050346,0
1.06,-1.7,-5.090163596106147,0.09257462653875702,1.1170732408825919,0
1.07,-1.7,-5.053502596793475,0.09402329430076475,1.090977650770932,0
1.08,-1.7,-5.016888264299107,0.09550071337527581,1.0654109017547004,0
1.09,-1.7,-4.979857676126285,0.09699854368563264,1.0403676556594803,0
1.1,-1.7,-4.942679978198606,0.09852218761203779,1.0158423749992955,0
1.11,-1.7,-4.905620500994446,0.1000774245310519,0.9918293368024944,0
1.12,-1.7,-4.8688747406491295,0.10166905082621125,0.9683226462557346,0
1.1300000000000001,-1.7,-4.831985816237353,0.10328828434089732,0.9453162496291262,0
1.1400000000000001,-1.7,-4.795388960274726,0.10494492719661692,0.9228039470341098,0
1.1500000000000001,-1.7,-4.760285737491289,0.10666680841850289,0.9007794049175106,0
1.16,-1.7,-4.726717852083128,0.10845770392932642,0.8792361682725692,0
1.17,-1.7,-4.694468197739077,0.11031547761168198,0.8581676726100256,0
1.18,-1.7,-4.663113230759043,0.11223260937902417,0.8375672552157988,0
1.19,-1.7,-4.632319598498647,0.11420286550187433,0.8174281661843942,0
1.2,-1.7,-4.601915649397883,0.1162233005248837,0.7977435791507356,0
1.21,-1.7,-4.572176251212089,0.11830206229379321,0.7785066017100273,0
1.22,-1.7,-4.542967540632321,0.12043709826909148,0.7597102855719664,0
1.23,-1.7,-4.509695223437065,0.12250479261256693,0.74134763602211,0
1.24,-1.7,-4.466737631823872,0.12434050461585877,0.7234116211344666,0
1.25,-1.7,-4.414916016193766,0.1259472676656734,0.7058951806727473,0
1.26,-1.7,-4.354845993391337,0.12732317576275512,0.6887912346766604,0
1.27,-1.7,-4.2871442884625965,0.1284669471764678,0.6720926917821473,0
1.28,-1.7,-4.2129239800850655,0.12939318750600456,0.6557924568815513,0
1.285,-1.7,-4.173254492198621,0.12976555119868027,0.6477894885429111,0
1.29,-1.7,-4.1321263317814845,0.1300819904715499,0.6398834385357173,0
1.3,-1.7,-4.04630839175162,0.13056485728511416,0.6243585560862488,0
1.31,-1.7,-3.955638886568579,0.13083208166287003,0.609210746469156,0
1.32,-1.7,-3.87491832582652,0.13136982231218083,0.594432970780269,0
1.33,-1.7,-3.806144070358862,0.13226881350841116,0.5800182202224511,0
1.34,-1.7,-3.7389624028149715,0.13318791658375845,0.5659595218236209,0
1.35,-1.7,-3.6756151855055554,0.13421039081585148,0.5522499438812764,0
1.36,-1.7,-3.6176576085467285,0.13540209496306388,0.5388826011378071,0
1.37,-1.7,-3.567532907313966,0.1368691967088467,0.5258506597370659,0
1.3800000000000001,-1.7,-3.5277327139392103,0.13872979129701182,0.5131473416109161,0
1.3900000000000001,-1.7,-3.500726165675184,0.14111187891756394,0.5007659286672206,0
1.4000000000000001,-1.7,-3.485261968009983,0.14400109231716945,0.48869976673981425,0
1.41,-1.7,-3.4396896301021456,0.14566881533078438,0.47694226930618056,0
1.42,-1.7,-3.3145738944280727,0.14387407216802908,0.4654869210217699,0
1.43,-1.7,-3.129353751463407,0.13922139557082977,0.4543272807366354,0
1.44,-1.7,-2.890250920364858,0.13178646490011925,0.44345698435044395,0
1.45,-1.7,-2.603349419630142,0.1216571226854636,0.43286974746922907,0
1.46,-1.7,-2.583283830647368,0.12371755306636864,0.4225593678696809,0
1.47,-1.7,-2.2190874881876925,0.10891067322638995,0.41251972781658125,0
1.48,-1.7,-1.8255049624483126,0.09181147132512535,0.4027447959176906,0
1.49,-1.7,-1.4572623976142718,0.0751015772852532,0.3932286288557677,0
1.5,-1.7,-1.3125762036663808,0.06931241090515611,0.3839653729625407,0
1.51,-1.7,-1.3306861651410495,0.07199684101082339,0.3749492656393266,0
1.52,-1.7,-1.4321354983488512,0.07938668827437415,0.3661746366646244,0
1.53,-1.7,-1.5660541145886337,0.08893421255848476,0.3576359090965792,0
1.54,-1.7,-1.7270000697053711,0.10046713084075413,0.3493276000896531,0
1.55,-1.7,-1.9095906218902061,0.1137917399908747,0.3412443215910174,0
1.56,-1.7,-2.1085066326086697,0.12869206342141784,0.33338078091930784,0
1.57,-1.7,-2.3184981093007724,0.14492909641613022,0.32573178125865715,0
1.58,-1.7,-2.5014827412890237,0.1601335393621426,0.31829222180753086,0
1.59,-1.7,-2.593583954888924,0.17001339080998198,0.31105709787454794,0
1.6,-1.7,-2.5998872775900166,0.1745000616543164,0.30402150088731766,0
1.61,-1.7,-2.6293662005112064,0.180679439806769,0.29718061831411074,0
1.62,-1.7,-2.2814990555272203,0.1604911008526355,0.29052973352161854,0
1.6300000000000001,-1.7,-1.5670239482238684,0.11283242745246273,0.28406422535074477,0
1.6400000000000001,-1.7,-0.6129823653203624,0.04517375734970936,0.2777795676660431,0
1.6500000000000001,-1.7,0.5536401650153737,0.04175388834923296,0.2716713288456498,4
1.6600000000000001,-1.7,1.9067196928477768,0.14714384640771164,0.26573517120812595,4
1.67,-1.7,3.180226362723296,0.25110912619459486,0.25996685038755757,4
1.68,-1.7,4.174942190984263,0.3372674554593642,0.25436221449431684,4
1.69,-1.7,4.910837791343219,0.40585804253888896,0.24891720326880015,4
1.7,-1.7,5.407048311484672,0.45714265349430616,0.24362784719657732,4
1.71,-1.7,5.682254579025403,0.49143375335934836,0.2384902665775784,4
1.72,-1.7,5.754697807584765,0.5090958062501825,0.23350067054657228,4
1.73,-1.7,5.719721326777327,0.5175628704683024,0.22865535595252914,4
1.74,-1.7,5.575100098944637,0.5159743088723425,0.22395070624223243,4
1.75,-1.7,5.353867582105983,0.5067600229754127,0.2193831903193876,4
1.76,-1.7,5.133553676188351,0.49691199969205774,0.21494936136784906,4
1.77,-1.7,4.932991184380719,0.4882699430395035,0.21064585562013222,4
1.78,-1.7,4.751088694196283,0.4808240393237602,0.20646939106465578,4
1.79,-1.7,4.586795756786067,0.4745628675203305,0.20241676616010665,4
1.8,-1.7,4.439114839524178,0.46947477284604394,0.1984848585325966,4
1.81,-1.7,4.30711206721585,0.4655492607082962,0.1946706236402748,4
1.82,-1.7,4.200700719921986,0.4639683985564087,0.19097109336891888,4
1.83,-1.7,4.1217824287881415,0.46510806980222086,0.18738337465314012,4
1.84,-1.7,4.069279799989595,0.4690236845199759,0.18390464809918333,4
1.85,-1.7,4.01623520377491,0.472718267828893,0.180532166591388,4
1.86,-1.7,3.953695043590214,0.4750962373343553,0.1772632538633348,4
1.87,-1.7,3.8773290186818254,0.4755402094451168,0.17409530297864317,4
1.8800000000000001,-1.7,3.7869952449228705,0.4739131673382165,0.17102577493084337,4
1.8900000000000001,-1.7,3.6816218027187526,0.46995761497998517,0.1680521972312995,3
1.9000000000000001,-1.7,3.5592112258566084,0.4632851089873308,0.16517216247582636,2
1.9100000000000001,-1.7,3.4177654239466637,0.4534879201753973,0.16238332686801815,0
1.92,-1.7,3.266909622046573,0.4417113028268809,0.1596834086257224,0
1.93,-1.7,3.110109220606021,0.42835143139628756,0.15707018660507358,0
1.94,-1.7,2.952021941089685,0.4140092239430153,0.15454149889168894,0
1.95,-1.7,2.7938149603609355,0.39883684533376607,0.15209524136061625,0
1.96,-1.7,2.636373423469643,0.38295979676445363,0.1497293661810315,0
1.97,-1.7,2.4805473975087278,0.3665096872798071,0.1474418801746866,0
1.98,-1.7,2.3271511017830067,0.34962345781719734,0.14523084349256177,0
1.99,-1.7,2.176948079631458,0.3324401062232077,0.14309436823158367,0
2.0,-1.7,2.030720589752995,0.3151108403750438,0.14103061700627803,0
2.0100000000000002,-1.7,1.8889661090203518,0.2978681138924685,0.13903780145065806,0
2.02,-1.7,1.7513638081132283,0.28060029662108865,0.13711418054423852,0
2.0300000000000002,-1.7,1.616482703851791,0.2630637715650191,0.13525805935491741,0
2.04,-1.7,1.485884124940115,0.2455372389180902,0.13346778769024897,0
2.05,-1.7,1.3641633466049645,0.2288252815488611,0.1317417586873039,0
2.06,-1.7,1.2490829492671158,0.21261568771310577,0.130078407317315,0
2.07,-1.7,1.1407933868362348,0.19698682247513066,0.12847620868739015,0
2.08,-1.7,1.0366274484615943,0.18152542311174488,0.1269336768506694,0
2.09,-1.7,0.9319639230399017,0.16544574548678742,0.12544936349072958,0
2.1,-1.7,0.8222349559709223,0.1479279461887987,0.12402185652730062,0
2.11,-1.7,1.2722287543995805,0.2318848097198214,0.12264977862208433,0
2.12,-1.7,1.698678240169652,0.3135632226536901,0.12133178545973318,0
2.13,-1.7,2.104734620617547,0.3933431156410483,0.12006656461633827,0
2.14,-1.7,2.4934360437939067,0.47161248809905015,0.11885283426808504,0
2.15,-1.7,2.8667910480878516,0.5485902170952963,0.11768934180476272,0
2.16,-1.7,3.226832601537686,0.6245182047286275,0.1165748623311402,0
2.17,-1.7,3.124972433268446,0.6114809404118824,0.1155081969288828,0
2.18,-1.7,3.4350716791706417,0.679347362861412,0.11448817156745922,0
2.19,-1.7,3.7017367848025016,0.739660248389881,0.1135136358241339,0
2.2,-1.7,3.9265122231567746,0.7924206917115989,0.11258346149494511,0
2.21,-1.7,4.118396210119082,0.8391717372331146,0.11169654108521657,0
2.22,-1.7,4.2867951934956565,0.8816202298569196,0.11085178605466713,0
2.23,-1.7,4.440953747209302,0.9215183416966086,0.11004812575180885,0
2.24,-1.7,4.5899615876117545,0.9606591186080784,0.1092845061322595,0
2.25,-1.7,4.532456547510107,0.9564911659622997,0.10855988835846954,0
2.2600000000000002,-1.7,4.7021625512571825,1.0002017904805676,0.10787324727572038,0
2.27,-1.7,4.889255735899053,1.047930039906753,0.10722356964591771,0
2.2800000000000002,-1.7,5.088746068575576,1.0986469374231098,0.10660985308845228,0
2.29,-1.7,5.27661334615065,1.1471503443458657,0.1060311047884263,0
2.3000000000000003,-1.7,5.221596336073834,1.1427406315518231,0.1054863400825146,0
2.31,-1.7,5.384960228811685,1.1859590570404448,0.10497458092368392,0
2.32,-1.7,5.543260861324834,1.2281768951287333,0.10449485411549318,0
2.33,-1.7,5.703400106201804,1.2708833325823359,0.10404619025047067,0
2.34,-1.7,5.872160092717036,1.315576783268816,0.10362762241003327,0
2.35,-1.7,6.056210909821819,1.3637619520466362,0.10323818474516301,0
2.36,-1.7,6.256560605487632,1.4156895453410365,0.10287691094478459,0
2.37,-1.7,6.474328264174587,1.4716356255920735,0.10254283249293081,0
2.38,-1.7,6.688106322167546,1.5267341676641861,0.10223497761095618,0
2.39,-1.7,6.668124010617548,1.528281254897683,0.1019523699675197,0
2.4,-1.7,6.878681541309723,1.5824581573563345,0.1016940272801333,0
2.41,-1.7,7.090463668499139,1.6368943823182656,0.10145895981962946,0
2.42,-1.7,7.306952891121531,1.6923749083418367,0.10124616872830518,0
2.43,-1.7,7.531569637631252,1.7496819247786026,0.1010546449956564,0
2.44,-1.7,7.767675624045926,1.8095938164605156,0.1008833682205768,0
2.45,-1.7,8.018484998203236,1.872862789418668,0.10073130528398522,0
2.46,-1.7,8.286012266519664,1.9399668625319522,0.10059740894584078,0
2.47,-1.7,8.285171211961313,1.9440222515962375,0.10048061628452777,0
2.48,-1.7,8.584916924606182,2.018400360133718,0.10037984776758663,0
2.49,-1.7,8.892887711837252,2.0946461829964336,0.10029400613946973,0
2.5,-1.7,9.19811484771982,2.1701680129069856,0.10022197524667485,0
2.5100000000000002,-1.7,9.499233957351555,2.2446300487435202,0.10016261881476397,0
2.52,-1.7,9.79697399810573,2.318194710404339,0.1001147790982379,0
2.5300000000000002,-1.7,10.092260675521052,2.3910768587473377,0.10007727614680735,0
2.54,-1.7,10.385779321849908,2.4634401825047565,0.10004890693180712,0
2.5500000000000003,-1.7,10.677994458967138,2.5354013352484173,0.1000284444395085,0
2.56,-1.7,10.968493895811902,2.6068736861986084,0.10001463675510965,0
2.57,-1.7,11.256691314907295,2.6777335011156222,0.10000620606398894,0
2.58,-1.7,11.540979588929615,2.747618309739484,0.10000184816103477,0
2.59,-1.7,11.819733035900075,2.8161648565983888,0.10000023229165768,0
2.6,-1.7,12.093251795714753,2.8834728617624736,0.09999999999999987,0
2.61,-1.7,11.873284838163034,2.8330676300499955,0.09999999994560026,0
2.62,-1.7,11.657673621119208,2.7835774295695126,0.10000000002958999,0
2.63,-1.7,11.44690169900633,2.7351234768396413,0.09999999999000114,0
2.64,-1.7,11.241142863904187,2.6877530699145424,0.10000000000215575,0
2.65,-1.7,11.04000310947645,2.6413776134315556,0.09999999999999987,0
2.66,-1.7,10.84274174951932,2.5958251084550716,0.09999999999971945,0
2.67,-1.7,10.649309263541943,2.5510885362758313,0.10000000000015238,0
2.68,-1.7,10.459656969425136,2.5071609137326423,0.09999999999994832,0
2.69,-1.7,10.273737022733567,2.464035295980676,0.10000000000001098,0
2.7,-1.7,10.091502405920483,2.4217047771778493,0.09999999999999987,0
2.71,-1.7,9.91290692245342,2.380162492299493,0.09999999999999842,0
2.72,-1.7,10.129351804635181,2.4334414381021623,0.10000000000000064,0
2.73,-1.7,9.950192423562534,2.3916519901165803,0.0999999999999996,0
2.74,-1.7,10.157942454392947,2.442830034890831,0.09999999999999992,0
2.75,-1.7,10.361573897661078,2.493033423503965,0.09999999999999987,0
2.7600000000000002,-1.7,10.17682448523724,2.4497599816356117,0.09999999999999985,0
2.77,-1.7,10.372377940954213,2.4980010045632848,0.09999999999999987,0
2.7800000000000002,-1.7,10.564139035434902,2.5453393325409057,0.09999999999999987,0
2.79,-1.7,10.75217258445769,2.591788298310305,0.09999999999999987,0
2.8000000000000003,-1.7,10.936052655493357,2.63724303338698,0.09999999999999987,0
2.81,-1.7,11.115541504812981,2.681644010489387,0.09999999999999987,0
2.82,-1.7,11.29072538375133,2.7250099203929974,0.09999999999999987,0
2.83,-1.7,11.461908635254243,2.76741225846492,0.09999999999999987,0
2.84,-1.7,11.629394354521175,2.8089224402460187,0.09999999999999987,0
2.85,-1.7,11.793484421306744,2.849611796595925,0.09999999999999987,0
2.86,-1.7,11.954479529307639,2.8895515686050106,0.09999999999999987,0
2.87,-1.7,12.112679211633907,2.9288129019666735,0.09999999999999987,0
2.88,-1.7,12.268381866303775,2.967466842104743,0.09999999999999987,0
2.89,-1.7,12.421884572944244,3.0055842792055167,0.09999999999999987,0
2.9,-1.7,12.573382137217811,3.0432115030683273,0.09999999999999987,0
2.91,-1.7,12.722786843196383,3.08032651548495,0.09999999999999987,0
2.92,-1.7,12.729901051850531,3.082974998163406,0.09999999999999987,0
2.93,-1.7,12.736695675161156,3.0855196476036926,0.09999999999999987,0
2.94,-1.7,12.743210243637323,3.0879706557971707,0.09999999999999987,0
2.95,-1.7,12.889313372696883,3.1242312873735822,0.09999999999999987,0
2.96,-1.7,13.032551177410888,3.1597907189270114,0.09999999999999987,0
2.97,-1.7,13.172982431036703,3.1946625019468495,0.09999999999999987,0
2.98,-1.7,12.922390420695733,3.134673583089966,0.09999999999999987,0
2.99,-1.7,12.676538271267766,3.075781138116765,0.09999999999999987,0
3.0,-1.7,12.68210570423301,3.077855366618583,0.09999999999999987,0
0.0,-1.3,24.704433730367292,0.024947819777197455,23.91188864807405,4
0.01,-1.3,24.70483743023307,0.02510304001514772,23.763668346472294,4
0.02,-1.3,24.705310742131434,0.02526580646289219,23.61027142990785,4
0.03,-1.3,24.70585424972296,0.025436339197771832,23.451729273635078,4
0.04,-1.3,24.706467965405185,0.025614862653159515,23.288082921609252,4
0.05,-1.3,24.707152061160127,0.025801606824623277,23.119382800895284,4
0.06,-1.3,24.707962815264764,0.025996866588522405,22.94568844526446,4
0.07,-1.3,24.708858516886927,0.026200841030880148,22.767068234590962,4
0.08,-1.3,24.709839686051506,0.026413779836356423,22.58359905865039,4
0.09,-1.3,24.710920829185618,0.0266359550544569,22.395366007591022,4
0.1,-1.3,24.712111779885877,0.026867641928407453,22.2024620698735,4
0.11,-1.3,24.71340691658895,0.027109107351887325,22.004987834145982,4
0.12,-1.3,24.714800683561407,0.027360626750079754,21.803051201488795,4
0.13,-1.3,24.716287573085786,0.02762248455823792,21.596767032223365,4
0.14,-1.3,24.717862149088873,0.02789497472698426,21.386256811229977,4
0.15,-1.3,24.71951903575003,0.02817840118586097,21.171648317493194,4
0.16,-1.3,24.72125291790353,0.028473078318549224,20.953075295835955,4
0.17,-1.3,24.723058280254705,0.02877933112416886,20.73067713710221,4
0.18,-1.3,24.724923606168293,0.029097488915683475,20.504598502584304,4
0.19,-1.3,24.726840180803023,0.029427895924484308,20.274988963895474,4
0.2,-1.3,24.728805056933798,0.029770915561860678,20.042002647264393,4
0.21,-1.3,24.73081823103807,0.030126927905796,19.805797881144894,4
0.22,-1.3,24.73285898847587,0.030496301291707297,19.56653685304314,4
0.23,-1.3,24.734961003001676,0.030879485110502657,19.32438522054878,4
0.24,-1.3,24.737103314407467,0.031276876817969514,19.079511737993037,4
0.25,-1.3,24.739283131190092,0.03168891150597499,18.832087889857725,4
0.26,-1.3,24.74149479377292,0.032116036678576154,18.5822875303303,4
0.27,-1.3,24.743716535892915,0.03255869522769597,18.330286534363964,4
0.28,-1.3,24.745949421535265,0.03301737658267787,18.07626241290762,4
0.29,-1.3,24.74819947577647,0.03349259531515599,17.82039394554657,4
0.3,-1.3,24.750471038720367,0.0339848832587584,17.562860823135626,4
0.31,-1.3,24.752770623285127,0.034494795514207026,17.30384330002839,4
0.32,-1.3,24.755104870026823,0.035022908639239694,17.043521860584526,4
0.33,-1.3,24.757480535071835,0.035569821480822286,16.782076859259142,4
0.34,-1.3,24.75990452364234,0.03613615624718848,16.51968818027993,4
0.35000000000000003,-1.3,24.76238245939881,0.03672255730495367,16.256534910528185,4
0.36,-1.3,24.764918730930933,0.037329692104810686,15.992795025244904,4
0.37,-1.3,24.767523704904406,0.037958263063251924,15.72864509049428,4
0.38,-1.3,24.77020832524765,0.038609001004814784,15.464259947531158,4
0.39,-1.3,24.77298363146064,0.0392826656300135,15.199812418513483,4
0.4,-1.3,24.775860881847176,0.039980046921682166,14.935473027948694,4
0.41000000000000003,-1.3,24.778851427021706,0.04070196620113154,14.671409739400081,4
0.42,-1.3,24.781966849251912,0.04144927763869709,14.407787710614745,4
0.43,-1.3,24.785218820795812,0.042222869426767735,14.144769037401101,4
0.44,-1.3,24.78863148736523,0.043023686701284126,13.882512519693078,4
0.45,-1.3,24.79223124478821,0.0438527169895098,13.621173444842086,4
0.46,-1.3,24.79602429397153,0.04471095177819126,13.360903387450938,4
0.47000000000000003,-1.3,24.800016712615047,0.04559942156238708,13.101850028047044,4
0.48,-1.3,24.804214750498357,0.04651919799700336,12.844156965836937,4
0.49,-1.3,24.80862468203547,0.047471395306423976,12.587963553810466,4
0.5,-1.3,24.813252879701814,0.04845717214879609,12.333404750973092,4
0.51,-1.3,24.818105862786627,0.04947773350711322,12.08061099089765,4
0.52,-1.3,24.8231904688978,0.05053433289311207,11.829708068900905,4
0.53,-1.3,24.82853046569076,0.051628308920669386,11.58081702663067,4
0.54,-1.3,24.83413387404793,0.05276102172433638,11.334054057255125,4
0.55,-1.3,24.83999525427341,0.05393385659961597,11.089530427213498,4
0.56,-1.3,24.846109243570247,0.05514825298459772,10.847352413611217,4
0.5700000000000001,-1.3,24.852470437043866,0.056405706234789264,10.607621258427574,4
0.58,-1.3,24.85907345465203,0.05770776993177971,10.370433122058998,4
0.59,-1.3,24.865912996839345,0.05905605823922591,10.135879055116813,4
0.6,-1.3,24.872983703830563,0.06045224786769523,9.904044984896691,4
0.61,-1.3,24.880279121447735,0.061898077839597825,9.675011715533335,4
0.62,-1.3,24.887783727512584,0.06339533126818298,9.44885494254769,4
0.63,-1.3,24.895497526123872,0.06494589927038281,9.22564526742581,4
0.64,-1.3,24.903424827052632,0.06655175833148667,9.005448227473487,4
0.65,-1.3,24.911569990046505,0.06821496288657157,8.788324337794988,4
0.66,-1.3,24.91993747433429,0.06993764848369832,8.574329144387042,4
0.67,-1.3,24.92853182483294,0.07172203488342023,8.363513288708663,4
0.68,-1.3,24.93735766390598,0.07357042929213022,8.155922572063401,4
0.6900000000000001,-1.3,24.946419740855458,0.07548523007893583,7.951598031923257,4
0.7000000000000001,-1.3,24.955714950680694,0.07746890518324197,7.750576027468097,4
0.71,-1.3,24.96521335237914,0.07952393229715424,7.552888333367634,4
0.72,-1.3,24.97491874906185,0.08165299103220514,7.358562241929117,4
0.73,-1.3,24.98483688709848,0.08385886267696002,7.167620664264524,4
0.74,-1.3,24.994981682684234,0.08614449283577864,6.980082240015119,4
0.75,-1.3,25.005348914626406,0.08851281496372114,6.795961453326886,4
0.76,-1.3,25.015860845974096,0.0909663288362338,6.615268754188458,4
0.77,-1.3,25.026359453926645,0.09350697751163177,6.4380106851134276,4
0.78,-1.3,25.036699242311162,0.09613678454594014,6.264190005787712,4
0.79,-1.3,25.046745998747664,0.09885790237510518,6.0938058231031995,4
0.8,-1.3,25.056374574454377,0.10167258022676082,5.9268537246753885,4
0.81,-1.3,25.065510533235916,0.10458335865074561,5.763325915077654,4
0.8200000000000001,-1.3,25.074097528909626,0.10759295694085631,5.603211354708494,4
0.8300000000000001,-1.3,25.08209571264372,0.11070428052959888,5.446495895558727,4
0.84,-1.3,25.08948094071439,0.11392043187351064,5.293162419600761,4
0.85,-1.3,25.096243968718277,0.11724472174711531,5.14319097827622,4
0.86,-1.3,25.102389738929155,0.12068068195868424,4.996558932456089,4
0.87,-1.3,25.107936693046952,0.12423207895344346,4.8532410927795855,4
0.88,-1.3,25.11291594145433,0.1279029261366902,4.7132098559935445,4
0.89,-1.3,25.117357027135338,0.131697426843876,4.576435341673009,4
0.9,-1.3,25.121293419820553,0.13562001197757145,4.442885528142652,4
0.91,-1.3,25.12475536335346,0.13967531292142013,4.312526387120168,4
0.92,-1.3,25.1277899941844,0.14386828420632483,4.185322017013601,4
0.93,-1.3,25.13045427661062,0.14820418563704707,4.061234771587052,4
0.9400000000000001,-1.3,25.13281269807384,0.1526885879455959,3.9402253873337485,4
0.9500000000000001,-1.3,25.134936451145993,0.15732738654898323,3.8222531086762666,4
0.96,-1.3,25.136897104306318,0.16212677992193633,3.7072758106556685,4
0.97,-1.3,25.138670045207736,0.1670926417424651,3.595250119085715,4
0.98,-1.3,25.140327111511734,0.17223175576641797,3.4861315257480623,4
0.99,-1.3,25.141993202172106,0.1775516182909226,3.3798745011705407,4
1.0,-1.3,25.143796157362132,0.1830601453103583,3.2764326043616383,4
1.01,-1.3,25.14586595050783,0.18876568814902617,3.1757585892876072,4
1.02,-1.3,25.148333858947403,0.19467704841723257,3.0778045081188012,4
1.03,-1.3,25.15133161066061,0.20080349213741625,2.9825218094806343,4
1.04,-1.3,25.154990572960386,0.2071547637879403,2.8898614336527424,4
1.05,-1.3,25.15947132431372,0.21374135770057373,2.799773904294113,4
1.06,-1.3,25.165081229664366,0.22057560884597266,2.7122094165841855,4
1.07,-1.3,25.171933086965357,0.2276688339445857,2.6271179218540945,4
1.08,-1.3,25.180070052150153,0.2350322550127968,2.544449207431541,4
1.09,-1.3,25.189360913467016,0.24267590624058802,2.4641529732012857,4
1.1,-1.3,25.20001520780652,0.250613498203839,2.386178904617271,4
1.11,-1.3,25.212235182316377,0.25885938501113726,2.3104767421368675,4
1.12,-1.3,25.226182663239534,0.26742822895385193,2.2369963471905425,4
1.1300000000000001,-1.3,25.241694139701195,0.27633184000592603,2.165687763756666,4
1.1400000000000001,-1.3,25.258482013916343,0.2855808905782251,2.096501276724412,4
1.1500000000000001,-1.3,25.275619107272448,0.2951786439008313,2.0293874668971656,4
1.16,-1.3,25.293054135587273,0.3051379610638453,1.9642972626646114,4
1.17,-1.3,25.310794530353515,0.3154727265846995,1.9011819884856256,4
1.18,-1.3,25.32883958694647,0.326197086599759,1.8399934094829573,4
1.19,-1.3,25.34717778769537,0.3373253769454726,1.7806837731088436,4
1.2,-1.3,25.365785344816974,0.3488720538241933,1.7232058478139944,4
1.21,-1.3,25.384954286143017,0.360856296264242,1.6675129587856263,4
1.22,-1.3,25.404802910763923,0.37329552516964576,1.6135590209148265,4
1.23,-1.3,25.426949670267362,0.3862304066901679,1.5612985684358178,4
1.24,-1.3,25.453912778095237,0.3997192523738847,1.5106867820450964,4
1.25,-1.3,25.486221575602492,0.4137937537116642,1.4616795134831884,4
1.26,-1.3,25.523701747383548,0.4284754987013323,1.4142333076652258,4
1.27,-1.3,25.56621125337702,0.4437868031871163,1.3683054225294184,4
1.28,-1.3,25.613578087042498,0.4597494886103138,1.3238538461203584,4
1.285,-1.3,25.639101733363763,0.46798329960686236,1.3021687483744593,4
1.29,-1.3,25.665777055478447,0.4763883557067489,1.2808373116183003,4
1.3,-1.3,25.722391361846785,0.4937225468682417,1.2392153103243793,4
1.31,-1.3,25.78335820373723,0.511780132915327,1.1989481026954119,4
1.32,-1.3,25.837820160551367,0.5303685629090515,1.1599967275983731,4
1.33,-1.3,25.886633402418628,0.5495146657902189,1.1223230093281187,4
1.34,-1.3,25.925220486001162,0.5691281299985275,1.0858895630425718,4
1.35,-1.3,25.95427253609639,0.5892242332705065,1.050659798635325,4
1.36,-1.3,25.974078605000773,0.609809936633331,1.0165979231373414,4
1.37,-1.3,25.98553282100534,0.6309068221579638,0.9836689418130204,4
1.3800000000000001,-1.3,25.98960234260055,0.6525402420492707,0.9518386574896597,4
1.3900000000000001,-1.3,25.987280717781438,0.6747385899344636,0.9210736687454424,4
1.4000000000000001,-1.3,25.98385543100053,0.6976481992129856,0.8913413669741213,4
1.41,-1.3,26.021356686687135,0.7224541049930135,0.8626099324097726,4
1.42,-1.3,26.092369867097677,0.7490808329044194,0.8348483292677636,4
1.43,-1.3,26.21375647779411,0.7781525608543775,0.808026299519317,4
1.44,-1.3,26.382726384233273,0.8097651683010306,0.7821143559135834,4
1.45,-1.3,26.59652864283047,0.8440146383902873,0.7570837742560079,4
1.46,-1.3,26.852462228356558,0.8809971027733858,0.7329065850143657,4
1.47,-1.3,27.14788658126737,0.920808926236144,0.7095555643964114,4
1.48,-1.3,27.48023197252493,0.9635468377144776,0.6870042243893533,4
1.49,-1.3,27.805755402022797,1.007812861507578,0.6652268023730874,4
1.5,-1.3,27.955873183488926,1.0473282820856595,0.644198250302525,4
1.51,-1.3,27.93372892362752,1.081615820781169,0.6238942235164702,4
1.52,-1.3,27.723717521848588,1.1094242356068291,0.6042910693024313,4
1.53,-1.3,27.29225526548744,1.1286344858835207,0.5853658146847056,4
1.54,-1.3,26.647520869720193,1.1386806689359947,0.5670961540472779,4
1.55,-1.3,25.7972712908732,1.138968102414168,0.549460436571884,4
1.56,-1.3,24.748797845878794,1.1288696740069748,0.5324376535342031,4
1.57,-1.3,23.50888364885823,1.1077217478330978,0.5160074255707797,4
1.58,-1.3,22.280835636603783,1.0844111833795633,0.5001499893738675,4
1.59,-1.3,21.437845192089377,1.0776062387363685,0.4848461844197986,4
1.6,-1.3,20.9728420885432,1.0886870450798394,0.4700774396966865,4
1.61,-1.3,20.963587356402034,1.12363748548242,0.455825760460132,4
1.62,-1.3,21.22468681391816,1.1745254589628984,0.4420737151102749,4
1.6300000000000001,-1.3,21.734530641047616,1.241581916522288,0.4288044216572647,4
1.6400000000000001,-1.3,22.477792030568995,1.325328147067041,0.41600153436266274,4
1.6500000000000001,-1.3,23.440199607668095,1.426312672140329,0.4036492305097818,4
1.6600000000000001,-1.3,24.608303445402786,1.5451133967746276,0.3917321973179268,4
1.67,-1.3,25.745007715657927,1.6678056889256008,0.3802356190718898,4
1.68,-1.3,26.677409737905137,1.7828872262487878,0.36914516396972913,4
1.69,-1.3,27.412266264958276,1.8897770015693547,0.3584469712400017,4
1.7,-1.3,27.960390725718202,1.9881723097783748,0.3481276384713183,4
1.71,-1.3,28.33211014951122,2.077759350504175,0.3381742091562365,4
1.72,-1.3,28.53728175226077,2.158211838620891,0.3285741604956207,4
1.73,-1.3,28.514531425854393,2.223670435405064,0.3193153910338766,4
1.74,-1.3,28.331458310996904,2.277981587188115,0.31038620861577654,3
1.75,-1.3,27.98103159167377,2.319381774242834,0.3017753186010786,2
1.76,-1.3,27.622794536404967,2.3604366575481768,0.29347181232672,2
1.77,-1.3,27.323557464565656,2.407111938688601,0.28546515583382226,1
1.78,-1.3,27.080329789654545,2.459109726503934,0.27774517853311215,0
1.79,-1.3,26.890248131210395,2.516558397128431,0.2703020622095627,0
1.8,-1.3,26.75059213364672,2.579582356783074,0.2631263302998373,0
1.81,-1.3,26.65880330583213,2.648303880138821,0.2562088374208842,0
1.82,-1.3,26.60187625116709,2.7217579841565525,0.24954075913434165,0
1.83,-1.3,26.574783139889654,2.7996728408736455,0.2431135817618744,0
1.84,-1.3,26.57495722673235,2.8819866466997266,0.2369190925287467,0
1.85,-1.3,26.548218017621515,2.9628482719851297,0.2309493699712238,0
1.86,-1.3,26.498508774144902,3.0423862829505484,0.22519677457564782,0
1.87,-1.3,26.4330609356472,3.121153784589345,0.21965393959801252,0
1.8800000000000001,-1.3,26.35290290490402,3.199034245759984,0.21431376205920177,0
1.8900000000000001,-1.3,26.259999063767875,3.276032875253502,0.2091693940338016,0
1.9000000000000001,-1.3,26.1572684875431,3.3522970003498442,0.20421423417515683,0
1.9100000000000001,-1.3,26.04763567738994,3.4280101535134055,0.19944191943525055,0
1.92,-1.3,25.921806165993733,3.5017438284551954,0.1948463168903857,0
1.93,-1.3,25.78220996841609,3.573564195697739,0.1904215158832718,0
1.94,-1.3,25.639903223420536,3.6447987289638157,0.18616182040432014,0
1.95,-1.3,25.49532892384113,3.7153897486711274,0.18206174166752284,0
1.96,-1.3,25.348376156069136,3.7852106530082996,0.17811599083203014,0
1.97,-1.3,25.199044179151922,3.8541597581484264,0.17431947174246404,0
1.98,-1.3,25.047455603380634,3.9221671106337865,0.17066727414199243,0
1.99,-1.3,24.893814606943543,3.9891903246627196,0.16715466705415727,0
2.0,-1.3,24.738597467058582,4.055253876586737,0.1637770923074966,0
2.0100000000000002,-1.3,24.581894101023458,4.120339445720873,0.16053015814916965,0
2.02,-1.3,24.421849644113834,4.1840599924900355,0.15740963278531686,0
2.0300000000000002,-1.3,24.25692863162005,4.246017419789211,0.15441143856116063,0
2.04,-1.3,24.08593230615137,4.305839744477928,0.15153164622704107,0
2.05,-1.3,24.263244835690227,4.428034676416841,0.14876646928905554,0
2.06,-1.3,24.418322936769226,4.547391993669019,0.1461122583890272,0
2.07,-1.3,24.55347587830472,4.663996393765174,0.14356549552203518,0
2.08,-1.3,24.67401673088398,4.778544559480682,0.14112278906186204,0
2.09,-1.3,24.7811432115586,4.890996520498457,0.13878086878150211,0
2.1,-1.3,24.880475256324722,5.002216665604171,0.13653658089757914,0
2.11,-1.3,24.322020445075196,4.978940248191829,0.13438688308603863,0
2.12,-1.3,23.777466939949935,4.953818788064275,0.13232883925665115,0
2.13,-1.3,23.245534103935746,4.926670364259065,0.13035961529195647,0
2.14,-1.3,22.72497281602368,4.89730891087884,0.12847647468765042,0
2.15,-1.3,22.21415067429413,4.865454219875752,0.126676774157859,0
2.16,-1.3,21.705268959648375,4.829438913827715,0.12495795915979833,0
2.17,-1.3,21.720559586498574,4.9072444376836,0.12331755911570703,0
2.18,-1.3,21.2260390407468,4.867068216112302,0.12175318372951223,0
2.19,-1.3,20.754390489962706,4.827656280952418,0.12026251911520461,0
2.2,-1.3,20.30499523128388,4.789089013400671,0.118843323837179,0
2.21,-1.3,19.874512834554967,4.750790171787293,0.11749342482835864,0
2.22,-1.3,19.45991026685761,4.71221767106827,0.11621071296626176,0
2.23,-1.3,19.058083741655864,4.672777163354542,0.11499313983468977,0
2.24,-1.3,18.66586232049123,4.631823523151763,0.113838714218649,0
2.25,-1.3,18.533404203321677,4.65226951340388,0.1127454984689027,0
2.2600000000000002,-1.3,18.145960026835574,4.605683009648102,0.11171160471639674,0
2.27,-1.3,17.762906230565637,4.556512684986763,0.11073519072988999,0
2.2800000000000002,-1.3,17.39691332635816,4.508134435239164,0.10981445700205182,0
2.29,-1.3,17.04393143010132,4.459683239372093,0.10894764350914113,0
2.3000000000000003,-1.3,16.981663656385475,4.4846610579886494,0.10813302631268187,0
2.31,-1.3,16.6521138192205,4.436514028890419,0.10736891399908917,0
2.32,-1.3,16.332575876409408,4.387941583256631,0.10665364377170368,0
2.33,-1.3,16.02028491691029,4.338339190807108,0.1059855787651845,0
2.34,-1.3,15.712463534318635,4.287076797631832,0.10536310499921786,0
2.35,-1.3,15.40632351934792,4.233501390000122,0.10478462816449562,0
2.36,-1.3,15.10506358949099,4.178598337535291,0.10424857025181837,0
2.37,-1.3,14.806567951756367,4.121899847646252,0.10375336586379881,0
2.38,-1.3,14.505521275539802,4.062029726309588,0.10329745970179349,0
2.39,-1.3,14.474837677733058,4.075926823022771,0.10287930368790109,0
2.4,-1.3,14.151011304682255,4.00538203380603,0.10249735392960263,0
2.41,-1.3,13.825198664035085,3.932035565989384,0.10215006754993315,0
2.42,-1.3,13.501803719632163,3.857255482723442,0.10183589924680247,0
2.43,-1.3,13.18520244427603,3.7824252538204743,0.10155329895612003,0
2.44,-1.3,12.879744729208948,3.7089396743073335,0.10130070917775567,0
2.45,-1.3,12.589756278124039,3.638201083043137,0.10107656217561084,0
2.46,-1.3,12.318274754417091,3.571248966456755,0.10087927708235107,0
2.47,-1.3,12.415215120039212,3.609987399701637,0.10070725679121341,0
2.48,-1.3,12.16913252341724,3.547963396268281,0.10055888587904036,0
2.49,-1.3,11.926720534635685,3.4857983702619015,0.10043252825096664,0
2.5,-1.3,11.692186241533268,3.4248318894800445,0.10032652471179027,0
2.5100000000000002,-1.3,11.465249278969232,3.3650934579152834,0.10023919049711677,0
2.52,-1.3,11.2451409729636,3.306463899804051,0.10016881265600786,0
2.5300000000000002,-1.3,11.030916088509548,3.2487661319166095,0.10011364841635144,0
2.54,-1.3,10.821410832333392,3.1917527781278467,0.10007192336131465,0
2.5500000000000003,-1.3,10.615855220580906,3.1352870221118514,0.10004182959751497,0
2.56,-1.3,10.414186483881236,3.079436425532133,0.10002152396121637,0
2.57,-1.3,10.190562159539866,3.016633603635407,0.10000912616300675,0
2.58,-1.3,9.997284076956669,2.962432501743762,0.10000271774653918,0
2.59,-1.3,9.805453413179775,2.9083609470439464,0.10000034158715425,0
2.6,-1.3,9.615774141748394,2.854697827279616,0.10000000000000009,0
2.61,-1.3,9.428916280945813,2.8016996335547506,0.09999999992000956,0
2.62,-1.3,9.24557958144259,2.749591190728373,0.10000000004351013,0
2.63,-1.3,9.066488127651422,2.698595129286439,0.09999999998529771,0
2.64,-1.3,8.891884592957922,2.6487911740913717,0.10000000000317015,0
2.65,-1.3,8.719790661491068,2.5995969469313067,0.10000000000000009,0
2.66,-1.3,8.549860946000415,2.550915212014605,0.09999999999958775,0
2.67,-1.3,8.380246584968107,2.5021993635214943,0.10000000000022437,0
2.68,-1.3,8.210778937136318,2.453403089259983,0.0999999999999243,0
2.69,-1.3,8.042562681737632,2.4048606035165143,0.10000000000001642,0
2.7,-1.3,7.876698616585819,2.356905810340046,0.10000000000000009,0
2.71,-1.3,7.714283952607724,2.3098723249114874,0.09999999999999797,0
2.72,-1.3,7.55633277451233,2.264069577989366,0.10000000000000124,0
2.73,-1.3,7.40307699104184,2.2195730914029803,0.0999999999999997,0
2.74,-1.3,7.254308448959319,2.1763263322163064,0.10000000000000019,0
2.75,-1.3,7.109815431250861,2.1342713351550713,0.10000000000000009,0
2.7600000000000002,-1.3,6.968802518162799,2.093174461208475,0.10000000000000007,0
2.77,-1.3,6.83075865783926,2.0528867957266965,0.10000000000000009,0
2.7800000000000002,-1.3,6.695863413005042,2.0134665878009512,0.10000000000000009,0
2.79,-1.3,6.564327524695057,1.974981437345228,0.10000000000000009,0
2.8000000000000003,-1.3,6.436361769572119,1.9374989397272464,0.10000000000000009,0
2.81,-1.3,6.312112815320914,1.9010673606025743,0.10000000000000009,0
2.82,-1.3,6.191419332491789,1.8656420921125119,0.10000000000000009,0
2.83,-1.3,6.074022344147956,1.8311488415008221,0.10000000000000009,0
2.84,-1.3,5.9592380896376,1.7973849042802301,0.10000000000000009,0
2.85,-1.3,5.846625395191162,1.7642202667565614,0.10000000000000009,0
2.86,-1.3,5.736071275759275,1.7316236396167841,0.10000000000000009,0
2.87,-1.3,5.627545206112266,1.6995884765251354,0.10000000000000009,0
2.88,-1.3,5.521007230277917,1.6681052690773133,0.10000000000000009,0
2.89,-1.3,5.416454137891253,1.637175501893704,0.10000000000000009,0
2.9,-1.3,5.313878375986502,1.6067992540290912,0.10000000000000009,0
2.91,-1.3,5.213206689937074,1.576956638299353,0.10000000000000009,0
2.92,-1.3,5.2886929918571965,1.6003797499706962,0.10000000000000009,0
2.93,-1.3,5.362841213001321,1.623396964070161,0.10000000000000009,0
2.94,-1.3,5.435644561458806,1.64600552733642,0.10000000000000009,0
2.95,-1.3,5.266532879377658,1.5953315713816976,0.10000000000000009,0
2.96,-1.3,5.100592899383325,1.5455687935819877,0.10000000000000009,0
2.97,-1.3,4.937818288340453,1.4967181286533877,0.10000000000000009,0
2.98,-1.3,4.778203958927761,1.448780769433218,0.10000000000000009,0
2.99,-1.3,4.621726863384704,1.4017523448001752,0.10000000000000009,0
3.0,-1.3,4.628668498879558,1.4042621385734153,0.10000000000000009,0
0.0,-0.9,10.223146914323952,0.006549428637864113,44.032103419680105,2
0.01,-0.9,10.226977119713068,0.00660774076072676,43.68531587726885,2
0.02,-0.9,10.230729796831927,0.00666838183191558,43.31963726124061,2
0.03,-0.9,10.234248358725807,0.006730961893867855,42.939281620818825,2
0.04,-0.9,10.237371970877389,0.006795259273336307,42.54764736051426,1
0.05,-0.9,10.240008159647438,0.006861227867976526,42.147314204297516,1
0.06,-0.9,10.242153657250773,0.006928919579008743,41.74016216353515,1
0.07,-0.9,10.24387159185805,0.006998443217842487,41.327315820613045,1
0.08,-0.9,10.245255715199036,0.007069942248587259,40.90944182036866,1
0.09,-0.9,10.246395860603144,0.007143570378029118,40.4868599427603,1
0.1,-0.9,10.247361332942674,0.0072194775619726865,40.05965940681045,1
0.11,-0.9,10.248198920438453,0.007297806763543216,39.62786087294393,1
0.12,-0.9,10.24893821387735,0.007378695658941074,39.191473127354826,1
0.13,-0.9,10.249599110334376,0.0074622804990199625,38.75050029886939,1
0.14,-0.9,10.25021467557101,0.007548711894966477,38.30494994163158,1
0.15,-0.9,10.250813163255454,0.007638141528369269,37.854840747393666,1
0.16,-0.9,10.251402743929084,0.007730710167849491,37.400207252042705,1
0.17,-0.9,10.251986977573075,0.00782655840902898,36.94110374576905,1
0.18,-0.9,10.252559062997543,0.00792582199888318,36.47760646860006,1
0.19,-0.9,10.253121055355848,0.00802864642912708,36.00981471743654,1
0.2,-0.9,10.253668032338311,0.008135174916315848,35.5378512036344,1
0.21,-0.9,10.254193546057849,0.008245552570440243,35.06186184003705,1
0.22,-0.9,10.254696356970438,0.008359931956738238,34.58201513949595,1
0.23,-0.9,10.25517185988698,0.008478466560243663,34.098500964180765,1
0.24,-0.9,10.25562034942484,0.008601317793553444,33.61152913303862,1
0.25,-0.9,10.256041985995585,0.008728651287838935,33.12132792471498,1
0.26,-0.9,10.256437355312297,0.008860637670343587,32.62814251604874,1
0.27,-0.9,10.256811694005226,0.008997456604425807,32.13223341144997,1
0.28,-0.9,10.257167704069744,0.009139291088452786,31.633874614220606,1
0.29,-0.9,10.257508837277694,0.009286330641268365,31.133351906397486,1
0.3,-0.9,10.257860792577238,0.009438791522678966,30.630961193994615,1
0.31,-0.9,10.258224100082053,0.009596874478578364,30.127006914843616,1
0.32,-0.9,10.258599304625765,0.009760787217399758,29.621800527186647,1
0.33,-0.9,10.25898696673874,0.009930744853972558,29.115658894795565,1
0.34,-0.9,10.259387664145676,0.010106970344918987,28.608902818602875,1
0.35000000000000003,-0.9,10.259801989431462,0.01028969492401304,28.101855667224303,1
0.36,-0.9,10.260230542005857,0.0104791585379807,27.594842095894904,1
0.37,-0.9,10.260673936974205,0.010675610302655472,27.088186860373376,1
0.38,-0.9,10.261132806094796,0.010879309001349211,26.5822135980673,1
0.39,-0.9,10.261607798496229,0.011090523580746766,26.07724373980953,1
0.4,-0.9,10.26209958085144,0.011309533654624726,25.573595514933192,1
0.41000000000000003,-0.9,10.262608837918695,0.011536630019150965,25.071583038782325,1
0.42,-0.9,10.263136272571412,0.011772115176705152,24.571515484565438,1
0.43,-0.9,10.263682605953381,0.012016303905192397,24.07369625717911,1
0.44,-0.9,10.264248565342504,0.012269523826776065,23.578422247995068,1
0.45,-0.9,10.264834714124039,0.012532115777504441,23.08598321749582,1
0.46,-0.9,10.265441539574063,0.012804434511201229,22.596661183844315,1
0.47000000000000003,-0.9,10.266069549225511,0.013086849571745449,22.110729590385944,1
0.48,-0.9,10.266719271470983,0.013379746033074867,21.62845271238117,1
0.49,-0.9,10.26739125612355,0.013683524854211685,21.150086009415652,1
0.5,-0.9,10.268086074956292,0.013998603438336145,20.675875986555432,1
0.51,-0.9,10.268804322442037,0.014325416529009923,20.206059441723514,0
0.52,-0.9,10.269546617213777,0.014664417010904384,19.74086307564863,0
0.53,-0.9,10.27031367913352,0.015016076874414988,19.280503137677144,0
0.54,-0.9,10.271106341813944,0.015380888100897655,18.825185190956887,0
0.55,-0.9,10.271925458189024,0.01575936340451438,18.375103955684786,0
0.56,-0.9,10.272771907128336,0.016152037137224826,17.930443209807073,0
0.5700000000000001,-0.9,10.273646594405824,0.016559466208734462,17.491375743042024,0
0.58,-0.9,10.27455045322579,0.016982231061706533,17.05806332251543,0
0.59,-0.9,10.275484444927846,0.017420936676908083,16.630656702342023,0
0.6,-0.9,10.276449566729218,0.017876213614686248,16.20929566665654,0
0.61,-0.9,10.277446816086819,0.018348719081673886,15.794109102348472,0
0.62,-0.9,10.278477094403025,0.01883913778428681,15.38521510156986,0
0.63,-0.9,10.27954123468754,0.019348183190416694,14.982721065763979,0
0.64,-0.9,10.28064011424432,0.019876598917176917,14.586723840177735,0
0.65,-0.9,10.281774638663995,0.020425159986793614,14.197309872437565,0
0.66,-0.9,10.282945748285824,0.020994674142433094,13.814555392921354,0
0.67,-0.9,10.284154424485529,0.02158598321097982,13.438526617189948,0
0.68,-0.9,10.285401679219069,0.022199964540134773,13.069279948643432,0
0.6900000000000001,-0.9,10.286688584639533,0.022837532493817595,12.706862204101776,0
0.7000000000000001,-0.9,10.288016208550586,0.023499640033216085,12.351310856752368,0
0.71,-0.9,10.289385946517788,0.024187280804090005,12.002654294245767,0
0.72,-0.9,10.290799337508764,0.02490149068005203,11.66091209170272,0
0.73,-0.9,10.292257893851021,0.025643348830959298,11.32609528263396,0
0.74,-0.9,10.293763363140167,0.026413981004644666,10.99820664482632,0
0.75,-0.9,10.295317057303143,0.027214557723783096,10.677240996503894,0
0.76,-0.9,10.296918270659345,0.02804628742609832,10.363185500754728,0
0.77,-0.9,10.298564100646074,0.028910415675821657,10.056019977766798,0
0.78,-0.9,10.300257340394566,0.02980825552552257,9.755717211851287,0
0.79,-0.9,10.301997649350238,0.030741166711021953,9.462243265977305,0
0.8,-0.9,10.303784629093709,0.03171056534079959,9.17555780012052,0
0.81,-0.9,10.305618776846906,0.03271792946205235,8.895614391746525,0
0.8200000000000001,-0.9,10.30750091410775,0.033764799902914464,8.62236085796383,0
0.8300000000000001,-0.9,10.309432159991498,0.034852782833441676,8.355739570059058,0
0.84,-0.9,10.311413920164567,0.0359835524627199,8.09568776898853,0
0.85,-0.9,10.313447875781042,0.037158853835096324,7.842137879151171,0
0.86,-0.9,10.315535974093361,0.0383805057447296,7.59501781966764,0
0.87,-0.9,10.317680421571593,0.03965040376556917,7.354251313346376,0
0.88,-0.9,10.319885372544466,0.040970530124405255,7.119758185324516,0
0.89,-0.9,10.322154770695532,0.04234294925656476,6.891454658674269,0
0.9,-0.9,10.324491160448455,0.043769805955088475,6.669253644921027,0
0.91,-0.9,10.32689729089745,0.04525333483985754,6.453065028612665,0
0.92,-0.9,10.329376107048903,0.0467958639466452,6.242795945764401,0
0.93,-0.9,10.331930737197247,0.04839981842207026,6.038351051044883,0
0.9400000000000001,-0.9,10.33456448201002,0.05006772435170126,5.839632779018811,0
0.9500000000000001,-0.9,10.337280804276476,0.05180221271803279,5.646541598018645,0
0.96,-0.9,10.340082901781544,0.05360602132455605,5.458976256114156,0
0.97,-0.9,10.342965798025917,0.05548195625863263,5.27683401913778,0
0.98,-0.9,10.34593018427746,0.05743296532814616,5.100010897204107,0
0.99,-0.9,10.34898047912499,0.059462136183849615,4.928401863670654,0
1.0,-0.9,10.352121236037888,0.06157268299283592,4.761901065611917,0
1.01,-0.9,10.355357131926798,0.06376795118714045,4.600402025539652,0
1.02,-0.9,10.358692955744282,0.06605142233534857,4.443797834457029,0
1.03,-0.9,10.362133595337161,0.06842671914658428,4.291981333856687,0
1.04,-0.9,10.365684025248136,0.07089761060620031,4.144845289595229,0
1.05,-0.9,10.369354900811746,0.0734680569553975,4.002282557102373,0
1.06,-0.9,10.373187298900492,0.07614240391331896,3.864186237861148,0
1.07,-0.9,10.377191155223617,0.07892496086238285,3.730449827350501,0
1.08,-0.9,10.38137692548497,0.08182021687853766,3.6009673529001174,0
1.09,-0.9,10.385752005106474,0.08483281868370328,3.4756335036474058,0
1.1,-0.9,10.390319000148535,0.08796755811371848,3.35434375233705,0
1.11,-0.9,10.395111000034362,0.09122968071912993,3.2369944690435872,0
1.12,-0.9,10.400192301945342,0.09462494743939126,3.1234830270799856,0
1.1300000000000001,-0.9,10.405559189229853,0.09815876085848266,3.013707900113105,0
1.1400000000000001,-0.9,10.41100046878006,0.10183469713439929,2.907568752141441,0
1.1500000000000001,-0.9,10.416279537974539,0.10565598314495114,2.8049665202680525,0
1.16,-0.9,10.421582002898093,0.10963013359007237,2.705803490439589,0
1.17,-0.9,10.42696825367044,0.11376624051750442,2.609983366455733,0
1.18,-0.9,10.43246078407972,0.11808270984067376,2.5174113316290705,0
1.19,-0.9,10.438074390047474,0.12257284693405497,2.4279941043754194,0
1.2,-0.9,10.443823844591517,0.12724362031254663,2.341639987786282,0
1.21,-0.9,10.449436353525899,0.1320986281526159,2.2582589134011597,0
1.22,-0.9,10.45477623982734,0.13714299335166077,2.1777624794992123,0
1.23,-0.9,10.460636740692783,0.1423944361533438,2.100063983489455,0
1.24,-0.9,10.467817807319623,0.14787261195107718,2.0250784494244205,0
1.25,-0.9,10.476684264891137,0.15359281356093954,1.9527226507511861,0
1.26,-0.9,10.488132536481512,0.15957964787166085,1.8829151285309114,0
1.27,-0.9,10.502027792683878,0.16584398110011792,1.8155762054418805,0
1.28,-0.9,10.51823316360607,0.17239693841380646,1.7506279952288097,0
1.285,-0.9,10.527158924232445,0.17578519773813506,1.7190265592738339,0
1.29,-0.9,10.53661034614911,0.1792499033564809,1.687994408458474,0
1.3,-0.9,10.557021695873019,0.18641454685318043,1.6276011547167644,0
1.31,-0.9,10.579199463224212,0.19390042676500557,1.5693757414687861,0
1.32,-0.9,10.595745877930954,0.20158134577819006,1.5132474698790483,0
1.33,-0.9,10.593327785195607,0.20919312378622582,1.4591474272592542,0
1.34,-0.9,10.577155204417833,0.2168110748751109,1.4070084769058713,0
1.35,-0.9,10.548995202668882,0.22445057877040067,1.356765245456054,0
1.36,-0.9,10.510620948948919,0.23213069105273126,1.3083541079597216,0
1.37,-0.9,10.463809533941498,0.2398745192060013,1.261713170939261,0
1.3800000000000001,-0.9,10.410339754890423,0.24770962005257563,1.216782253059931,0
1.3900000000000001,-0.9,10.35219133691795,0.25567339435101927,1.1735028641234542,0
1.4000000000000001,-0.9,10.294758314570295,0.2638969009815189,1.1318181824900495,0
1.41,-0.9,10.27569131217882,0.27338940766556685,1.0916730310955283,0
1.42,-0.9,10.296942133507438,0.28432628316359776,1.0530138523057213,0
1.43,-0.9,10.351557248641804,0.29664436488589174,1.015788681161474,0
1.44,-0.9,10.437690977719164,0.31041169073021835,0.9799471177098055,0
1.45,-0.9,10.553516691576794,0.32569684073719246,0.9454402984943784,0
1.46,-0.9,10.697233901834553,0.34256892934039684,0.9122208673384259,0
1.47,-0.9,10.867075303730218,0.361097622662295,0.8802429456325533,0
1.48,-0.9,11.06131375705785,0.3813531854582219,0.8494621016034046,0
1.49,-0.9,11.250651735591333,0.40241872757389163,0.8198353192618505,0
1.5,-0.9,11.321877531385711,0.42011459758971303,0.7913209670688809,0
1.51,-0.9,11.261812486880435,0.43348417770687564,0.7638787664197421,0
1.52,-0.9,11.037950686734447,0.4406904980014955,0.7374697601295587,0
1.53,-0.9,10.659547872865609,0.44139431372718113,0.7120562803261681,0
1.54,-0.9,10.135651597485907,0.4352537679795856,0.6876019164604179,0
1.55,-0.9,9.47506512190487,0.4219237112907852,0.6640714834381968,0
1.56,-0.9,8.68631180980276,0.4010547559893507,0.6414309899448991,0
1.57,-0.9,7.777600160042208,0.37229203635441743,0.619647607117235,0
1.58,-0.9,6.899051138849982,0.3423326991824919,0.5986896369161133,0
1.59,-0.9,6.319857643410055,0.32503927268463073,0.578526480920738,0
1.6,-0.9,6.031075768009852,0.3214689833465282,0.5591286095178553,0
1.61,-0.9,6.007125188239065,0.3317955175653163,0.540467531530515,0
1.62,-0.9,6.170949529698047,0.3531479417361696,0.5225157644131236,0
1.6300000000000001,-0.9,6.5081202424284745,0.38583347913464133,0.5052468043419343,0
1.6400000000000001,-0.9,7.008244813532204,0.4303576342596123,0.48863509691999135,0
1.6500000000000001,-0.9,7.661386367570727,0.4872335522618336,0.4726560084450169,0
1.6600000000000001,-0.9,8.457844315615702,0.5569679084546243,0.4572857977617914,0
1.67,-0.9,9.33488596947859,0.6364271077789989,0.44250158879696383,0
1.68,-0.9,9.966148864945339,0.7033347169765597,0.42828134311560817,0
1.69,-0.9,10.458806000284964,0.763897331488389,0.41460383319786254,0
1.7,-0.9,10.820300337016647,0.8177693245240424,0.4014486163642325,0
1.71,-0.9,11.05778819326947,0.8646014978667181,0.3887960093514706,0
1.72,-0.9,11.178118932688278,0.9040394696958715,0.37662706360605575,0
1.73,-0.9,11.184211509876102,0.9354203059864201,0.36492354068605254,0
1.74,-0.9,11.03787329829893,0.9545054388136198,0.35366788842122593,0
1.75,-0.9,10.754242677203619,0.9613249306895146,0.34284321774609017,0
1.76,-0.9,10.470912738061386,0.9673307242483867,0.3324332801906565,0
1.77,-0.9,10.237344406903993,0.9771863230428506,0.32242244606165815,0
1.78,-0.9,10.050821544270985,0.9910318496783423,0.31279568280340586,0
1.79,-0.9,9.908715795002148,1.0090031505635884,0.3035385341042353,0
1.8,-0.9,9.808557021918826,1.031238683098748,0.2946370996555158,0
1.81,-0.9,9.748113263019157,1.0578888774671673,0.2860780155328641,0
1.82,-0.9,9.725102670088186,1.0890860457463487,0.27784843519399455,0
1.83,-0.9,9.739753156891458,1.125237363968349,0.2699360107314113,0
1.84,-0.9,9.786648675543672,1.1660968164698327,0.2623288748201053,0
1.85,-0.9,9.829360136216902,1.2075441070785142,0.25501562326600785,0
1.86,-0.9,9.853387402618047,1.2476985155677325,0.24798529811141076,0
1.87,-0.9,9.857506096007706,1.2861841307378956,0.24122737124917082,0
1.8800000000000001,-0.9,9.846094237540907,1.323348240368439,0.2347317283850669,0
1.8900000000000001,-0.9,9.821551948444608,1.3593234673752783,0.228488653616298,0
1.9000000000000001,-0.9,9.784330434666728,1.393995003398207,0.22248881453738772,0
1.9100000000000001,-0.9,9.734845053653105,1.4272426375017864,0.21672324781792818,0
1.92,-0.9,9.673473998274103,1.4589403398754304,0.21118334515808068,0
1.93,-0.9,9.603566856859992,1.4894226143964187,0.2058608397121693,0
1.94,-0.9,9.533991360823807,1.5199554654392646,0.20074779302806361,0
1.95,-0.9,9.465423210427002,1.5506140056130084,0.19583658242640356,0
1.96,-0.9,9.39828675558994,1.5814416664564586,0.19111988875442398,0
1.97,-0.9,9.333146852198672,1.6125126679311501,0.18659068437309428,0
1.98,-0.9,9.270508372301467,1.6438999314510288,0.1822422217611588,0
1.99,-0.9,9.21089395919906,1.6756881427960926,0.17806802251821394,0
2.0,-0.9,9.156153444071839,1.7082187136271654,0.17406186671137053,0
2.0100000000000002,-0.9,9.108654715711548,1.74196626780378,0.1702177824935073,0
2.02,-0.9,9.067685989622131,1.7768462461294752,0.16653003580662956,0
2.0300000000000002,-0.9,9.028693935706045,1.8119895845591583,0.16299312087527945,0
2.04,-0.9,8.98826813611142,1.8466750512220966,0.1596017509701913,0
2.05,-0.9,8.523633065967584,1.7919508561670177,0.15635084941513408,0
2.06,-0.9,8.066214099210072,1.734435491796821,0.15323554076226037,0
2.07,-0.9,7.8572766248562536,1.7272084860415342,0.15025114191045796,0
2.08,-0.9,7.644723871529549,1.7171700091101303,0.14739315420000318,0
2.09,-0.9,7.42889706173913,1.704301364356924,0.1446572556412462,0
2.1,-0.9,7.200982388586576,1.686450556310817,0.14203929328636106,0
2.11,-0.9,6.959739701661572,1.6631121690428785,0.1395352756719522,0
2.12,-0.9,6.708524230907719,1.6348836745517072,0.13714136507848293,0
2.13,-0.9,6.451173561095792,1.6025533371355738,0.13485387094845142,0
2.14,-0.9,6.191496689355734,1.5669820343372745,0.13266924330075322,0
2.15,-0.9,5.935047439788133,1.5295588308277526,0.13058406619298288,0
2.16,-0.9,5.694566856705031,1.493667147642188,0.12859505116787406,0
2.17,-0.9,5.484246138803161,1.4633137643168912,0.12669903041534375,0
2.18,-0.9,5.316440166036573,1.442261541652007,0.12489295125145002,0
2.19,-0.9,5.2008297352288135,1.4337474491845077,0.1231738704617527,0
2.2,-0.9,5.121751737583364,1.4340663294213885,0.12153894860769206,0
2.21,-0.9,5.060721823252306,1.4384252325532374,0.11998544424644428,0
2.22,-0.9,5.012847307370718,1.4456286407328167,0.11851070779702867,0
2.23,-0.9,4.973283570164953,1.4544086039145914,0.11711217683736642,0
2.24,-0.9,4.936240348030249,1.463135006098852,0.11578737114917168,0
2.25,-0.9,4.896337257288514,1.4702086865742197,0.11453388765669163,0
2.2600000000000002,-0.9,4.8489236852210205,1.4741722503770534,0.11334939522864966,0
2.27,-0.9,4.789387796410116,1.4735167100093198,0.11223162909241464,0
2.2800000000000002,-0.9,4.713461839324832,1.4667826888482476,0.11117838673446727,0
2.29,-0.9,4.672808023676561,1.470059302481368,0.11018752345729561,0
2.3000000000000003,-0.9,4.663010408631575,1.482303138413633,0.10925694778201937,0
2.31,-0.9,4.673774687204788,1.5005041883217523,0.10838461668726086,0
2.32,-0.9,4.691160614738015,1.5203248377610254,0.10756853046077229,0
2.33,-0.9,4.708981111010566,1.539786910670929,0.10680672902968216,0
2.34,-0.9,4.7210852292756,1.5568523669155743,0.1060972878900226,0
2.35,-0.9,4.721356670778334,1.5694313996405844,0.10543831385915976,0
2.36,-0.9,4.7047184185792785,1.5757275074815669,0.1048279406621351,0
2.37,-0.9,4.672268567939954,1.5759903349736843,0.1042643241616533,0
2.38,-0.9,4.662532762614743,1.5832038331770746,0.10374563900420257,0
2.39,-0.9,4.687125384731882,1.6014983678648411,0.10327007484926662,0
2.4,-0.9,4.735263554698858,1.627384105214722,0.10283583242679506,0
2.41,-0.9,4.796203551363301,1.6572803099046869,0.10244111945078309,0
2.42,-0.9,4.859241553646123,1.687530100799778,0.10208414623112178,0
2.43,-0.9,4.913714108728474,1.7144146314137638,0.1017631226053192,0
2.44,-0.9,4.948996328815083,1.7341658484894913,0.10147625448118582,0
2.45,-0.9,4.954501574425331,1.742978962521815,0.10122174024255827,0
2.46,-0.9,4.922965434227664,1.7381835785133708,0.10099776705689259,0
2.47,-0.9,4.858322716033603,1.7210639534631937,0.10080250695239437,0
2.48,-0.9,4.767012005868311,1.6938352177790463,0.100634114115577,0
2.49,-0.9,4.66757948125606,1.6630717053827806,0.10049072187061397,0
2.5,-0.9,4.570794675776565,1.6326505137512197,0.10037043958579457,0
2.5100000000000002,-0.9,4.478286293123916,1.60321453637442,0.1002713495499354,0
2.52,-0.9,4.388980569589401,1.5744397373932744,0.10019150369953307,0
2.5300000000000002,-0.9,4.30180906224119,1.5459981876752256,0.10012892149773422,0
2.54,-0.9,4.215712360227106,1.5175601831134464,0.10008158760758065,0
2.5500000000000003,-0.9,4.130048305864578,1.4889420818440642,0.10004744957549792,0
2.56,-0.9,4.044915637930577,1.4602246666302683,0.10002441558286092,0
2.57,-0.9,3.9921653892349633,1.4429640332436828,0.1000103521566623,0
2.58,-0.9,3.9091526743613727,1.414572575739036,0.10000308283566134,0
2.59,-0.9,3.832746220914511,1.3884075432481802,0.10000038747388501,0
2.6,-0.9,3.761111900135662,1.3638486250258959,0.09999999999999987,0
2.61,-0.9,3.692210725939839,1.3401908878532791,0.09999999990926611,0
2.62,-0.9,3.6241543382365284,1.316758857487243,0.10000000004935358,0
2.63,-0.9,3.55543914856818,1.2930088574380194,0.09999999998332287,0
2.64,-0.9,3.485452999691857,1.2687196124263622,0.10000000000359568,0
2.65,-0.9,3.4169311029727445,1.2448886083127018,0.09999999999999987,0
2.66,-0.9,3.3508586038473567,1.2218786762761282,0.09999999999953216,0
2.67,-0.9,3.2892131890877,1.2004159964195413,0.10000000000025427,0
2.68,-0.9,3.232154643037415,1.1805649806375893,0.09999999999991391,0
2.69,-0.9,3.178285249070883,1.1618206449923856,0.1000000000000184,0
2.7,-0.9,3.126212179380448,1.1436779559353616,0.09999999999999987,0
2.71,-0.9,3.07454718308704,1.1256318332861097,0.09999999999999745,0
2.72,-0.9,3.022016419062088,1.1072175035576852,0.10000000000000119,0
2.73,-0.9,2.9683840870205884,1.088349399274751,0.09999999999999942,0
2.74,-0.9,2.9139813332385,1.0691497332827629,0.09999999999999996,0
2.75,-0.9,2.859144076811671,1.0497428164727542,0.09999999999999987,0
2.7600000000000002,-0.9,2.804853746830629,1.0304904428172696,0.09999999999999985,0
2.77,-0.9,2.7517893489101617,1.0116441368890754,0.09999999999999987,0
2.7800000000000002,-0.9,2.699853123636695,0.9931702504207093,0.09999999999999987,0
2.79,-0.9,2.6489160299180963,0.9750234536199628,0.09999999999999987,0
2.8000000000000003,-0.9,2.5988494682348113,0.9571583925746405,0.09999999999999987,0
2.81,-0.9,2.5495474489237746,0.9395378682820777,0.09999999999999987,0
2.82,-0.9,2.5009876771152935,0.9221553917534971,0.09999999999999987,0
2.83,-0.9,2.453162237014031,0.905009703070872,0.09999999999999987,0
2.84,-0.9,2.4065840104585168,0.888291711307247,0.09999999999999987,0
2.85,-0.9,2.361506258188025,0.8720967791444002,0.09999999999999987,0
2.86,-0.9,2.3177814515254735,0.8563723006797412,0.09999999999999987,0
2.87,-0.9,2.275162198221808,0.8410285739562685,0.09999999999999987,0
2.88,-0.9,2.2334137784626122,0.825980343879079,0.09999999999999987,0
2.89,-0.9,2.1922580660835735,0.8111260782821582,0.09999999999999987,0
2.9,-0.9,2.151510154150575,0.7963985188883981,0.09999999999999987,0
2.91,-0.9,2.111241347552604,0.781825127946031,0.09999999999999987,0
2.92,-0.9,2.071490528811498,0.7674213637735308,0.09999999999999987,0
2.93,-0.9,2.0322966824138327,0.753202708437719,0.09999999999999987,0
2.94,-0.9,1.9936989027195842,0.739184669986462,0.09999999999999987,0
2.95,-0.9,2.036344370012763,0.7552802864744144,0.09999999999999987,0
2.96,-0.9,2.0781732247816023,0.7710761659423776,0.09999999999999987,0
2.97,-0.9,2.119194671784224,0.7865751067394608,0.09999999999999987,0
2.98,-0.9,2.159417881609194,0.8017799330267473,0.09999999999999987,0
2.99,-0.9,2.1988553928494956,0.8166947557733677,0.09999999999999987,0
3.0,-0.9,2.2350154463118246,0.8303932817996053,0.09999999999999987,0
