s,l,required_negative_null,worst_null_direction_cosine,required_negative_radial_plus,required_negative_radial_minus,velocity,heat,electric_density,geometry_rho,geometry_p_r,geometry_j,geometry_p_t,endpoint_rho,endpoint_p_r,endpoint_j,endpoint_p_t,reservoir_rho,reservoir_p_r,reservoir_j,reservoir_p_t
0.0,-2.1,0.04620709746490087,-0.0044642682943573896,0.01328214583793018,0.013864874579997478,4.062611865024905e-12,0.24999999999999956,0.02385405482559413,0.002333737565835256,-0.006417215729627872,-0.0001456821854782704,0.008657957029985196,0.0,0.0,0.0,0.0,0.033344086870765344,-0.02385405482559413,3.8554316786179134e-14,0.02385405482559413
0.0,-2.075,0.04960415377443776,-0.0032175703762540894,0.011455121298482472,0.01194296568774634,7.19054886885851e-12,0.2500693431968559,0.025329835304273483,0.002841817841495997,-0.006127225417215066,-0.00012253020234117716,0.006670137958059636,-8.535179333010051e-06,-7.331616886359078e-06,-5.691050858228303e-07,3.5079012750955945e-05,0.03375933801788819,-0.025329835304273483,6.0612751202422e-14,0.025329835304273483
0.0,-2.0500000000000003,0.052761168893112755,-0.0022975709057595386,0.009793033547325797,0.010186114559901814,1.1149721362387775e-11,0.2527954127708383,0.026731584840973162,0.003271542309311806,-0.005886389320971209,-0.00010197523445382647,0.005076785619546259,-5.5071537324446915e-05,-4.7198091033048244e-05,-3.7049813931887997e-06,0.00022417622416252367,0.03420858151128506,-0.026731584840973162,8.336642950147883e-14,0.026731584840973162
0.0,-2.025,0.055764451372883175,-0.0015699719039449088,0.00832228691878552,0.00861928509019273,1.5281764148929053e-11,0.26835052329185083,0.02804773760618239,0.003631660485442828,-0.005692041154173044,-8.404121569614999e-05,0.003819823618191601,-0.00014486111481558185,-0.00012398262739446932,-9.791672946417515e-06,0.0005859557313032916,0.03472698668415135,-0.02804773760618239,1.0207070910147343e-13,0.02804773760618239
0.0,-2.0,0.058634187183735566,-0.0009951082989872325,0.007067655173067417,0.007272504411677861,1.8664569562056987e-11,0.30314372631471453,0.029294274980769572,0.003931517468198844,-0.005540222780492233,-6.864490599528539e-05,0.0028431382136737187,-0.00025763611417945864,-0.0002203830522917813,-1.743259645539714e-05,0.0010384844099036055,0.035333668627320056,-0.029294274980769572,1.1272268282868645e-13,0.029294274980769572
0.0,-1.975,0.06127913858360374,-0.000564757192749755,0.005974300906219521,0.006099095129035063,2.0220174078879458e-11,0.34203822262809247,0.030498570757379218,0.004180409434054272,-0.005426217005925765,-5.562271202265144e-05,0.002095061062681076,-0.000361817046601799,-0.00030955850887069215,-2.4424156429214138e-05,0.0014570009913454235,0.03596083675860751,-0.030498570757379218,1.1044796940998091e-13,0.030498570757379218
0.0,-1.9500000000000002,0.06362252834157194,-0.0002723428245288293,0.00500172631684422,0.0050655513667197975,1.855533539249866e-11,0.36517894939104134,0.03168300215717214,0.004387110055161066,-0.005345004968658351,-4.4757447286936675e-05,0.0015298226094682594,-0.00042909351537977056,-0.00036744550458615426,-2.8801184908449044e-05,0.0017302629134125337,0.03655528510542279,-0.03168300215717214,9.0406844231943e-14,0.03168300215717214
0.0,-1.925,0.06585668594816291,-9.89351810417201e-05,0.0043149553821367455,0.004339305132825102,1.1447341873687834e-11,0.41537551305768283,0.03286904455999094,0.004559562882615446,-0.005291625629604002,-3.580262193996018e-05,0.0011081733930072462,-0.00044678526431601135,-0.00038320518938804617,-2.9715184318525984e-05,0.001808059801661571,0.03729410252418736,-0.03286904455999094,5.0655151327041553e-14,0.03286904455999094
0.0,-1.9000000000000001,0.06835030356947469,-8.352277237138446e-06,0.004130195841511975,0.004132341342247963,-5.113071157460653e-12,0.5951168610802897,0.03408888660818025,0.004704718005117572,-0.0052614312831419565,-2.850270557802124e-05,0.0007973872025559231,-0.0004259864374951972,-0.0003662161816575296,-2.7966330371696752e-05,0.001733864060794624,0.038455644541188556,-0.03408888660818025,-2.232754403887729e-14,0.03408888660818025
0.0,-1.875,0.07079481740187078,4.291047882507032e-05,0.003959322879931648,0.003947850123060004,-3.856036599476479e-11,0.7799235167719685,0.035350794059734014,0.004828483396093774,-0.0052502466557285835,-2.2608647584884044e-05,0.0005708465746137839,-0.0003948872864968522,-0.00034054127728515483,-2.5476836638248204e-05,0.0016201946108887744,0.03961804586537704,-0.035350794059734014,-1.6454679141741599e-13,0.035350794059734014
0.0,-1.85,0.07299413612542906,7.063729091792038e-05,0.0036007587407813238,0.0035811489297669333,-1.0259201415689736e-10,0.8784015055593142,0.03662697463279244,0.004935758484661719,-0.005254446652765733,-1.7888641492039334e-05,0.00040738086519760485,-0.0003613926532464115,-0.00031290844609892666,-2.2791093840750823e-05,0.0014981517501384684,0.0405735413993079,-0.03662697463279244,-4.048862335814941e-13,0.03662697463279244
0.0,-1.8250000000000002,0.07520198056486736,8.117430030287217e-05,0.0033156556953879697,0.0032923106170104914,-2.2212562755501428e-10,0.9926193411224578,0.03790310443423944,0.0050305208410209995,-0.005270972423623562,-1.4134620536244917e-05,0.00029049020685782245,-0.00032614489290730853,-0.00028381572413040465,-1.9970889314637773e-05,0.001369434972785143,0.04157659662487382,-0.03790310443423944,-8.15976758163105e-13,0.03790310443423944
0.0,-1.8,0.07744764157202995,7.952176776938092e-05,0.0031055544333094313,0.0030819034151617027,-4.4195761128179773e-10,1.132647606921195,0.03918463173433401,0.005115940808593638,-0.005297304400671625,-1.116525738577696e-05,0.00020755181087607938,-0.0002897863606429758,-0.0002537611474111484,-1.707801039534216e-05,0.0012357437730702338,0.04264054457454571,-0.03918463173433401,-1.5273669836580567e-12,0.03918463173433401
0.0,-1.7750000000000001,0.07973947646019398,6.960476291933312e-05,0.002954281830545532,0.0029329003930777036,-8.417694595622284e-10,1.2995446623935187,0.04047718449724415,0.005194505715049918,-0.005331409430103398,-8.826342243638477e-06,0.00014907227070471232,-0.00025293800687783264,-0.0002232283293980614,-1.4171698847189585e-05,0.0010987693532416608,0.04376003823027818,-0.04047718449724415,-2.7634060126779003e-12,0.04047718449724415
0.0,-1.75,0.08205059866180905,5.44127696079135e-05,0.002819679325465515,0.00280243275361041,-1.5619001406354043e-09,1.471102679996072,0.04178321371493537,0.005268140855280507,-0.005371675311497343,-6.989376053648017e-06,0.00010802267153342798,-0.00021613516308023844,-0.00019264319324942237,-1.1301014150075086e-05,0.0009601697475732611,0.04489951365458616,-0.04178321371493537,-4.867349314002671e-12,0.04178321371493537
0.0,-1.725,0.0829135238854504,3.692022764658177e-05,0.0026549551737786352,0.002643101640014768,-2.847164332061691e-09,1.6066077724978434,0.042388299402387024,0.005338319587273901,-0.005416842437900631,-5.549095065081052e-06,7.9272935622738e-05,-0.00017989175597953904,-0.00016241723954885475,-8.512470212786192e-06,0.0008215946983453563,0.04530111395418539,-0.042388299402387024,-8.293261697790562e-12,0.042388299402387024
0.0,-1.7000000000000002,0.07094896511296292,2.0899075217393387e-05,0.0024268377768821526,0.0024211093410736228,-5.120588391003045e-09,1.6587650013294053,0.03661620097454294,0.005406158705696318,-0.0054659387661892935,-4.420485519943504e-06,5.912757555955629e-05,-0.00014472171230507964,-0.00013296196887998098,-5.852580944110363e-06,0.0006846939478382644,0.03925807815421291,-0.03661620097454294,-1.3527965616673897e-11,0.03661620097454294
0.0,-1.675,0.058436956452849,-3.060143787903609e-06,0.0021360289844928786,0.0021367181360088484,-9.106173940586738e-09,1.6005519994779065,0.03060403034835737,0.005472498057671539,-0.005518221667724671,-3.535687544851803e-06,4.495601229868615e-05,-0.00011109878940597808,-0.00010465919127061465,-3.3633786633074836e-06,0.0005510406841089129,0.032910438279231694,-0.03060403034835737,-2.1002551796490323e-11,0.03060403034835737
0.0,-1.6500000000000001,0.05841062564426332,-3.1328696415875037e-05,0.0018440601541433066,0.0018511483370394044,-1.6031072462361884e-08,1.4780057334333772,0.030835690732623128,0.00553796511703101,-0.005573128218430285,-2.8410466295369952e-06,3.490573650589012e-05,-7.93360671104438e-05,-7.777195452533276e-05,-1.0689693315272027e-06,0.0004219018783206639,0.03280523989845098,-0.030835690732623128,-3.1573985395570713e-11,0.030835690732623128
0.0,-1.625,0.06000641442470245,-5.674609520547915e-05,0.0017503210420185163,0.0017635427646992448,-2.7954829197292274e-08,1.5610069783904623,0.03177819981220919,0.005603026169953192,-0.00563023413478169,-2.2944592028146914e-06,2.7684719169775992e-05,-4.9706455866457974e-05,-5.2533615892902304e-05,1.0110226796084868e-06,0.00029846794741348486,0.03361016382249893,-0.03177819981220919,-5.1212241003236284e-11,0.03177819981220919
0.0,-1.6,0.061750294302078436,-7.871134881640039e-05,0.0017753901031535495,0.00179426995333816,-4.8299457285776255e-08,1.8072537300907876,0.032732988628583065,0.005668025999929248,-0.0056892206065655634,-1.8630772254780341e-06,2.239958923204094e-05,-2.2482866122002697e-05,-2.9177532622091023e-05,2.856972998477517e-06,0.00018192930832734705,0.03454828444893669,-0.03273298862858306,-8.767780293621807e-11,0.032732988628583065
0.0,-1.5750000000000002,0.06346105698577074,-9.677345378450145e-05,0.0017295888717269348,0.0017534801169328987,-8.269296265603833e-08,1.947399332296234,0.03370318237214713,0.0057332183408597085,-0.005749848221951768,-1.5213822930576427e-06,1.8437364686122283e-05,2.0868674843494202e-06,-7.921975353868457e-06,4.451572128428446e-06,7.352078042102379e-05,0.035433922093254494,-0.03370318237214712,-1.4311999512485337e-10,0.03370318237214713
0.0,-1.55,0.06515289813996483,-0.00011080623616429908,0.0016392244308412122,0.0016673690378144195,-1.4029600998943245e-07,1.9965167835065798,0.03468166897699246,0.005798788807692475,-0.005811936655247801,-1.2496068763662672e-06,1.538033377607451e-05,2.3855213551660938e-05,1.107513170198641e-05,5.786770072692117e-06,-2.5345207271489975e-05,0.036286887518511265,-0.03468166897699242,-2.2520575653614497e-10,0.03468166897699246
0.0,-1.525,0.066854739646888,-0.00012080803021425436,0.0015374426551343617,0.0015689984462418597,-2.3586418108651946e-07,1.99892640474144,0.03566534784404402,0.005864872084651621,-0.00587534914883722,-1.032463347413848e-06,1.2945621858225028e-05,4.269971648840282e-05,2.767095094349192e-05,6.8568317094699185e-06,-0.00011321182329739201,0.037137720663114555,-0.03566534784404394,-3.4728000922412196e-10,0.03566534784404402
0.0,-1.5,0.06859458805380793,-0.00012682629952582176,0.001449340437243786,0.001483394931828777,-3.9291706232740056e-07,2.0034570326785026,0.03665474386852754,0.0059315646955091905,-0.005939980767099294,-8.581352049791041e-07,1.0942799462765372e-05,5.849792070304611e-05,4.172264476866646e-05,7.656021916963242e-06,-0.00018862223620388054,0.0380124749160018,-0.03665474386852733,-5.334756946042911e-10,0.03665474386852754
0.0,-1.475,0.07039352870997237,-0.00012903932470943578,0.0013889886299508116,0.00142459663670685,-6.485545429992164e-07,2.050787539012613,0.03765270201530861,0.0059989343625654005,-0.006005749504539806,-7.174851496148463e-07,9.244464489874601e-06,7.118456586028849e-05,5.3141851453653526e-05,8.185343868694116e-06,-0.00025053328219811914,0.03892835308934856,-0.03765270201530808,-8.273292993504398e-10,0.03765270201530861
0.0,-1.4500000000000002,0.07225558344390626,-0.00012802547312004635,0.0013539236951308948,0.0013902232741317088,-1.060700401291713e-06,2.149276868699028,0.03866273950847023,0.006067026852495764,-0.006072589614592934,-6.034386289013574e-07,7.766023974663346e-06,8.092317264973259e-05,6.205811278709571e-05,8.472753919466998e-06,-0.0002995564681271253,0.03988626894556616,-0.03866273950846886,-1.2977981649198789e-09,0.03866273950847023
0.0,-1.425,0.07417380508503782,-0.00012443099665439728,0.0013329223485330098,0.0013691679823554916,-1.718892375812975e-06,2.2817227397730924,0.03968751493223179,0.00613587108227764,-0.0061404467403089425,-5.10507011192885e-07,6.451917143996881e-06,8.793445701720743e-05,6.865544643576054e-05,8.552946719406968e-06,-0.00033671696849788116,0.04087739453618826,-0.039687514932228274,-2.045274979376132e-09,0.03968751493223179
0.0,-1.4,0.07613827261722547,-0.00011886528376394415,0.0013145650790125432,0.001350132387988666,-2.7602181240663984e-06,2.4223033965642604,0.04072831053497641,0.006205482670639434,-0.006209274120802246,-4.344204598382522e-07,5.266294462625102e-06,9.243913490854188e-05,7.311787006641532e-05,8.460616918639084e-06,-0.0003630399578173675,0.04189131081333038,-0.040728310534967546,-3.210134446606915e-09,0.04072831053497641
0.0,-1.375,0.07813261298187504,-0.00011162170648082303,0.0012829603196515492,0.0013172650184165636,-4.392678189789355e-06,2.5236615520872094,0.0417846564783826,0.006275866643209608,-0.006279029893782159,-3.718461966201704e-07,4.186740662739062e-06,9.449538306414832e-05,7.546559032512615e-05,8.20927899219619e-06,-0.0003781313764197107,0.042911644923433086,-0.041784656478360854,-4.9504975627178865e-09,0.0417846564783826
0.0,-1.35,0.08016518922796054,-0.00010189778717779446,0.0012429605570210714,0.0012751220041693748,-6.929227475932955e-06,2.5993595807100274,0.042855002989352256,0.006347019317410008,-0.006349675006500622,-3.2017276081955583e-07,3.2000463586626725e-06,9.351122140277288e-05,7.506356977515373e-05,7.727726714742159e-06,-0.00037592022794761566,0.043942813789626715,-0.04285500298930003,-7.537688485878397e-09,0.042855002989352256
0.0,-1.3250000000000002,0.07940709514352916,-9.196442880826569e-05,0.0012176703572768734,0.0012464276508947546,-1.0837129871040201e-05,2.7322273961047996,0.04250927286430426,0.006418929689045147,-0.006421171676406116,-2.7734503497086553e-07,2.299331965436792e-06,8.873213063774524e-05,7.111295995905744e-05,6.923573685848625e-06,-0.0003489162818709321,0.04357923479030664,-0.0425092728641786,-1.1595316349156125e-08,0.04250927286430426
0.0,-1.3,0.05306261042092763,-0.00011433373995701842,0.001200683688232945,0.0012243965377443297,-1.68092299941912e-05,2.9144760200130966,0.029348739070441044,0.006491580448431787,-0.006493482248898931,-2.417381870473773e-07,1.4820414580663278e-06,7.940359148239477e-05,6.281491241939641e-05,5.704433505087204e-06,-0.00028962930765950813,0.030417158878758867,-0.02934873907013916,-1.795931428836398e-08,0.029348739070441044
0.0,-1.275,0.025809757818669,-0.00017194823612766926,0.001177839728720095,0.0011947755635175572,-2.5866537915829815e-05,3.100890609505897,0.015718308334397715,0.006564948566677467,-0.006566568187047633,-2.120613763814402e-07,7.484773694964448e-07,6.533961675763977e-05,4.996226014646207e-05,4.049558640331307e-06,-0.00019588829898789414,0.01678769448252677,-0.01571830833368221,-2.766131734724341e-08,0.015718308334397715
0.0,-1.25,0.023750210959003287,-0.00010488572584143186,0.0011526391255325087,0.0011621177879714837,-3.950545030071011e-05,3.291136301549228,0.014677418106700098,0.006639005998029432,-0.006640389588662607,-1.8728417557297956e-07,1.006610854052384e-07,4.86283477147534e-05,3.471456192147427e-05,2.2247570326614606e-06,-8.679914634944441e-05,0.015750070061508623,-0.01467741810502603,-4.2375598490647685e-08,0.014677418106700098
0.0,-1.225,0.024610379243324678,-2.847530184017052e-05,0.0011579204689733647,0.0011605915802197762,-5.990839520747319e-05,3.6025887001475185,0.01508608950623645,0.006713719777018893,-0.006714904399559877,-1.6658028870036838e-07,-4.586131861094479e-07,3.1926457712597234e-05,1.9823057973384566e-05,5.674754914599177e-07,1.3213035557788278e-05,0.016192411388635447,-0.015086089502265844,-6.62779685574348e-08,0.01508608950623645
0.0,-1.2000000000000002,0.02555251869054279,2.250888805497369e-05,0.0012607991456486617,0.0012586119288025362,-9.024417761336167e-05,4.317706717258822,0.015505135324014601,0.0067890525065175044,-0.006790068238983879,-1.4928439154681887e-07,-9.265984989164109e-07,1.7890620110032974e-05,8.038988531144702e-06,-5.848391738910465e-07,7.972313203575014e-05,0.016737895510093036,-0.015505135313974988,-1.1124942918714308e-07,0.015505135324014601
0.0,-1.175,0.02650596664597649,4.183480179231087e-05,0.0013995602479966798,0.0013953586103131674,-0.00013509438068479555,5.185102408354649,0.01593932396065252,0.006864962323016542,-0.0068658338651023075,-1.3485886631948145e-07,-1.301309132712997e-06,8.528426065390453e-06,1.3791897555201357e-06,-9.97935578164452e-07,9.577102260556366e-05,0.017326004206593172,-0.015939323935344925,-1.8733270903319202e-07,0.01593932396065252
0.0,-1.15,0.02737225873729701,3.944881895013345e-05,0.0014694385338398603,0.00146535086868108,-0.00020105542394818543,5.736887651456803,0.016385049613249762,0.006941403068865731,-0.006942150967784169,-1.2286792737820298e-07,-1.5821140760637637e-06,3.2511379348722536e-06,-1.0771184654686313e-06,-8.503440327545195e-07,7.425656366505894e-05,0.017849522336923596,-0.016385049554050967,-2.944401843187965e-07,0.016385049613249762
0.0,-1.125,0.02814984001696389,2.7934691763839286e-05,0.001462752482279416,0.0014597703334135004,-0.0002975827703290353,5.914147944575371,0.016834622431202175,0.007018324456958271,-0.007018966043203713,-1.129571696058368e-07,-1.7701723076640967e-06,8.209358741488936e-07,-9.851203119876101e-07,-4.2379027321080183e-07,3.5544605831244855e-05,0.01829540630788058,-0.016834622301841722,-4.3470411287394735e-07,0.016834622431202175
0.0,-1.1,0.028857837027771015,1.832403163155961e-05,0.0013895849353564912,0.0013875715450894933,-0.0004381644430343964,5.744959164292568,0.017281806227721425,0.007095671963755059,-0.007096222063615386,-1.0483692857450767e-07,-1.8686532966778057e-06,3.8890852872842024e-14,3.579720722231861e-14,-3.508284192624135e-14,-2.7887039193131057e-13,0.018669834101524594,-0.01728180596123662,-6.081844602411834e-07,0.017281806227721425
0.0,-1.075,0.02955881710154331,1.8929121906032508e-05,0.0013017247705478065,0.0012995851617649686,-0.0006419348005884318,5.472384671066554,0.017723663689339527,0.007173386938575362,-0.007173858413678243,-9.826792820454032e-08,-1.882659707018491e-06,-2.6281007196919585e-07,5.391830893949395e-07,2.0128514882335462e-07,-1.664978069086221e-05,0.019023570271709728,-0.017723663153673647,-8.344552727374042e-07,0.017723663689339527
0.0,-1.05,0.03030093201172756,2.9760103305571908e-05,0.0012482946073247262,0.001244835963506777,-0.0009358641072879292,5.344995628638823,0.01816107223963536,0.007251406623009871,-0.007251810774674662,-9.304733376018371e-08,-1.8187232994003071e-06,-2.7191758644999916e-07,5.578681270150601e-07,2.0826055667593358e-07,-1.722676800064054e-05,0.019406946331657363,-0.018161071148446967,-1.165968844923329e-06,0.01816107223963536
0.0,-1.0250000000000001,0.03108696431120123,4.9314791224981796e-05,0.00123523588332425,0.0012293467754778218,-0.0013576790838189055,5.406577377876501,0.018596245253144347,0.0073296641645672735,-0.007330011030677866,-8.899239878050401e-08,-1.683694698173088e-06,-1.4506628930815779e-07,2.9761911854216527e-07,1.1110566938658864e-07,-9.190371446699774e-06,0.019828034893056956,-0.018596242982595747,-1.672375029774172e-06,0.018596245253144347
0.0,-1.0,0.03190758243863437,7.727107003627912e-05,0.0012576179058671367,0.001248143019430399,-0.0019596713765671465,5.644271500252925,0.019030805452590137,0.007408088630982354,-0.007408387194762636,-8.591789025172085e-08,-1.4828931223978629e-06,3.469973175649211e-14,3.38608413317188e-14,-3.21329902382456e-14,-2.675340108985061e-13,0.020283382541103356,-0.019030800642303433,-2.454639467303171e-06,0.019030805452590137
0.0,-0.9750000000000001,0.032736269179053507,0.00011412268349035603,0.001293600577376389,0.0012792440138765788,-0.0028135070525209566,5.950637683375143,0.01946544829467559,0.007486605123036535,-0.007486863447902628,-8.360446625625855e-08,-1.2177453444117442e-06,7.041979028619716e-08,-1.4447363056658882e-07,-5.3934233638568706e-08,4.461294951678898e-06,0.02075167613772569,-0.019465438113125018,-3.6188111075702685e-06,0.01946544829467559
0.0,-0.95,0.03355312572622095,0.00016268204298903457,0.0013231340807857823,0.0013021542917255346,-0.00401600682793171,6.21852226709073,0.019900106263157427,0.007565134740771646,-0.0075653600479399195,-8.176189817983877e-08,-8.839978146099493e-07,7.286014004028336e-08,-1.4948027196690387e-07,-5.580328755575294e-08,4.615898239027532e-06,0.021212580594382753,-0.01990008509516344,-5.2709058756860205e-06,0.019900106263157427
0.0,-0.925,0.03469807577801405,0.000225343319712962,0.0013442868019393865,0.001314209033686932,-0.005695536933932876,6.4333539065053795,0.020504823310560794,0.00764359472701884,-0.0076437933669491216,-7.99651591754721e-08,-4.737256797905874e-07,3.887043602016216e-08,-7.974676098915357e-08,-2.977071297760748e-08,2.462552275916938e-06,0.02183387035162433,-0.02050478019741648,-7.569636509311559e-06,0.020504823310560794
0.0,-0.8999999999999999,0.038883264622924164,0.0002837458049548973,0.0013594763015470955,0.0013168632523412214,-0.008018823464135317,6.601419691421512,0.02263363962889789,0.007721900657942068,-0.007722073169628409,-7.521173533923483e-08,2.8234978782154228e-08,3.028400547966729e-14,3.1717612951110323e-14,-2.899719668397154e-14,-2.5624785048718173e-13,0.0239715508643546,-0.022633553599158782,-1.0728474007810533e-05,0.02263363962889789
0.0,-0.875,0.04316552560773406,0.0003584709818178587,0.0013757056330211668,0.0013157408983067594,-0.011200399392684982,6.744877043486849,0.024810993434780212,0.007799964873855271,-0.007800104182816223,-6.332982268431889e-08,6.828278139514549e-07,-1.8868887685569712e-08,3.8711632732625555e-08,1.4451597709943098e-08,-1.1954007042129816e-06,0.026156388770310634,-0.02481082465635267,-1.5068965098996153e-05,0.024810993434780212
0.0,-0.8500000000000001,0.044445077900910644,0.0004870737262325446,0.001399416140193873,0.0013154687394753195,-0.015509226122034743,6.875283564043938,0.025484263689848557,0.007877692247952945,-0.007877792146016622,-4.414909428635155e-08,1.5067086392626734e-06,-1.95227787081707e-08,4.005315754824359e-08,1.4952410138392606e-08,-1.236826527329728e-06,0.026841259294817014,-0.025483937283424934,-2.104595168406314e-05,0.025484263689848557
0.0,-0.825,0.04537283392735746,0.0006632495000460859,0.001432632887726482,0.0013159048339426752,-0.021265040917377315,6.97721127505968,0.025978687332018593,0.007954982492380762,-0.007955041195252505,-1.920342077162675e-08,2.4854151828339575e-06,-1.041526617896044e-08,2.1368118885107754e-08,7.977003700261476e-09,-6.598392131006121e-07,0.027352265402425906,-0.02597806619731578,-2.9209193870423595e-05,0.025978687332018597
0.0,-0.8,0.04629009685165932,0.000895740800957518,0.0014767596474128625,0.001315907073803293,-0.028816298356360195,7.033364813313668,0.026465119341037648,0.00803173206245591,-0.008031752514463841,9.957887765420887e-09,3.6001898470905427e-06,2.650689773883463e-14,2.9463859454599235e-14,-2.619234038969597e-14,-2.4902818071149347e-13,0.02786027374259392,-0.026463960834049737,-4.020318548843462e-05,0.026465119341037648
0.0,-0.7749999999999999,0.04719640416510996,0.001195551901948485,0.0015322573634006702,0.0013133588369442116,-0.03848628969225073,7.02579286325053,0.026943979931411687,0.008107835005272204,-0.008107823964979229,4.251415998830815e-08,4.831575312417248e-06,5.055936780404892e-09,-1.037271348481043e-08,-3.872327125620951e-09,3.203063367152325e-07,0.028364700025871985,-0.026941875568629866,-5.4678245127000784e-05,0.026943979931411687
0.0,-0.75,0.04809461360355304,0.0015701955618645184,0.0015994673340313146,0.001306522204725271,-0.05047368462532768,6.942635797002567,0.0274170652200237,0.008183183157080227,-0.008183149711135141,7.867584613572257e-08,6.126696817283776e-06,5.2311453772185905e-09,-1.073217469001094e-08,-4.006518679058817e-09,3.3140635327806925e-07,0.02886640660464272,-0.027413372888290027,-7.315359996169604e-05,0.0274170652200237
0.0,-0.7250000000000001,0.048990276135332855,0.0020203314055925624,0.0016793271186572867,0.0012954423521678582,-0.06470909705765698,6.782540682421191,0.027886825468125213,0.008257666779491904,-0.0082576198800568,1.1985245101562344e-07,7.313763193108672e-06,2.790793859160746e-09,-5.7255343708015045e-09,-2.1374634304504184e-09,1.7680306913897909e-07,0.02936805772241718,-0.027880623152828996,-9.584920170791109e-05,0.027886825468125213
0.0,-0.7,0.04988814917816932,0.0025354574762816743,0.0017720824705458587,0.0012816135330258206,-0.08071647114962274,6.547435946980359,0.028354972202344737,0.008331175059261819,-0.008331119104095468,1.6870554570891284e-07,7.951401576650689e-06,2.3788053180837246e-14,2.725375859711606e-14,-2.395759211642815e-14,-2.4722339372918313e-13,0.029871992546102857,-0.028345088589201702,-0.00012244852881034305,0.028354972202344737
0.0,-0.675,0.050788870956561864,0.0030943684330431683,0.0018773615949308755,0.0012681965432193446,-0.09760118490422692,6.2411211651561125,0.028820617338043475,0.008403597176306097,-0.008403524731472545,2.2882345862428515e-07,7.159121334736327e-06,-1.3547040142674049e-09,2.7793946939193797e-09,1.037556743235367e-09,-8.582613645415383e-08,0.030378625851723066,-0.028805775762505082,-0.0001520634770260017,0.028820617338043475
0.0,-0.6499999999999999,0.05168491938672637,0.0036734897487298696,0.001994722520239349,0.0012591827350739784,-0.11430421213379595,5.867707883163566,0.029278357318059074,0.008474823073829272,-0.008474704848531125,3.0372222809824577e-07,3.6426220091146605e-06,-1.4016516859053688e-09,2.8757113771691598e-09,1.0735140018143286e-09,-8.880037569343677e-08,0.030884442467067917,-0.029257373088172795,-0.00018358229757724622,0.029278357318059074
0.0,-0.625,0.05247429735615353,0.004037214312621758,0.002013119773851297,0.001191609584873645,-0.13007425417168383,5.095891514268956,0.029719573035559624,0.008544740129611733,-0.008544522821645863,3.917930283982425e-07,-3.1926264704621643e-06,-7.477621049503343e-10,1.5341854603058162e-09,5.72702729442815e-10,-4.737455120513556e-08,0.03129549079287526,-0.029692909591970275,-0.0002049863269187443,0.029719573035559624
0.0,-0.6000000000000001,0.052935358624403454,0.0035193286838117966,0.001642155832728817,0.0009149759095413699,-0.14473998938754473,3.314613370210563,0.03014169080457068,0.008613222418933048,-0.008612849491017885,4.798830508018781e-07,-1.1864384449101142e-05,2.1850508076576268e-14,2.510012724243056e-14,-2.216258112549612e-14,-2.4925314331423745e-13,0.03139438605825363,-0.030115447259250323,-0.00018131509772389731,0.03014169080457068
0.0,-0.575,0.05328645009872627,0.0025512981352771905,0.0011280171882406915,0.0005930038632168165,-0.15858344462847804,1.5485043047454088,0.030553755659906118,0.008680129706524754,-0.008679565730555144,5.506993483441243e-07,-1.8752685798518278e-05,3.6301942949608157e-10,-7.44704975400928e-10,-2.780410861756536e-10,2.2996721089970372e-08,0.03139370685518125,-0.03053263197179734,-0.0001332023538665385,0.030553755659906118
0.0,-0.55,0.05385061828258752,0.002090688990054032,0.0008838093441721141,0.00043900288734509364,-0.1719564038400002,0.713722724586745,0.030960419726274748,0.008745329649277895,-0.008744544421271852,6.034846158829423e-07,-3.167809055569193e-05,3.7559838950325523e-10,-7.705137536420477e-10,-2.8767574612375873e-10,2.37936595169299e-08,0.031603593457786565,-0.03094140171910656,-0.00011059784191512606,0.030960419726274748
0.0,-0.5249999999999999,0.05462853442933111,0.002329700413473508,0.0009450936339192252,0.00044248918937130614,-0.18581884252259753,0.556163853664255,0.03134583462452244,0.008808932556412455,-0.008807409727891609,7.607214943061543e-07,-7.3384621515989e-05,2.0038861513503075e-10,-4.110536507917524e-10,-1.5348317042465155e-10,1.2693642911784183e-08,0.03201794211622805,-0.0313226276653969,-0.00012489023615950317,0.03134583462452244
0.0,-0.5,0.055426787506416796,0.0029787807328546345,0.0011534448821468105,0.0005029014527724723,-0.20214036673420838,0.5485862071619907,0.031678321203353184,0.008871128282563305,-0.008867708709842211,1.1363819706988812e-06,-0.00014184174898456808,1.99909968404812e-14,2.2916954320121855e-14,-2.0387077542907288e-14,-2.518414177371651e-13,0.03247726838031587,-0.03164567564017805,-0.00016149947535249855,0.031678321203353184
0.5,-2.1,0.04341300566989865,-0.03399240443434576,0.019772983960933545,0.022779441334055257,3.4806602869821435e-25,0.6521574057877677,0.02044061222115807,0.0014439174778941451,-0.006987537023460779,-0.0007516143432804278,0.011782443575186558,0.0,0.0,0.0,0.0,0.036173205323085836,-0.02044061222115807,5.47598120211292e-27,0.02044061222115807
0.5,-2.075,0.047496082923044254,-0.022595871289173904,0.01755827276578908,0.02014589601059601,6.206871255757168e-25,0.6645097063885876,0.022268830563818807,0.0020591894939530012,-0.006650520372012221,-0.0006520562995286564,0.009319849572505408,-1.537154848965202e-05,-1.3260476367974535e-05,-5.150488326924401e-06,4.882947491761863e-05,0.03655821609880976,-0.022268830563818807,8.86923763395676e-27,0.022268830563818807
0.5,-2.0500000000000003,0.05142206680206077,-0.015173668652159225,0.015597984648927381,0.01770780253828994,9.7719502049884e-25,0.6943239503310852,0.024007576498793228,0.002593447753441921,-0.006357814805517583,-0.0005603518853385775,0.007292590335368547,-9.852505645018187e-05,-8.493543023611691e-05,-3.289741299793781e-05,0.00031148650212326986,0.03707956352701252,-0.024007576498793228,1.2773880632001323e-26,0.024007576498793228
0.5,-2.025,0.055178115879571346,-0.009648346904753633,0.013838996165355073,0.015404066460705242,1.3775679412285875e-24,0.7418521757640069,0.025638400240830934,0.003052238630390472,-0.00610975232255029,-0.0004773324595560819,0.005649829652449367,-0.00025806712345334006,-0.0002224575314304615,-8.606488571853977e-05,0.0008131334431635404,0.03768294251658508,-0.025638400240830934,1.659217530585132e-26,0.025638400240830934
0.5,-2.0,0.0586973197420815,-0.005451163206871037,0.012244136288571687,0.013246078552008173,1.772541448765656e-24,0.8009748505677692,0.027179441684989276,0.003442693371699152,-0.005904855351131384,-0.00040336610258510615,0.004338126829538748,-0.0004579904033400533,-0.0003950017873812051,-0.0001528805367259841,0.0014399439074014827,0.038315379316568234,-0.027179441684989276,1.9738911022842948e-26,0.027179441684989276
0.5,-1.975,0.06180774096707417,-0.0024213414332210025,0.010705064510170942,0.011197624422311354,2.12397987611599e-24,0.8448784581736761,0.02866340369105259,0.0037728039372008173,-0.005740307030006268,-0.0003384242194548814,0.0033050397400901732,-0.0006430181614006432,-0.0005551955479117802,-0.00021528424141977856,0.002019442176981594,0.03884545877380071,-0.02866340369105259,2.1626480093261543e-26,0.02866340369105259
0.5,-1.9500000000000002,0.06440387384805638,-0.0004563390370629865,0.009176482683117928,0.009277200397309353,2.4132943456101375e-24,0.8475819083740199,0.030116223773894127,0.004050813088989541,-0.005612411891438488,-0.00028216229214573596,0.002501652965802727,-0.0007637161550914809,-0.000660530698832589,-0.0002569828635978798,0.0023981074281069245,0.03920571336558289,-0.030116223773894127,2.1935613836104676e-26,0.030116223773894127
0.5,-1.925,0.06679464669180878,0.0006170186011387818,0.007948781904196504,0.0078033665388910845,2.6384349263580563e-24,0.8561651822061271,0.03156071736549945,0.004284741756190008,-0.005517007312077404,-0.00023400481487236441,0.0018841299750951043,-0.0007977422053556495,-0.0006915725915283081,-0.0002703586561987193,0.00250668000391396,0.039693840828039804,-0.03156071736549945,2.1458717003948629e-26,0.03156071736549945
0.5,-1.9000000000000001,0.06957660839715424,0.0010963634110005879,0.0074457681619979664,0.007172697801814755,2.806725491998255e-24,0.9917929117391346,0.033030828195951364,0.004482057272176631,-0.005449802501233496,-0.00019322622729011754,0.001414458714268201,-0.0007643405741519727,-0.0006646345060896044,-0.00026149381733592064,0.0024052708866693587,0.04080129102904244,-0.033030828195951364,2.1809556118261702e-26,0.033030828195951364
0.5,-1.875,0.07231358568299659,0.0013433042510015212,0.00701977980568124,0.006667997551268645,2.928781174811555e-24,1.1365755003679476,0.0345322849901994,0.004649469294760578,-0.005406634376043903,-0.00015902204413360263,0.0010605858630964812,-0.000713296254046062,-0.0006226429901435833,-0.0002469676077367514,0.0022495861354701963,0.041954947831580665,-0.0345322849901994,2.1739355196810703e-26,0.0345322849901994
0.5,-1.85,0.07465962276823751,0.0014708329248383032,0.006321915117726454,0.005918676394810887,3.014986417863027e-24,1.1853660034228803,0.03602944634605741,0.004792832839685245,-0.00538364283629951,-0.0001305668659162658,0.0007961288581936777,-0.0006584451910525464,-0.0005775302870232015,-0.0002313765466451572,0.002082527453126437,0.04279490758378757,-0.03602944634605741,2.0397773742335206e-26,0.03602944634605741
0.5,-1.8250000000000002,0.07698791618492888,0.001509203359614239,0.005735091493503832,0.0053036502012747825,-2.8616915026525803e-17,1.2411299509163074,0.03750468507322026,0.00491713265637122,-0.005377374309598292,-0.00010705816599656876,0.0005998294382063775,-0.0006006534107904083,-0.0005299828686804938,-0.00021491848905383097,0.0019062332870612893,0.0436944505468534,-0.03750468507322026,-1.7713199259308284e-19,0.03750468507322026
0.5,-1.8,0.07934086099929386,0.001481197418798808,0.005266280172726073,0.004826100841802456,-2.764626769688027e-17,1.3133691576961914,0.03896534215902518,0.005026524528428483,-0.005384827639300562,-8.774645722456123e-05,0.00045487847660784914,-0.000540786938878629,-0.0004806872070674929,-0.0001977912899554654,0.0017228420846979614,0.04467470370136349,-0.03896534215902518,-1.5784253757775813e-19,0.03896534215902518
0.5,-1.7750000000000001,0.08173015574310816,0.0014047582503018607,0.004894492134046664,0.004461534457195686,-8.012085620486717e-17,1.4023932132024464,0.04041942221568837,0.005124411720472429,-0.005403457217624092,-7.195356035913101e-05,0.00034820679665413,-0.0004796905482643753,-0.00043031304034058443,-0.00018019297957187514,0.0015344969398307135,0.04572839360276285,-0.04041942221568838,-4.25359333099548e-19,0.04041942221568838
0.5,-1.75,0.08411468076742272,0.0012943308280522646,0.004557016123273319,0.004144052038991472,-1.805999788830566e-16,1.4856622885173079,0.04187107131031706,0.005213538963809288,-0.005431147163238834,-5.908126797089928e-05,0.000269805102352783,-0.00041812400120754385,-0.00037946317147355283,-0.00016232228904135997,0.0013433595317379808,0.046801584364701006,-0.04187107131031706,-8.904505535043758e-19,0.04187107131031706
0.5,-1.725,0.08489896662311072,0.0011860243728329207,0.004345584723631568,0.003962523525644262,-3.9881119492664653e-16,1.6153161818881423,0.042471378951785564,0.005296091337601286,-0.005466168503223324,-4.8612825234516804e-05,0.00021211033756806454,-0.00035682580729621616,-0.00032872366964453416,-0.0001443781247313415,0.0011515961860692502,0.04714090538774219,-0.042471378951785564,-1.862259417665426e-18,0.042471378951785564
0.5,-1.7000000000000002,0.07187161360022429,0.0012992328797294815,0.005505197483287425,0.005159397798643483,-8.814628307485748e-16,2.581713915103535,0.03548787728409622,0.005373789471343813,-0.0055071284628918,-4.0109471848260705e-05,0.0001694762971274994,-0.00029653447611847217,-0.00027868060403166394,-0.00012655939300924114,0.000961373228474004,0.04126205101366382,-0.03548787728409622,-5.089719520898712e-18,0.03548787728409622
0.5,-1.675,0.05834809701565016,0.001456749930926063,0.006429801026270068,0.006126389785150843,-1.8664927742918104e-15,3.546916060875282,0.028377927281101018,0.005447975849585235,-0.0055529181808116725,-3.3203939214817654e-05,0.00013773272964924651,-0.00023796751432225626,-0.00022990976839456346,-0.00010905674949461175,0.0007747776912278832,0.03501895763830186,-0.028377927281101018,-1.239543517556793e-17,0.028377927281101018
0.5,-1.6500000000000001,0.05831224774882905,0.0012219145189863142,0.005707837134415048,0.0054500952698201275,-3.936122305601172e-15,3.4131008466746264,0.02883658465215585,0.005519690005314808,-0.005602663233279926,-2.7592380666826148e-05,0.00011382854688188736,-0.00018175841679496957,-0.00018294585481880055,-9.202784681553338e-05,0.0005935794331111646,0.03469728189792209,-0.02883658465215585,-2.306842115543585e-17,0.02883658465215585
0.5,-1.625,0.060095897616579276,0.0009558743762225215,0.005176777690653252,0.004966392561365279,-8.25659164651586e-15,3.3498662723797255,0.03010885450727193,0.005589731813362709,-0.005655679134075286,-2.3025804530267328e-05,9.554996483883123e-05,-0.00012851967548387574,-0.00013831327997142778,-7.562208685221703e-05,0.0004194690195302778,0.03538132526802393,-0.03010885450727193,-4.353263803972404e-17,0.03010885450727193
0.5,-1.6,0.062075560425752345,0.0007105003171706306,0.004891418127908723,0.00472866953925925,-1.7125176857910193e-14,3.441301097350218,0.031353774712457386,0.0056587134439764035,-0.0057114328576081015,-1.930172432259051e-05,8.130235978043712e-05,-7.886378233623993e-05,-9.653646051949922e-05,-5.9988871484874387e-05,0.0002541370158916574,0.036286499375265416,-0.031353774712457386,-8.44737822419629e-17,0.031353774712457386
0.5,-1.5750000000000002,0.06394432001907349,0.00048803130180595836,0.0045233415624882966,0.0044072310691494225,-3.5224807536389026e-14,3.4180338831042194,0.032580525902720765,0.005727101301922175,-0.005769510688378989,-1.6256456238948132e-05,6.994438916214539e-05,-3.3346078195538676e-05,-5.808388092551908e-05,-4.528407957350777e-05,9.933892803990088e-05,0.03709483279120387,-0.032580525902720765,-1.5901559130701258e-16,0.032580525902720765
0.5,-1.55,0.06573446902973193,0.0002908269062119641,0.00411435605910772,0.0040426311988731155,-7.177281310526585e-14,3.300997416167574,0.033782967680888315,0.0057952491021662665,-0.005829591726688954,-1.3758282838924398e-05,6.0663769632041066e-05,7.706700509901439e-06,-2.320029683379697e-05,-3.168949789728429e-05,-4.290997642772728e-05,0.03784261228167994,-0.03378296768088832,-2.913721132064186e-16,0.03378296768088832
0.5,-1.525,0.06750180883304716,0.00012056520398359588,0.0037190628904157203,0.0036882955528214586,-1.4492660400803247e-13,3.139039468949531,0.0349604478967799,0.005863423832017397,-0.005891426671250717,-1.1701555817122049e-05,5.288548045639881e-05,4.402496845554056e-05,7.92546831590555e-06,-1.9393390215162387e-05,-0.00017052948947579328,0.038584173842393724,-0.0349604478967799,-5.251742951536075e-16,0.0349604478967799
0.5,-1.5,0.06929838435655468,-2.150733449859144e-05,0.0033786259253369448,0.0033842967145857857,-2.8997356824013536e-13,2.9833787812685215,0.03611724629581479,0.0059318257296971265,-0.0059548208787487,-1.0001717599252511e-05,4.620471262575507e-05,7.533914031683898e-05,3.510459108382708e-05,-8.584020286100527e-06,-0.00028143940306886385,0.03936526873532391,-0.03611724629581479,-9.418406565084888e-16,0.03611724629581479
0.5,-1.475,0.07116133948607162,-0.00013515591723721378,0.00311397896353986,0.0031507570350280353,-5.748865300839988e-13,2.8736825434752413,0.037260610114955434,0.006000603761712867,-0.006019621226013056,-8.591167892525433e-06,4.0338388644788944e-05,0.0001014786002315655,5.821723222957178e-05,6.033499812162548e-07,-0.0003740731389292819,0.04021426481747805,-0.037260610114955434,-1.6980163029995136e-15,0.037260610114955434
0.5,-1.4500000000000002,0.07309682260931007,-0.00022325714281576923,0.0029161543624267876,0.0029787997291479402,-1.129412643322207e-12,2.8157299421684403,0.038398238164583334,0.0060698672441110955,-0.006085705717338539,-7.415875604177569e-06,3.50904176911415e-05,0.00012266861018672017,7.741948931020378e-05,8.245466079195583e-06,-0.0004489186378104864,0.041129788637646325,-0.038398238164583334,-3.085047640150095e-15,0.038398238164583334
0.5,-1.425,0.07509223350961393,-0.0002891827491812214,0.002761512150721226,0.002845130968900317,-2.1986279549425475e-12,2.791070650152745,0.03953606114670223,0.0061396946956016,-0.0061529754980653535,-6.432629199878128e-06,3.032697651004134e-05,0.00013923340163161124,9.293644408215243e-05,1.4472075350518336e-05,-0.0005069774702236904,0.04209393205833548,-0.03953606114670223,-5.6238064914512485e-15,0.03953606114670223
0.5,-1.4,0.07713013000514878,-0.00033604483435389074,0.002626483246209807,0.0027265622353890655,-4.2414104030857735e-12,2.7736372762320407,0.04067757552932627,0.006210140614958458,-0.006221348803877156,-5.606822167166236e-06,2.5959013200927446e-05,0.00015149720601554634,0.00010499317830184672,1.9412925137865234e-05,-0.000549251206680106,0.04308639969688961,-0.04067757552932627,-1.0216811883507594e-14,0.04067757552932627
0.5,-1.375,0.07918498535294585,-0.00036440747237434843,0.002483804317897297,0.0025955248135312034,-8.109171458270961e-12,2.724549529739947,0.041823178891641756,0.006281240496277491,-0.0062907562308350245,-4.910679921537521e-06,2.1929878699486474e-05,0.00015923277085952802,0.00011336574925787121,2.3019444005245992e-05,-0.0005749953152053687,0.04408072920268107,-0.041823178891641756,-1.830686254789073e-14,0.041823178891641756
0.5,-1.35,0.08127516966784772,-0.0003658106256742378,0.0023470515784621616,0.0024624581061967964,-1.5368310589921807e-11,2.67148291393023,0.04297113139895062,0.006353014511222259,-0.006361137025627998,-4.321846564262733e-06,1.8206530738302002e-05,0.0001600069079713366,0.00011603411636743242,2.4529785401985905e-05,-0.0005764808538828041,0.04509172270253559,-0.04297113139895062,-3.2589905787781025e-14,0.04297113139895062
0.5,-1.3250000000000002,0.08054756918474333,-0.00034327950412588285,0.0023475399673790033,0.002454844153088334,-2.887701027799128e-11,2.8621014305284365,0.04262416974820795,0.006425470454250933,-0.006432436425647097,-3.822262490184181e-06,1.4773162201001671e-05,0.00015083494523044703,0.00011052921457989213,2.3003783998739152e-05,-0.0005442327783101609,0.04475703167723512,-0.04262416974820795,-6.159067584605378e-14,0.04262416974820795
0.5,-1.3,0.05382300424858201,-0.00041281640766910473,0.0031568786258426022,0.003240472825362765,-5.381127523225659e-11,4.605598944707393,0.028851853907123737,0.006498605819208953,-0.0065046034817703375,-3.3972755736768885e-06,1.1626413832307284e-05,0.0001287322105163336,9.438197884461185e-05,1.75012744661598e-05,-0.0004687760440851855,0.03182141778080409,-0.028851853907123737,-1.5979601892637951e-13,0.028851853907123737
0.5,-1.275,0.02620987957139778,-0.0004846863948574199,0.00391784014899211,0.003961016877389998,-9.947800976860066e-11,6.405193111395643,0.014635430992721335,0.006572409327965885,-0.006577589352163804,-3.0349390279936147e-06,8.771569158310052e-06,9.275981230013484e-05,6.68001924327541e-05,7.759243446976726e-06,-0.0003472550452742807,0.018410119476981582,-0.014635430992721335,-3.754984979106653e-13,0.014635430992721335
0.5,-1.25,0.024226607708420975,5.152493802396847e-05,0.0038258262244244227,0.003821621195101422,-1.8250188940188308e-10,6.593458371751991,0.013648720136172037,0.006646862142480137,-0.006651346046347287,-2.7254578787454892e-06,6.219319783544024e-06,5.016198141964464e-05,3.3699031902685196e-05,-3.776714527781978e-06,-0.00020329192981847214,0.01738409892874548,-0.013648720136172037,-6.81713687276378e-13,0.013648720136172037
0.5,-1.225,0.025208162464044975,0.0005349044302415062,0.003688847937218852,0.003642755533640549,-3.32397996418481e-10,6.665147590309503,0.01417098080579842,0.006721938724060904,-0.0067258253929465455,-2.4607532733636245e-06,3.982847530730042e-06,1.0228729304319799e-05,2.6705221345715233e-06,-1.3983852955013721e-05,-6.712828412743645e-05,0.01781999662090359,-0.01417098080579842,-1.2129255458403088e-12,0.01417098080579842
0.5,-1.2000000000000002,0.026327948422685873,0.0007732458880018978,0.0037242118343370064,0.003654190603463979,-6.012692293490394e-10,7.058399577471484,0.014696049719600975,0.006797607536265564,-0.006800978284561953,-2.2341198514475418e-06,2.0751041423973603e-06,-1.7749932616382544e-05,-1.869331199142025e-05,-1.9739425331615812e-05,3.099430538914789e-05,0.01841832343481288,-0.014696049719600975,-2.238088648171649e-12,0.014696049719600975
0.5,-1.175,0.0274792905264366,0.0007127958807262311,0.003826048353011752,0.0037585123742422104,-1.080600047342702e-09,7.550151923347151,0.015234795431466951,0.00687383142234632,-0.006876753923685065,-2.0399562699298343e-06,5.062810013734263e-07,-2.722901938216988e-05,-2.505573837452249e-05,-1.8923946811036e-05,6.961173134576685e-05,0.01907643805151188,-0.015234795431466951,-4.151279197094292e-12,0.015234795431466951
0.5,-1.15,0.02848478373063294,0.00046801796493048826,0.0038134701310208337,0.003767240396522305,-1.9301973234261245e-09,7.744208024408415,0.015782166482559274,0.006950568025785572,-0.006953099358598961,-1.873552942045571e-06,-7.184527700904764e-07,-2.2643651909408966e-05,-2.0101196031564326e-05,-1.3430979172924256e-05,6.236980245356558e-05,0.019612735261458427,-0.015782166482559274,-7.393753604230824e-12,0.015782166482559274
0.5,-1.125,0.029334294928413628,0.00017248393929951392,0.0036802696688727076,0.003662563932146409,-3.4278057874711228e-09,7.6208400576239335,0.016324887196423533,0.007027770066173305,-0.0070299590625668915,-1.7309243210968792e-06,-1.600810928456675e-06,-1.117397758363222e-05,-9.769416758774764e-06,-6.15734585348136e-06,3.1691806447856565e-05,0.02001505839488191,-0.016324887196423533,-1.264919019083487e-11,0.016324887196423533
0.5,-1.1,0.030055951173835836,-6.048522335516587e-05,0.003454757403818092,0.003461192541919793,-6.053689332618057e-09,7.245909178759733,0.016851549371442502,0.007105385458338527,-0.007107274500884085,-1.608675736405321e-06,-2.150698241943509e-06,-1.437903717652855e-10,-1.32352382567735e-10,1.2971109207075987e-10,1.0310639516978386e-09,0.020307635577908642,-0.016851549371442502,-2.0922072200692474e-11,0.016851549371442502
0.5,-1.075,0.03074837005133456,-0.00015787655928302334,0.0032289401529834788,0.003246313358529749,-1.0633924419552737e-08,6.8459684453756005,0.01735654384468147,0.007183357539338537,-0.0071849839186601495,-1.5038970283760298e-06,-2.386834202439639e-06,5.289358856066609e-06,4.600401237044837e-06,2.8394386644079602e-06,-1.5147593795716194e-05,0.02058265446102336,-0.01735654384468147,-3.430621646329636e-11,0.01735654384468147
0.5,-1.05,0.031495968435709044,-0.00015321666948740423,0.003084021319081175,0.0031014287201079583,-1.8581481150659173e-08,6.624358085798542,0.01784218026024124,0.0072616250606312195,-0.007263021983539015,-1.4140770386870999e-06,-2.3366133968269325e-06,5.472666826282564e-06,4.759831441585469e-06,2.9378304693285894e-06,-1.5672569560230185e-05,0.020923275858660145,-0.01784218026024124,-5.725131978539982e-11,0.01784218026024124
0.5,-1.0250000000000001,0.03231137560731331,-9.919800372833857e-05,0.003027700011000989,0.0030393172347197993,-3.229869102655982e-08,6.608348029368411,0.018314025675377474,0.007340122496995561,-0.007341319818011146,-1.3370345245454875e-06,-2.035200638290256e-06,2.9195733621023844e-06,2.5392815389789305e-06,1.5673691685289613e-06,-8.360755491553104e-06,0.0213408781223212,-0.01831402567537747,-9.776337196682189e-11,0.018314025675377474
0.5,-1.0,0.033184029912530486,-4.2170154524818625e-05,0.0030461743626861927,0.003051257606057171,-5.584335913098228e-08,6.769474798190887,0.01877679669719838,0.007418779843486802,-0.007419804580106849,-1.2708622313914604e-06,-1.5239459372324646e-06,-1.2829464773745755e-10,-1.2519303525845262e-10,1.1880468402898026e-10,9.891483525029955e-10,0.02182448819843769,-0.01877679669719837,-1.7019333102414918e-10,0.01877679669719838
0.5,-0.9750000000000001,0.03407356928821311,-1.4622079327764221e-05,0.0030983624663193017,0.0031001741010645545,-9.602073582820495e-08,7.006050381556317,0.019233279727459612,0.007497522928739201,-0.00749839961126061,-1.213881785816784e-06,-8.482848901358066e-07,-1.4174411514797026e-06,-1.2328320768510089e-06,-7.606753351808486e-07,4.06003727313881e-06,0.022334321601858435,-0.019233279727459585,-2.9776432261385085e-10,0.019233279727459612
0.5,-0.95,0.03494519991919946,-1.1858194722192672e-05,0.0031480786854145635,0.0031495868754663103,-1.6415492347064156e-07,7.2269524576639395,0.019683929875848504,0.007576273306839766,-0.007577024205979966,-1.1646077228455058e-06,-5.534923664952635e-08,-1.466553213258234e-06,-1.275548835396376e-06,-7.870429866389362e-07,4.20069049891823e-06,0.022834753859197313,-0.01968392987584842,-5.17223269856086e-10,0.019683929875848504
0.5,-0.925,0.03614406617963438,-2.1288621786544002e-05,0.0032147713733855585,0.003217575331210804,-2.7892989132245485e-07,7.4845022775482715,0.020290686480354307,0.007654948452980939,-0.007655593722079279,-1.1217194121978206e-06,8.084606251446394e-07,-7.824487341862133e-07,-6.805517917329086e-07,-4.198326409131287e-07,2.2414826174180984e-06,0.02350767756407982,-0.020290686480354057,-8.973149733688631e-10,0.020290686480354307
0.5,-0.8999999999999999,0.040448985021655844,-2.9291827402242774e-05,0.0034910358268139285,0.003495365836618238,-4.70890431655171e-07,8.293753719357067,0.022345751166909518,0.007733461779008335,-0.007734019541787047,-1.0840398926140627e-06,1.6996984892166197e-06,-1.1196846652004618e-10,-1.1726892215229717e-10,1.0721077368059101e-10,9.474203657433176e-10,0.025838394465083504,-0.022345751166908744,-1.644652310294689e-09,0.022345751166909518
0.5,-0.875,0.04484968762881133,-3.0470815562270314e-05,0.003775192800729538,0.0037801987890766745,-7.894805741598649e-07,9.128024156701812,0.02444409879238828,0.007811722818684507,-0.007812209228052968,-1.0505207171742379e-06,2.5796901351847086e-06,3.796607846936834e-07,3.30188127338065e-07,2.0395784263235926e-07,-1.0866826846382353e-06,0.028220598329008546,-0.02444409879238593,-2.9814730224854315e-09,0.02444409879238828
0.5,-0.8500000000000001,0.04616446699342301,-2.8975106691398696e-05,0.0038429097053430104,0.003847814507655625,-1.3139001315816245e-06,9.380415725179612,0.02510702656314026,0.007889637157448302,-0.00789006644551056,-1.02023188027148e-06,3.4158118816160244e-06,3.9282504607022865e-07,3.4163666080489966e-07,2.110195906088858e-07,-1.1243808265005176e-06,0.028951224919863808,-0.025107026563133624,-5.05089272672493e-09,0.02510702656314026
0.5,-0.825,0.04710012226774629,-2.536701212785054e-05,0.0038693327238262494,0.003873719045138324,-2.169613544562119e-06,9.514501163547662,0.025600525790224187,0.007967106885661381,-0.00796749141993422,-9.923558027291554e-07,4.182173218050435e-06,2.0952429143468623e-07,1.8221031259924535e-07,1.126225560830116e-07,-5.994215182545746e-07,0.029471275405811383,-0.025600525790205966,-8.398030793586591e-09,0.025600525790224187
0.5,-0.8,0.04799931382824972,-2.1584774213929852e-05,0.0038675077612773923,0.0038713178970722095,-3.55308818085687e-06,9.564019618251995,0.02608957018818496,0.00804403034915736,-0.00804438070510089,-9.66184229149566e-07,4.859722368724547e-06,-9.800344136616105e-11,-1.0893615799798437e-10,9.684043449156374e-11,9.207270661013273e-10,0.029958632868306988,-0.026089570188136114,-1.3747120879735987e-08,0.02608957018818496
0.5,-0.7749999999999999,0.04885625171852677,-1.920030238733156e-05,0.0038297963170930843,0.003833254270540855,-5.768314356549291e-06,9.507224159617547,0.02657520450403414,0.008120302643712673,-0.008120627699139578,-9.411168050295189e-07,5.4358566701026024e-06,-1.0185390780495275e-07,-8.861137701016622e-08,-5.452777708608611e-08,2.923446032384393e-07,0.030406595207581533,-0.026575204503906654,-2.2100666000821923e-08,0.02657520450403414
0.5,-0.75,0.049671057904267756,-1.797632060388106e-05,0.003754448159113248,0.0037577496872048147,-9.279910592771849e-06,9.338904882691532,0.027058295660785353,0.008195815756230405,-0.008196122809174505,-9.16660070038267e-07,5.903663824793414e-06,-1.0537767097748354e-07,-9.167639215752035e-08,-5.6422805744788886e-08,3.024416312809877e-07,0.03081428458473997,-0.0270582956604619,-3.485524140174016e-08,0.027058295660785353
0.5,-0.7250000000000001,0.05044887711587485,-1.7273488074426786e-05,0.003645156623880581,0.0036483903661946263,-1.478918724279796e-05,9.069260243417817,0.02753945368634967,0.008270458644649292,-0.008270753552919275,-8.92425666073268e-07,6.260944285232658e-06,-5.625908729896928e-08,-4.895563646455624e-08,-3.006007693685046e-08,1.6177653902271306e-07,0.03118603748704347,-0.02753945368555209,-5.393001062501445e-08,0.02753945368634967
0.5,-0.7,0.05119443080678847,-1.648989709667952e-05,0.0035058103959953644,0.0035089558140322962,-2.3341465403649798e-05,8.709449618702545,0.02801898043045086,0.008344117675533268,-0.008344405013588393,-8.681266901624514e-07,6.509171413932073e-06,-8.795110941883166e-11,-1.007647957681976e-10,8.857794249641888e-11,9.140542925763628e-10,0.03152607638421472,-0.028018980428540112,-8.186075887205939e-08,0.02801898043045086
0.5,-0.675,0.05190804661613119,-1.5164700069116246e-05,0.003336610293635461,0.0033395564893334622,-3.6475247932782193e-05,8.260693070927166,0.028496838281646234,0.00841667679115792,-0.008416960018130736,-8.435713308539914e-07,6.652538587022545e-06,2.718020857271084e-08,2.3615949444295014e-08,1.4722829232610218e-08,-7.71727073992365e-08,0.03183458764555918,-0.028496838277205547,-1.2174523558621066e-07,0.028496838281646234
0.5,-0.6499999999999999,0.05258302662862637,-1.328866396911204e-05,0.0031314850779684154,0.0031341135877828693,-5.6426511311870676e-05,7.7068320651225335,0.028972664161229764,0.008488017851130403,-0.008488299482794488,-8.186531781869383e-07,6.697225834530182e-06,2.8126924015182864e-08,2.4439758690877174e-08,1.5228354211220493e-08,-7.98770798176738e-08,0.032105129285785,-0.02897266415125615,-1.7675407878475664e-07,0.028972664161229764
0.5,-0.625,0.05308980431251831,-1.1182672708966244e-05,0.0027619206720438947,0.0027641718226993966,-8.640437913116254e-05,6.690864766293697,0.02944588350171115,0.00855802096354632,-0.008558302740757133,-7.933378627818763e-07,6.651003880283248e-06,1.496799280731518e-08,1.2995296839170157e-08,8.162331890649534e-09,-4.218400904646691e-08,0.03220861998795653,-0.029445883481085348,-2.387125307970412e-07,0.029445883501711154
0.5,-0.6000000000000001,0.05321199369756981,-9.844516107716556e-06,0.0020129652212762224,0.0020149813002235213,-0.00013095760987692813,4.613154385222129,0.029915695369389025,0.008626564925673848,-0.008626847972181266,-7.676458712414826e-07,6.523314565146934e-06,-8.078746157416216e-11,-9.280221563416696e-11,8.194128321965399e-11,9.215588306523928e-10,0.031929385722686575,-0.029915695334854445,-2.637080757000738e-07,0.029915695369389025
0.5,-0.575,0.053336076908258964,-9.360975132669861e-06,0.001274139483263056,0.001276088848773337,-0.0001964543738189885,2.558025668008467,0.030380536524726904,0.008693527487922934,-0.008693812451205934,-7.41631197822686e-07,6.32610434168851e-06,-7.385110842254066e-09,-6.445152044760262e-09,-3.841340153173025e-09,2.1847822240680863e-08,0.03165537950852329,-0.030380536475525206,-2.504484800992498e-07,0.030380536524726904
0.5,-0.55,0.05379706823290302,-8.563682499749178e-06,0.0008847241846205919,0.0008865366516366628,-0.0002917000487129303,1.474088426721269,0.03083827890129773,0.008758785932324606,-0.008759073101723905,-7.153544133120593e-07,6.076053557142839e-06,-7.636637945840863e-09,-6.663356085097868e-09,-3.978841178337022e-09,2.2575557653528073e-08,0.03172363637468698,-0.03083827882596362,-2.5825881811600205e-07,0.03083827890129773
0.5,-0.5249999999999999,0.054485738490119416,-6.879360514530103e-06,0.0007390048469796155,0.0007404837992598919,-0.00042871780121391234,1.0692513156010341,0.0312871422300535,0.008822217432851309,-0.008822506829161652,-6.888463965476698e-07,5.799403528107489e-06,-4.108521023538112e-09,-3.5942652399533546e-09,-2.087592106507216e-09,1.2478686049832855e-08,0.032026604723736744,-0.03128714209414107,-3.1702073437203797e-07,0.0312871422300535
0.5,-0.5,0.05518795787137223,-4.9825396310921085e-06,0.0006254781943807123,0.0006265656224138238,-0.0006237113275382494,0.753854070086228,0.03172573339459768,0.008883699480003206,-0.00888399091037136,-6.620567657865549e-07,5.5406896433772405e-06,-7.391232654938386e-11,-8.4730412633108e-11,7.537674808151286e-11,9.311284102340934e-10,0.03235146378785051,-0.03172573315117866,-3.9027513425675284e-07,0.03172573339459768
1.285,-2.1,0.07632739666382105,-1.0,0.05753609804859278,0.07632739666382105,2.148462123772825e-56,1.6452199519374147,0.007972690250326576,-0.003630157213147696,-0.0079702065033053,-0.004697824653807064,0.013125780559232532,0.0,0.0,0.0,0.0,0.06330407389008048,-0.007972690250326576,1.1887738200595462e-57,0.007972690250326576
1.285,-2.075,0.07442687061485971,-1.0,0.05665181067162432,0.07442687061485971,-8.443435033156654e-56,1.76722030689099,0.010524096893718308,-0.0029149369936143426,-0.007732683181245899,-0.004495520407392496,0.009588972287708756,-8.179323519776927e-05,-2.53207460115599e-05,-5.175542158364925e-05,-1.2242270665621777e-06,0.06552293134330943,-0.010524096893718308,-4.643790855744608e-57,0.010524096893718308
1.285,-2.0500000000000003,0.07930067774571278,-0.3154261396388663,0.0576998382865673,0.07345037530919443,2.6989266941541894e-55,1.9995704112611286,0.013144654284687642,-0.0022462827664043437,-0.007479078895053137,-0.0042695014677836055,0.006474346669530697,-0.0005232604875699415,-0.0001634951528773904,-0.00033186721212682187,-1.5839982408506563e-05,0.06968115506155836,-0.013144654284687642,1.5258787114076544e-56,0.013144654284687642
1.285,-2.025,0.08637227588833139,-0.15015456219616338,0.05863292653797795,0.07122746858423719,5.149388742787117e-55,2.2435776681246873,0.01581810039865578,-0.0016403665628790876,-0.0072157379664130284,-0.004021996747916179,0.0038153070206607817,-0.0013714431781087575,-0.00043198174361820505,-0.0008733612363513684,-6.784121338643929e-05,0.0736956183521982,-0.01581810039865578,2.9803383941043065e-56,0.01581810039865578
1.285,-2.0,0.09158843927185675,-0.07536945320974124,0.057973760399169474,0.06673708565310854,-1.771012187858319e-54,2.4099127012198283,0.0185201178214455,-0.001108221715765175,-0.006947996087587144,-0.0037546361216499635,0.0016220126236300778,-0.0024425790487259806,-0.0007757658696095944,-0.0015638048081651982,-0.00017809831373774852,0.07603766796256776,-0.0185201178214455,-1.018642823156795e-55,0.0185201178214455
1.285,-1.975,0.09391474511021995,-0.03397525984193659,0.054773401463273495,0.059748918451854656,-1.6690406627377206e-53,2.421696233818826,0.021207229379009502,-0.0006510875390876194,-0.006680180154823779,-0.0034684971736367565,-0.00011823484026319002,-0.003453589129347682,-0.001107831779544633,-0.002224617926491467,-0.0003490211909809153,0.07569854255155449,-0.021207229379009502,-9.094821745095316e-55,0.021207229379009502
1.285,-1.9500000000000002,0.09348608559516516,-0.01094790668584416,0.049083503203198736,0.050986078057544376,-2.807172442990319e-53,2.253144849296301,0.023815030944842046,-0.00025284559037293703,-0.006416024134837214,-0.003164653274320817,-0.0014414222583537752,-0.0041481412415869875,-0.0013482613069652402,-0.002689009560734408,-0.0005576336583643367,0.07267735439855567,-0.023815030944842046,-1.3716496789974445e-54,0.023815030944842046
1.285,-1.925,0.09238001637896336,0.0005382152834941298,0.04289523599355251,0.04278858736418634,-7.835695058748819e-53,2.0147984922781967,0.026298222214193305,0.0001298879326750166,-0.006159661302366558,-0.002845572523286796,-0.0024083497971480895,-0.004404345199185076,-0.0014575732725819873,-0.00287223468062834,-0.0007646158456367616,0.06897227899513825,-0.026298222214193305,-3.343808958552167e-54,0.026298222214193305
1.285,-1.9000000000000001,0.0941086071500896,0.0056525053443309894,0.03964213434131987,0.038396605303348805,1.5827764530736498e-51,1.9597203286689462,0.028690913092054873,0.0005745835286728848,-0.00591721172781384,-0.0025176157609615437,-0.003104929354206203,-0.004316652155042278,-0.0014641454510744838,-0.002828998020454312,-0.0009462120237072433,0.06814845232136502,-0.028690913092054873,6.245246398838191e-53,0.028690913092054873
1.285,-1.875,0.09682010895622156,0.008885578217333124,0.03755974717268151,0.03541556148510748,2.0425990776305744e-51,1.9937564189223025,0.03103385062628866,0.0011820463578293616,-0.00569846292631976,-0.002194170193083411,-0.003633978803201162,-0.0041504879517306826,-0.0014531507867947342,-0.002730216614976919,-0.0011286763713362503,0.06860872712521818,-0.03103385062628866,7.675040807879618e-53,0.03103385062628866
1.285,-1.85,0.09775298812392456,0.01113706324231963,0.033940498485675374,0.031033370399207727,1.381247293323666e-50,1.9122747939919766,0.03328564247293007,0.0020286689763340565,-0.005517141767115377,-0.0018972688768530161,-0.004088111552795915,-0.003969798442557907,-0.0014387670110969561,-0.002624050898469929,-0.0013230622784927196,0.06769266957824516,-0.03328564247293007,4.752461306053048e-52,0.03328564247293007
1.285,-1.8250000000000002,0.09832558752280048,0.012288580865031085,0.03020643713136775,0.02677425128425279,2.9517356256552375e-50,1.8195684472948574,0.03541318578921617,0.0030860698879337386,-0.005387611068997253,-0.0016538336196739423,-0.0045049253761769645,-0.003764198230232259,-0.001408785385810291,-0.0025118800814526816,-0.0015277721297636622,0.06677497243200547,-0.03541318578921617,9.257170291771977e-52,0.03541318578921617
1.285,-1.8,0.09882719564844845,0.01230413958407777,0.026630570036084704,0.022988220056939034,2.823510274637677e-50,1.7239461923430732,0.037438080880099964,0.004175340957421409,-0.005317673586511104,-0.0014844958796580972,-0.004838319569580586,-0.0035233019174620373,-0.0013509971727638773,-0.002395083374444514,-0.001741208309736086,0.06597944238774806,-0.037438080880099964,8.05868274689927e-52,0.037438080880099964
1.285,-1.7750000000000001,0.09924173408301581,0.01110936964669839,0.02297269685792526,0.019506915599283206,-1.0889268604593171e-48,1.6267239175817596,0.03938361297020169,0.005516677166665049,-0.005312448227815518,-0.0014085893620871663,-0.005234969834186896,-0.0032477196057615217,-0.0012641460342378652,-0.002275034676747679,-0.001961591387880248,0.06533951377765483,-0.03938361297020169,-2.8264077576653406e-50,0.03938361297020169
1.285,-1.75,0.09997678414626157,0.009024643791272059,0.020107900234895847,0.01717199544826441,-1.436657248994534e-48,1.515601497031163,0.04125431941812163,0.006034095996629686,-0.005361529427121042,-0.001419110446138217,-0.005178732460716111,-0.0029820433918688683,-0.0011907852343164282,-0.0021530866427960757,-0.002186414673199427,0.0647396624553957,-0.04125431941812163,-3.37403883196231e-50,0.04125431941812163
1.285,-1.725,0.10008488788628862,0.007433269286411681,0.020916942398142808,0.01852764723568875,-1.01996761749547e-47,1.7204212021882337,0.04115621854013112,0.005777734961028955,-0.005416002769947802,-0.0014332628251930077,-0.004690287912517001,-0.0027818608713282155,-0.0011844204375347487,-0.0020305866158065213,-0.002412989659580149,0.06520652685699102,-0.04115621854013112,-2.4530535673979073e-49,0.04115621854013112
1.285,-1.7000000000000002,0.09520046734874829,0.010864410455121562,0.05006897082677663,0.048064340786299266,-3.18869280609378e-47,5.322055204253611,0.02439973129820602,0.005439982570261201,-0.005454688203550709,-0.0014077244288764857,-0.004123662900937354,-0.0027027596396836926,-0.00129855730842801,-0.0019088819389958282,-0.0026386278409089425,0.07745299841956615,-0.02439973129820602,-1.6917057120965274e-48,0.02439973129820602
1.285,-1.675,0.09008590090112727,0.030479555289804085,0.07698910984588148,0.0752903985565824,-1.220360007161765e-46,9.081555220720343,0.008487381681100933,0.005532540058876436,-0.005490066543977283,-0.0013645450141278768,-0.0037585246325509414,-0.002764115988108274,-0.001550555638906727,-0.0017892228364526437,-0.0028605743809528134,0.08898428102424702,-0.008487381681100933,-9.823519665890164e-48,0.008487381681100933
1.285,-1.6500000000000001,0.08771479715667489,0.020803161220030036,0.07135784045386692,0.06993828675805372,-3.039651350542815e-46,8.877118795272375,0.010271160786395532,0.005450728751063316,-0.00552922165439652,-0.0013175826317996576,-0.0033088682238393077,-0.002840460990290275,-0.0018131917303827333,-0.0016724710557529583,-0.003075809123000644,0.08549438420969564,-0.010271160786395532,-2.2865237267081807e-47,0.010271160786395532
1.285,-1.625,0.08733694543409849,0.012714385131170236,0.06426590811588712,0.06306215657223849,-1.508899002015918e-44,8.36704822599822,0.013849326536364679,0.005425240451785732,-0.00556855964855578,-0.0012584533394324358,-0.0028971429942586738,-0.002770114415546853,-0.0019230960116432016,-0.001559391225344592,-0.0032812455802218045,0.08206325011084749,-0.013849326536364679,-1.0292792120512721e-45,0.013849326536364679
1.285,-1.6,0.08844560131810167,0.008593478602318783,0.05892652176811865,0.05789416868301424,-2.1031026451486803e-43,7.932970756996406,0.017436292903190424,0.00544817790358988,-0.00561027833937756,-0.0011926597023992663,-0.002527629103805557,-0.0023913960331951633,-0.001716898911475299,-0.0014507479736753685,-0.0034737972657856477,0.07979283263763964,-0.017436292903190424,-1.3114220365783895e-44,0.017436292903190424
1.285,-1.5750000000000002,0.08922492464416262,0.006138333023197193,0.053388415962415364,0.0524976076727056,-3.0107518078860725e-42,7.2745931353850715,0.02114434489080292,0.005504478917560373,-0.0056557445828293775,-0.0011247122870784673,-0.0021984318261620917,-0.0016105832673117524,-0.001098984341345427,-0.0013474143595059098,-0.0036498155591673494,0.07664565865175157,-0.02114434489080292,-1.671006807458283e-43,0.02114434489080292
1.285,-1.55,0.08978474490693716,0.004560729021115362,0.04785177363175485,0.04707976819834576,-4.1864537891553756e-41,6.459367232596994,0.024837970534082206,0.005580774267657348,-0.005705544030604535,-0.0010576958044957619,-0.0019063498890592382,-0.0006057841610107215,-0.0002447501434369131,-0.001250697162848036,-0.0038034033050653223,0.07302950599063296,-0.024837970534082206,-2.0175163621729252e-42,0.024837970534082206
1.285,-1.525,0.09027080721249667,0.003515815810825574,0.04266798298774721,0.04199379966432781,-5.823787605233618e-40,5.614741812017935,0.02829064230507533,0.005667641028961846,-0.005759723652413062,-0.0009934657631715193,-0.0016485159244960413,0.0003769355878344138,0.0006026523573876661,-0.0011620115940263697,-0.003928101214483782,0.06954986306243954,-0.02829064230507533,-2.402849384483353e-41,0.02829064230507533
1.285,-1.5,0.09078469190697623,0.0028279327751509946,0.03812148309833696,0.03752238742792521,-8.084428635411724e-39,4.876548416096665,0.031287614764400416,0.005759212966986301,-0.005818019830118152,-0.0009329989457625956,-0.0014226452292846919,0.0010915102813501376,0.0012000718362657299,-0.0010827728633655313,-0.00401744999842695,0.06675916104678378,-0.031287614764400416,-2.8676718450763243e-40,0.031287614764400416
1.285,-1.475,0.0913773068996918,0.002388599033656078,0.034296422621641016,0.033748434520329613,-1.1239442659281249e-37,4.338626194183768,0.03372467046010697,0.00585215777701636,-0.0058800187661249784,-0.0008767064276421635,-0.0012268594122090417,0.0013637016776866422,0.0013752995386763468,-0.0010137034529700134,-0.004066330929877481,0.06498023682562068,-0.03372467046010697,-3.51295145948551e-39,0.03372467046010697
1.285,-1.4500000000000002,0.0921107867047456,0.002092393448588862,0.03114833976186547,0.030635968140665167,-1.5634119309196803e-36,3.9805143573357666,0.03570952179273409,0.005944755950790792,-0.0059452542750793895,-0.0008246620267637166,-0.0010594599435325021,0.0013065813590888656,0.001239896991465095,-0.0009527549320637926,-0.00407498752973177,0.06405469906915684,-0.03570952179273409,-4.431518833799274e-38,0.03570952179273409
1.285,-1.425,0.09303625128806879,0.0018588437377387997,0.028487795867632306,0.028006064637441253,-2.1761517532650213e-35,3.723435851663778,0.03745248835289866,0.00603624513150636,-0.006013261969207926,-0.0007767533341029541,-0.0009187546058563132,0.0011050483638254337,0.0009763682918191809,-0.0008971861416507166,-0.004045003880864652,0.06364098511208925,-0.03745248835289866,-5.699014313788794e-37,0.03745248835289866
1.285,-1.4,0.09417865527256886,0.001632508361025424,0.026113711825662706,0.025667790717124436,-3.0308031703211545e-34,3.475122134071679,0.039156783317210155,0.006126400852988716,-0.006083607168180707,-0.0007327756456000659,-0.0008029441455279406,0.000944001730164976,0.0007672175369258181,-0.0008442559227346334,-0.003977964066150953,0.06337910900632095,-0.039156783317210155,-7.341310149110853e-36,0.039156783317210155
1.285,-1.375,0.09554448402283176,0.001407858002699292,0.02392084300283385,0.023516361233982354,-4.223628588242781e-33,3.1708609814522397,0.04094169530887714,0.0062152838300237115,-0.006155897500671954,-0.0006924876496552509,-0.0007100540033356817,0.0009522064728438803,0.0007419862868529938,-0.0007936080918681241,-0.0038698212923651523,0.06302549099694012,-0.04094169530887714,-9.327375080501543e-35,0.04094169530887714
1.285,-1.35,0.09732932602238514,0.0013095462168448,0.022093356953957158,0.02169822282411052,-5.88954363801067e-32,2.8764145798790564,0.042768834349067156,0.006303094613859169,-0.006229788228623963,-0.0006556428353370362,-0.0006378975173118376,0.001033891512469552,0.0008183659531917891,-0.0007544263677986964,-0.003694005261880314,0.06288567315767486,-0.042768834349067156,-1.1847900002212168e-33,0.042768834349067156
1.285,-1.3250000000000002,0.09817573343572387,0.0015531439876611609,0.023544844949410042,0.02307975129351911,-8.21798602083339e-31,3.218926184374019,0.042431787559134855,0.006390092872885435,-0.0063049835589687525,-0.0006220060308498589,-0.000584063376987707,0.001037151746117153,0.0008610854104140614,-0.0007382794448225918,-0.003418314800969151,0.0639309578379849,-0.042431787559134855,-1.7667988081110636e-32,0.042431787559134855
1.285,-1.3,0.08482068712664348,0.004501509006265031,0.04841304066977847,0.04775154118869489,-1.1475287774603099e-29,8.302679206275016,0.023159192671091306,0.006476555236996558,-0.0063812366386470564,-0.0005913611469651564,-0.000545925326299339,0.0008100820708618424,0.000734873532991665,-0.0007567360172360511,-0.0030105487359043657,0.06979184659482397,-0.023159192671091306,-5.351231234683067e-31,0.023159192671091306
1.285,-1.275,0.07187827246308649,1.0,0.07187827246308649,0.07088284213214392,-1.6036458966330524e-28,13.34702027527798,0.003712530990609077,0.006562755155620615,-0.00645834871740966,-0.0005635139781077385,-0.0005206748582096848,0.00026339852173798395,0.00035505934395994995,-0.0008123715608433817,-0.002459077817845259,0.0745790368607373,-0.003712530990609077,-1.1364478134735326e-29,0.003712530990609077
1.285,-1.25,0.06929208745324714,1.0,0.06929208745324712,0.06795810273106785,-2.2430308079634947e-27,13.223643682937682,0.003301240931752148,0.0066489558885562275,-0.00653616835850482,-0.0005382924969363413,-0.0005053780541455556,-0.0004416983143832101,-0.00016062753939172984,-0.0008717886774811566,-0.0018345604974974994,0.07264144940773598,-0.003301240931752148,-1.555322238422432e-28,0.003301240931752148
1.285,-1.225,0.06623183566058966,0.12062889904855824,0.06381474683756717,0.062306544577442044,-3.140354065118273e-26,12.469743153114468,0.004913805323075022,0.00673541077462523,-0.0066145903858205,-0.000515546185462732,-0.0004970562974529547,-0.001081386712671335,-0.0006438573512105324,-0.0008925967504940138,-0.0012282271504533294,0.06982051548326622,-0.004913805323075022,-2.0383005110500996e-27,0.004913805323075022
1.285,-1.2000000000000002,0.0659223324541861,0.04783549936413432,0.05953031065876693,0.058181271428990544,-4.401177547573759e-25,11.860320098772672,0.0065280915576837175,0.006822367520095962,-0.006693554730516972,-0.0004951453557824959,-0.0004927878608137538,-0.0014318449482959806,-0.0009263003256436133,-0.0008324051632265931,-0.0007313081523049989,0.06787084066508105,-0.0065280915576837175,-2.6998033007792737e-26,0.0065280915576837175
1.285,-1.175,0.06647203640263498,0.017582419952475826,0.056107266852863324,0.055351990235117485,-6.1748625606067236e-24,11.287817713152437,0.00827137164163262,0.006910073690091048,-0.006773045239851216,-0.000476980954880947,-0.0004898238521372712,-0.0013397591729965447,-0.0008911521879765218,-0.000665800109317408,-0.0004115861225516079,0.06636893999683592,-0.00827137164163262,-3.5874449969883486e-25,0.00827137164163262
1.285,-1.15,0.06674809790739855,-0.0018084900419357594,0.05249154990921319,0.052594309195182556,-8.672835310580297e-23,10.560819417226531,0.010093922104507887,0.006998779481914474,-0.006853088418421925,-0.00046096484507282906,-0.0004857081330917305,-0.0009338470447916899,-0.0006277106280484129,-0.00043527502358048863,-0.0002430526563196681,0.06434410039303841,-0.010093922104507887,-4.705028618660441e-24,0.010093922104507887
1.285,-1.125,0.06659219978825315,-0.014218779609728725,0.0487428550399918,0.04972977355395922,-1.2194345925708407e-21,9.740093047099274,0.011853597655678104,0.007088730927237571,-0.006933752134897073,-0.0004470297796156011,-0.00047838688641345937,-0.0004133340982699131,-0.0002767988268368558,-0.00020030015112374643,-0.00017625159264253448,0.06193502367010088,-0.011853597655678104,-6.107102332726434e-23,0.011853597655678104
1.285,-1.1,0.06618589723143752,-0.020639123578060036,0.045250933539783836,0.046910058247925726,-1.7162624685794836e-20,8.959543190937103,0.013414091042426714,0.007180140993721064,-0.007015144291639409,-0.00043512691409056006,-0.000466289629632176,2.2554131980299422e-05,2.0760034680588114e-05,-2.034573705508869e-05,-0.00016172677055356107,0.05961626947170226,-0.013414091042426714,-7.929506480477821e-22,0.013414091042426714
1.285,-1.075,0.06582799077258047,-0.021679553475595394,0.0424138045608926,0.04435898542318396,-2.4175317888355224e-19,8.346457654774381,0.01469804451475854,0.007273117020253548,-0.007097410552833611,-0.0004252162647691161,-0.0004483600710905788,0.00022279171079579482,0.00015787144109411807,6.107895080372225e-05,-0.00015811398926866304,0.05787948282232684,-0.014698044514758542,-1.0439249979618635e-20,0.014698044514758542
1.285,-1.05,0.06582977869803545,-0.01973991697373883,0.040462420419750955,0.0423886219174954,-3.5837307989301704e-18,7.949309153972322,0.015735119498436152,0.007367516416067054,-0.0071807296132618435,-0.0004172418206606052,-0.0004240148093907546,0.0002291511007147627,0.00016235553926498224,6.430855377550785e-05,-0.00015641688873399378,0.05695592082988479,-0.015735119498436152,-1.4772425528809426e-19,0.015735119498436152
1.285,-1.0250000000000001,0.06636038773938928,-0.016738944705511544,0.03938970652918413,0.041136578449986076,-2.080641989642555e-17,7.752885620973226,0.01660685459897673,0.0074627160075412535,-0.007265302088197425,-0.0004110792897312487,-0.0003930201526261137,0.0001316043637007376,9.576114162219754e-05,2.5638690469239422e-05,-0.00015573106907826662,0.05684004550258273,-0.01660685459897673,-8.371086637134753e-19,0.01660685459897673
1.285,-1.0,0.06736349897251721,-0.01404515599516369,0.038970634752716615,0.04052188253784755,-4.8119628993297305e-17,7.692802035780861,0.01739129029705414,0.007557368467359869,-0.007351326420136482,-0.00040644696678885116,-0.0003553284650059835,2.0123561717250578e-05,1.9637060594778383e-05,-1.8635020506113385e-05,-0.00015515213043019473,0.05730383036724758,-0.01739129029705414,-1.920576620357821e-18,0.01739129029705414
1.285,-0.9750000000000001,0.06858027046645916,-0.012973251007493865,0.03864620234607517,0.040160037549133554,-1.1826177511901249e-16,7.7030605895085245,0.01814598552265971,0.007939944523169403,-0.00743987146471972,-0.0004183470190778706,-0.00045664206170531886,-3.4330777845242886e-05,-1.7474547974253903e-05,-3.9888218313270214e-05,-0.00015397551244278866,0.05810098385453325,-0.01814598552265971,-4.7251490276045476e-18,0.01814598552265971
1.285,-0.95,0.07034854876495203,-0.013423015544158113,0.03906137146852288,0.040697038654944194,-2.625750933469625e-16,7.7473290360403855,0.018915174132977313,0.007828129827526358,-0.007537073712599106,-0.00044909836980705454,-0.0003038181116262472,-3.684426588860652e-05,-1.9058154585862482e-05,-4.018157320171547e-05,-0.00015229601286624725,0.05914133773011257,-0.018915174132977313,-1.0562388661507974e-17,0.018915174132977313
1.285,-0.925,0.07303982327386895,-0.012699423536880758,0.04099580183846523,0.04258299537741873,-5.927069911712438e-16,8.038437399434164,0.019493840394259335,0.007516315658947864,-0.007638813013669691,-0.00042604539793102126,-4.53211629795141e-05,-1.1514047887782071e-05,-1.6048863270054254e-06,-2.9247013192624086e-05,-0.00015040826897506606,0.06117386058169427,-0.019493840394259335,-2.4704039357251267e-17,0.019493840394259335
1.285,-0.8999999999999999,0.08155486702545657,-0.011939103374203468,0.051958088459452594,0.05333836908056098,-1.2917663094108536e-15,10.344209365513233,0.01842112944334395,0.007542562618125383,-0.007732821372001106,-0.0003618866215843354,3.9918039733106846e-05,1.756273068228876e-05,1.8394129715359284e-05,-1.6816466307170892e-05,-0.00014860691804374112,0.07084314259907737,-0.01842112944334395,-6.771699046606896e-17,0.01842112944334395
1.285,-0.875,0.09002733453606603,-0.011752237953446895,0.06291296418483505,0.06415814305928214,-2.8844329035691555e-15,12.765247058158131,0.017185996889645856,0.008010997012371039,-0.007814471241269872,-0.0003218605926789028,-0.00010566126363528667,3.1382357407227354e-05,2.793310973867518e-05,-1.0565874066950967e-05,-0.00014712818751779977,0.08085876081565972,-0.017185996889645856,-1.8365981532938556e-16,0.017185996889645856
1.285,-0.8500000000000001,0.0926366330577609,-0.01138631414499634,0.06519108317124436,0.06641311057342283,-6.267830999880222e-15,13.24287074336069,0.017414251534563725,0.008102497187558143,-0.007892463322772877,-0.0003154540825402719,-6.894015070387267e-05,3.1314852114912084e-05,2.794764307799527e-05,-9.947231995238356e-06,-0.00014597466552689547,0.0833671197764897,-0.017414251534563725,-4.1338143209775934e-16,0.017414251534563725
1.285,-0.825,0.09433844133275995,-0.01082630316942693,0.0663320969871326,0.06751907734238985,-1.3604237588559795e-14,13.46759876197602,0.01775770233776951,0.008184466637690981,-0.007970334208236627,-0.0003091016379309532,-3.252024112528375e-05,2.3823667693785127e-05,2.2858662352774594e-05,-1.2356549115726971e-05,-0.00014509053037171338,0.08485073960193854,-0.01775770233776951,-9.127496194798513e-16,0.01775770233776951
1.285,-0.8,0.0956695441552975,-0.010304007310699397,0.06718900149970142,0.06833903438224381,-2.922734351986027e-14,13.625160069201732,0.0180551439270497,0.008265801564639255,-0.008047976988023146,-0.0003026980550896935,-1.7599219767269484e-06,1.5372257032289002e-05,1.7087100182468476e-05,-1.518983445211064e-05,-0.00014441996035293846,0.08600452708742368,-0.0180551439270497,-1.985979963590859e-15,0.0180551439270497
1.285,-0.7749999999999999,0.09654370263039452,-0.009873005552634631,0.06764392939400235,0.06876303296302505,-6.226846094379222e-14,13.690035606221482,0.018321805761215226,0.008346373567873829,-0.008125266729801925,-0.0002961691609907437,2.284910754724178e-05,1.1057855772245127e-05,1.4119696964453271e-05,-1.639326873080998e-05,-0.00014391676517374284,0.08672121622506412,-0.018321805761215226,-4.2591260190465884e-15,0.018321805761215226
1.285,-0.75,0.0969412874291869,-0.00951102124403274,0.06765253962596116,0.06874590626415789,-1.3140502176072513e-13,13.653864986921503,0.018569988419242588,0.008426051794262243,-0.008202068323687653,-0.00028945537904732097,4.1164084645955515e-05,1.0512830568991603e-05,1.3706424207790406e-05,-1.611371948915261e-05,-0.00014357328014724628,0.08696897558009992,-0.018569988419242588,-8.987970396284016e-15,0.018569988419242588
1.285,-0.7250000000000001,0.09689310193936054,-0.00918180919837618,0.06722600954459072,0.06829586329131936,-2.7483206451512984e-13,13.520638650261914,0.018809679565855324,0.008504704261641158,-0.00827823873728213,-0.00028251166266803085,5.335613807763919e-05,1.2003330831245491e-05,1.4663061199462437e-05,-1.5048225967192878e-05,-0.0001433914719890555,0.08677041511613867,-0.018809679565855324,-1.867778925725115e-14,0.018809679565855324
1.285,-0.7,0.09643459365697772,-0.008853687486887666,0.06638356047049007,0.06742921257617812,-5.694982981502084e-13,13.29613589962528,0.019049279013710008,0.008582198903123173,-0.008353629039436514,-0.00027530685386521184,5.985762893959976e-05,1.3795505967723923e-05,1.5805387226451955e-05,-1.3893827404985171e-05,-0.0001433733074147773,0.08615463450753659,-0.019049279013710008,-3.821638575049898e-14,0.019049279013710008
1.285,-0.675,0.0955512652127209,-0.008503870175336263,0.06509783899240944,0.06611633102321303,-1.1692406750537982e-12,12.976190590870178,0.019295557299654906,0.008658405044053871,-0.008428086881032056,-0.00026782252193896885,6.129937118317061e-05,1.4520629041421187e-05,1.6199326188309638e-05,-1.3199514161125937e-05,-0.00014351409699774626,0.08510224051525822,-0.019295557299654906,-7.694385070606348e-14,0.019295557299654906
1.285,-0.6499999999999999,0.09414959984663519,-0.008132427022699474,0.0632651949558188,0.06425371216638458,-2.3781122719131877e-12,12.540319809758685,0.01955386645065157,0.008733193666199986,-0.008501457775897177,-0.0002600513838619296,5.844469371430247e-05,1.4270467732440548e-05,1.5911380434858716e-05,-1.2922081068379819e-05,-0.00014378252674220952,0.08351487405388876,-0.01955386645065157,-1.5210645710519105e-13,0.01955386645065157
1.285,-0.625,0.09052539275991346,-0.00774577763337746,0.05917361075147803,0.06013011140883378,-4.791520083326678e-12,11.62892922823072,0.019828395758456845,0.00880643837956693,-0.008573587089537205,-0.0002519954387037935,5.2126134529806954e-05,1.3501913375162525e-05,1.5258196928490539e-05,-1.287027407805352e-05,-0.00014414062651014166,0.07968434801833882,-0.019828395758456845,-2.868009973598673e-13,0.019828395758456845
1.285,-0.6000000000000001,0.0817977426560431,-0.007351386981384452,0.0499374743138823,0.05086071881157491,-9.563721215147887e-12,9.640604546492627,0.02012178316098769,0.008878015490989615,-0.008644321107974764,-0.00024366396404858616,4.318905378625898e-05,1.2671857303967621e-05,1.4556422631596479e-05,-1.285283914145372e-05,-0.00014455042616351766,0.07072734582679557,-0.02012178316098769,-4.839774932714827e-13,0.02012178316098769
1.285,-0.575,0.07308643178934292,-0.006957599868670843,0.040681800806719695,0.0415712151979465,-1.8909905188440154e-11,7.660957870836118,0.02043168038340971,0.008947804143390876,-0.008713508131174387,-0.0002350715180622498,3.2444888993313645e-05,1.2139050549119009e-05,1.405542277497757e-05,-1.2717919473915504e-05,-0.00014497558422982393,0.061766289924635204,-0.02043168038340971,-7.816335474257678e-13,0.02043168038340971
1.285,-0.55,0.06893618305893179,-0.006568807526326653,0.03596483969707641,0.036819898995725076,-3.7039919176943e-11,6.642243167766943,0.020751582873573475,0.009015686118979667,-0.008780999153257198,-0.00022623607336476795,2.063535178614686e-05,1.1869682924410406e-05,1.3735435663073635e-05,-1.2471247346887436e-05,-0.00014538627389859327,0.057353034067109204,-0.020751582873573475,-1.3557147939673874e-12,0.020751582873573475
1.285,-0.5249999999999999,0.06799150996523999,-0.006186732283925337,0.03444163853426846,0.035261716233713436,-7.187609593715376e-11,6.294885486474475,0.021076442074762374,0.00908154576074374,-0.008846648550162681,-0.0002171773796771607,8.407703514050466e-06,1.1731803939518176e-05,1.3509417868734144e-05,-1.2157952295846477e-05,-0.00014575429702486984,0.05613777544752613,-0.021076442074762374,-2.5200717611852986e-12,0.021076442074762374
1.285,-0.5,0.06744099295938655,-0.005811757670510529,0.0333070240317796,0.03409139382710283,-1.381821693818242e-10,6.030451266836209,0.021403300489813752,0.009145269683804892,-0.008910314418889724,-0.00020791561737273624,-3.6996088424403544e-06,1.159346310411868e-05,1.3290325964808596e-05,-1.1823163856269588e-05,-0.00014605145546369797,0.0553125808951012,-0.021403300489813752,-4.685657928579203e-12,0.021403300489813752
