s,left_pressure,right_pressure,left_net_traction,right_net_traction,left_integrated_traction,right_integrated_traction,slice_energy
0.0,0.005363169817865689,0.0020450673389664107,0.005252982425529644,-0.03432386634652734,0.5708974602342499,-1.9349516036396441,632.9653855514392
0.00501953125,0.005369326415892889,0.0019036452164171772,0.005255054368054416,-0.034615082660679745,0.5711208501570626,-1.9513557543846665,634.325390610881
0.0100390625,0.005375602487880458,0.0017713157425098506,0.0052570982299421,-0.03490542212866792,0.5713411567339177,-1.967710046193187,635.5743799035424
0.015058593749999998,0.005381997884984254,0.001888382837387068,0.005259108758948696,-0.03422173344345219,0.5715578086431095,-1.9291557525312995,636.7229004798905
0.020078125,0.005388512389846576,0.001140474482602478,0.005261080469776969,-0.03702200850037044,0.5717702092323311,-2.0869992588557156,637.7304278757965
0.02509765625,0.0053951457233010055,0.002283997419697924,0.0052630076460508405,-0.03229769151751857,0.571977736734256,-1.8206680933385038,638.6941537922263
0.030117187499999996,0.0054018975483323675,0.0005794908268552484,0.005264884339441674,-0.03892982467008162,0.5721797441780824,-2.1945156219255018,639.4588200790753
0.03513671875,0.005408767451278067,0.0022579606903933335,0.005266704345914137,-0.03212189058380924,0.5723755567983922,-1.8107321203417988,640.2166692180176
0.04015625,0.005415754962363289,0.0006719064325949672,0.005268461221202646,-0.03829701430021694,0.5725644737286754,-2.1588121302296464,640.7772404752799
0.04517578125,0.005422859534874093,0.0017821385498989627,0.005270148254805683,-0.03377334674787112,0.5727457651686017,-1.903797726298806,641.3012778254263
0.0501953125,0.005430080552375003,0.0009635044477101517,0.005271758471907716,-0.03691338509009119,0.572918672594716,-2.080785420385602,641.6708437926364
0.05521484375,0.005437417331182443,0.0013894237763437715,0.005273284630447669,-0.03512015006525738,0.5730824084486226,-1.9796866226497853,641.9611498241271
0.06023437499999999,0.005444869102481655,0.0010853249330091143,0.005274719197699558,-0.03622754384957512,0.573236153581852,-2.0420933112917043,642.1262282311454
0.06525390625,0.005452435031867546,0.0011908123364275229,0.005276054364170135,-0.0357136350563873,0.5733790587791068,-2.013109034737886,642.1901564995771
0.0702734375,0.005460114198180563,0.001079485049114329,0.005277282016662272,-0.036062918718643915,0.5735102418236232,-2.0327810617131195,642.1383034459781
0.07529296875,0.0054679056011505585,0.001081830923854659,0.005278393740024095,-0.03596479484906678,0.5736287876900774,-2.0272333992366773,641.9761000523723
0.0803125,0.00547580816241098,0.0010335117594814527,0.0052793808121539545,-0.036070872465447434,0.5737337480087958,-2.033195710488273,641.6988161438104
0.08533203125,0.005483820708484372,0.0010046929059034815,0.005280234180836337,-0.036103502871298626,0.5738241385380767,-2.0350176945269056,641.3065268404571
0.0903515625,0.005491943121161456,0.0009791160439050124,0.005280949001839732,-0.036126726510309494,0.573899432349729,-2.0363091373523714,640.797958813733
0.09537109375,0.005500174110345865,0.0009454483778272842,0.005281515784843841,-0.036186040396722345,0.5739585976111748,-2.0396344969497493,640.1719524557728
0.100390625,0.0055085122937260774,0.0009232256769090405,0.0052819246860983495,-0.036203694952493155,0.5740005640936039,-2.0406113795602514,639.4287164438051
0.10541015625,0.005516956195884257,0.0008966709781821511,0.005282165499460806,-0.036242337576913745,0.5740242222053702,-2.0427709141259265,638.5677732385341
0.1104296875,0.0055255042325832735,0.0008737240184094481,0.005282227635326889,-0.036270464576055095,0.5740284206917278,-2.044337397688511,637.5895421018369
0.11544921875,0.005534154727132614,0.0008523681825079354,0.0052821001269051085,-0.03629597677976134,0.5740119673326886,-2.0457561565216222,636.4944699958448
0.12046874999999999,0.005542907102799183,0.0008318996331641878,0.005281776456155519,-0.03632161614848557,0.5739741533720594,-2.0471817328849853,635.2832636366169
0.12548828125,0.005551759512560749,0.0008129876833406704,0.005281245036808241,-0.03634463892093195,0.5739137192986459,-2.0484594763796666,633.9569285987151
0.1305078125,0.005560709995524029,0.0007955723371977975,0.005280493843561959,-0.03636517295669773,0.5738293579188806,-2.0495965915683008,632.5166400650562
0.13552734375,0.005569756462134877,0.0007789593812203271,0.005279510391758165,-0.03638587352949783,0.5737197121373958,-2.050742730190013,630.9638428823021
0.140546875,0.00557889670834077,0.000763749029024161,0.005278281737557235,-0.03640423761635863,0.5735833749939663,-2.051756814385181,629.3001835460826
0.14556640625,0.0055881283942499,0.0007494480085907649,0.005276794450991843,-0.03642208775640409,0.5734188867256068,-2.05274155980956,627.527450722391
0.1505859375,0.005597449051307469,0.0007359964127178087,0.005275034611596043,-0.03643952320221509,0.5732247342987015,-2.053702554753083,625.6475961330158
0.15560546875,0.005606856078085133,0.0007235072609418727,0.005272987793268583,-0.036455945157889205,0.5729993497722494,-2.054606046190016,623.6626948530622
0.160625,0.005616347972175566,0.0007116195235995727,0.005270644025637382,-0.036472633231554044,0.5727416494206897,-2.0555241454868667,621.5749029280553
0.16564453124999998,0.005625921855992176,0.0007004228368082167,0.005267987838992478,-0.03648908101216374,0.5724499519642577,-2.0564283054969286,619.38649440678
0.1706640625,0.005635574665070577,0.0006898158168583133,0.00526500308252808,-0.036505553481698934,0.5721225021479224,-2.057333453375842,617.099782901848
0.17568359374999998,0.0056453030703787,0.0006797060149519114,0.005261672579971201,-0.0365222919408573,0.5717574333298873,-2.0582531809120996,614.7171653486677
0.180703125,0.005655103622333718,0.0006700106388281086,0.005257978711408335,-0.03653951004584896,0.5713528307151884,-2.059199521263334,612.2410984256734
0.18572265624999998,0.005664972703079794,0.0006607095968406666,0.005253903255648217,-0.03655718056044093,0.5709067142157335,-2.060170931378818,609.6740068964623
0.1907421875,0.005674906527849246,0.0006517200801927669,0.005249427345013487,-0.036575534092709264,0.570417033559981,-2.061180398774103,607.0183740892329
0.19576171874999998,0.005684901122823493,0.0006430431399476249,0.005244531435511995,-0.036594476214093626,0.569881665040867,-2.062222593212598,604.2767099920771
0.20078125,0.0056949523311008955,0.0006345959370111765,0.005239195296159459,-0.03661425449752117,0.569298410367232,-2.0633114572563374,601.4515587307853
0.20580078124999998,0.005705055804924747,0.0006263989269262501,0.005233397986566762,-0.03663471068735128,0.5686649942378094,-2.06443806339042,598.5454954536222
0.2108203125,0.005715206992026088,0.000618400163789184,0.005227117833384487,-0.03665598314130431,0.5679790617723592,-2.0656101988290616,595.5610676764061
0.21583984374999998,0.005725401144609129,0.0006105923756520254,0.005220332418744789,-0.03667803608802812,0.5672381772806202,-2.0668258380082407,592.5008613526262
0.220859375,0.005735633296771853,0.0006029767023245985,0.005213018548766996,-0.03670080654063794,0.566439820828985,-2.0680814216323498,589.3674849579296
0.22587890624999998,0.005745898270086858,0.0005955244743803596,0.00520515224096499,-0.03672435483608689,0.5655813868867144,-2.0693803395831893,586.1635728284754
0.2308984375,0.0057561906643672466,0.0005882533433368015,0.0051967086993771625,-0.03674856000528133,0.5646601816338224,-2.070715765124232,582.8917739732073
0.23591796874999998,0.005766504844234708,0.0005811501587634845,0.005187662289676193,-0.03677342875472785,0.5636734202484026,-2.0720880658108523,579.5547158589313
0.24093749999999997,0.005776834946638642,0.0005742174868800271,0.005177986524984076,-0.03679890725970134,0.5626182253931233,-2.073494198327493,576.1550466841209
0.24595703124999999,0.005787174857840318,0.0005674678731643133,0.005167654032719905,-0.036824905261159314,0.5614916236018013,-2.0749290663470803,572.69543717542
0.2509765625,0.0057975185382482045,0.0005608935244235757,0.005156637818206306,-0.03685141616784208,0.5602906825934755,-2.076392287911508,569.1785766415906
0.25599609375,0.005807861068974264,0.0005545129568467623,0.005144915460950025,-0.03687833006508,0.5590129672191575,-2.0778776592535673,565.6071543967875
0.261015625,0.0058181958911332305,0.0005483864752601687,0.005132458092055114,-0.03690537205372446,0.5576553417995496,-2.079369680932511,561.9839279606075
0.26603515624999996,0.005828516162832073,0.0005425145993885045,0.005119235790334338,-0.036932508073504615,0.5562145564750857,-2.080866423798865,558.3117233247876
0.2710546875,0.00583881478586701,0.0005368981272533458,0.0051052177480270106,-0.03695970436786912,0.5546872652004851,-2.082365975688084,554.5933767980607
0.27607421875,0.005849086238346479,0.0005315377802199974,0.0050903795616617075,-0.036986929065111245,0.5530708179196223,-2.0838665305927515,550.831721465579
0.28109375,0.00585932416979091,0.00052644397023243,0.005074693618794845,-0.03701411243591443,0.5513622160716254,-2.0853641495943473,547.0295621774405
0.28611328124999996,0.005869521104246577,0.000521616366675775,0.005058127940471066,-0.03704122836820548,0.5495579868296807,-2.0868573511138178,543.1896514340381
0.2911328125,0.005879669316803683,0.0005170567143386401,0.005040649655225093,-0.037068243705412424,0.5476545605913146,-2.088344256721892,539.314718787136
0.29615234375,0.005889760810627367,0.0005127707917139593,0.005022224965404474,-0.0370951087621436,0.5456482673077497,-2.08982205668105,535.4074642323412
0.301171875,0.005899789843124534,0.000508753710453418,0.005002829210186044,-0.03712181743996844,0.543536429813261,-2.0912903968105847,531.4705583879672
0.30619140624999996,0.005909748816114037,0.0005050096844478257,0.004982430431994756,-0.03714832716825421,0.5413155783667806,-2.0927468681593084,527.5066148533124
0.3112109375,0.0059196292900743274,0.0005015342037410391,0.0049609934684662575,-0.03717462966992273,0.5389818952439882,-2.0941909935743044,523.5181580724867
0.31623046875,0.0059294225654579,0.0004983236000004702,0.0049384822468465156,-0.03720071413408587,0.5365314640548887,-2.095622153132872,519.5076686712205
0.32125,0.005939119659573918,0.0004953763689248616,0.004914859749185232,-0.03722655950294164,0.5339602659508246,-2.097039149466407,515.4775566690789
0.32626953124999997,0.00594871131442968,0.0004926828809136799,0.004890088008545625,-0.03725217752546488,0.5312641792414997,-2.098442633184037,511.43017573819213
0.33128906249999995,0.005958187984924279,0.0004902395846220096,0.004864128085476949,-0.037277554868296064,0.5284389768525877,-2.0998318418211497,507.36779507384153
0.33630859375,0.005967539828161362,0.0004880360420439498,0.004836940045462473,-0.03730270435280374,0.525480323875031,-2.1012074859569707,503.2925570840573
0.341328125,0.00597675671009306,0.00048606222694437973,0.004808482953826065,-0.03732763743453887,0.5223837770520922,-2.102570199113534,499.2065460320285
0.34634765624999997,0.005985828182391934,0.0004843105389770317,0.004778714840607779,-0.03735235378053126,0.5191447809533021,-2.1039199504707877,495.11174637028836
0.35136718749999996,0.005994743489985764,0.00048277100087144723,0.004747592696227018,-0.03737686236784094,0.515758667537244,-2.1052572334521233,491.0100935432852
0.35638671875,0.006003491558217335,0.0004814316192305054,0.004715072446682534,-0.03740117931792519,0.5122206534729329,-2.106582943676946,486.90342316130716
0.36140625,0.006012060982614738,0.00048027561829569183,0.004681108931234675,-0.0374253383442,0.508525837718532,-2.107898967222829,482.793418295537
0.36642578124999997,0.006020440034298596,0.0004792863631035052,0.004645655895917766,-0.037449372379649064,0.50466920086123,-2.1092071459713058,478.6816995558217
0.37144531249999996,0.006028616636896891,0.0004784478663354428,0.004608665958267701,-0.03747331027571157,0.5006456012773922,-2.110509091446409,474.5697609028002
0.37646484375,0.00603657837373293,0.0004777398103337921,0.004570090602531163,-0.03749719763213605,0.49644977465179224,-2.1118073581133294,470.45901718453337
0.381484375,0.006044312474021092,0.00047714489040748997,0.004529880153789479,-0.037521067583826805,0.49207633118467997,-2.113103798015456,466.3507792977192
0.38650390625,0.006051805803080802,0.00047664263930761547,0.004487983755992675,-0.037544965401945435,0.48751975321363505,-2.114400946164004,462.2462063903653
0.39152343749999996,0.006059044866522875,0.00047621264448179665,0.004444349364235223,-0.03756893598935631,0.48277439442382597,-2.115701316484749,458.14640451816894
0.39654296875,0.006066015787267305,0.0004758364149852603,0.004398923709526017,-0.03759301759202584,0.47783447601605916,-2.1170070474119442,454.052363159459
0.4015625,0.0060727043123492445,0.0004754926863474196,0.004351652293658248,-0.037617259564559316,0.47269408619556746,-2.118320902529571,449.96500639789906
0.40658203125,0.0060790957982285645,0.00047516384281620183,0.004302479362475133,-0.03764169872916672,0.46734717728918135,-2.1196449391872827,445.88517409419984
0.41160156249999996,0.006085175201438196,0.00047483180996959015,0.00425134788439235,-0.0376663762048258,0.46178756342625704,-2.120981456093209,441.81358508649197
0.41662109374999995,0.006090927081572681,0.00047447945618795556,0.004198199541616912,-0.03769133059495368,0.456008919639313,-2.1223326099266924,437.7509255799403
0.421640625,0.006096335578475634,0.00047409408726596056,0.004142974695167782,-0.03771658933697822,0.4500047780638669,-2.123699927980308,433.6978210069316
0.42666015625,0.006101384418632975,0.00047366253504255753,0.004085612379540485,-0.037742183841793966,0.4437685274120116,-2.1250851608742374,429.6548632110706
0.43167968749999996,0.0061060568996826985,0.0004731758683840642,0.004026050275351783,-0.03776813554874598,0.4372934100263778,-2.126489497297328,425.62260584251834
0.43669921874999995,0.00611033588149218,0.00047258477381023926,0.003964224688502931,-0.03779463457859616,0.43057251963793863,-2.12792362251571,421.6014805592661
0.44171875,0.00611420378797936,0.0004718630302024141,0.0039000705405407947,-0.03782177766797992,0.42359880037917025,-2.129392962832588,417.5918506837512
0.44673828125,0.006117642584542716,0.00047101051087281834,0.0038335213341514364,-0.037849557917415316,0.4163650430413865,-2.1308971087844526,413.59406351474513
0.45175781249999997,0.006120633784015273,0.00047002524539964554,0.003764509147770036,-0.03787797624548567,0.40886388455011563,-2.1324360907792026,409.60846029567944
0.45677734374999995,0.006123158430469278,0.0004689065963864849,0.0036929646078566014,-0.037907028626058624,0.40108780498441327,-2.1340096604549577,405.63537131981593
0.461796875,0.006125197090720345,0.0004676531384325643,0.0036188168688644825,-0.037936714621150176,0.3930291254308086,-2.135617770947728,401.6751137326142
0.46681640625,0.006126729855018894,0.00046626366255711477,0.0035419936029584217,-0.03796703323935948,0.3846800069328669,-2.137260343988674,397.7279947042018
0.47183593749999997,0.0061277363148010975,0.0004647377870135344,0.00346242096621272,-0.03799798164810998,0.37603244683308984,-2.1389371970759004,393.7942916507315
0.47685546874999996,0.006128195568180718,0.00046307422228781224,0.0033800235933294847,-0.038029560926924305,0.36707827826841943,-2.1406483676029326,389.8742690317135
0.48187499999999994,0.006128086203151653,0.0004612723334127638,0.003294724569807764,-0.03806176845466945,0.35780916718488115,-2.142393684212954,385.9682107444172
0.48689453125,0.0061273862895189655,0.00045933040478530427,0.0032064454128886404,-0.0380946048940978,0.3482166103078357,-2.144173159842064,382.0764288605026
0.49191406249999997,0.0061260733785052646,0.0004572467529022657,0.0031151060608560818,-0.03812807042723864,0.33829193405309393,-2.145986780081647,378.1992342869188
0.49693359374999996,0.006124124480905895,0.000455019865961117,0.0030206248401747223,-0.03816216401374948,0.3280262909812171,-2.147834461068217,374.3369475009824
0.5,0.006122595213545127,0.00045359644352603427,0.002961309462320799,-0.03818323288237057,0.3215817254346809,-2.1489761348235032,371.98454088145314
0.501953125,0.006121484468125486,0.00045266426343902654,0.002922886798670847,-0.03819675042686422,0.31740722105708025,-2.149708566592308,370.4890364683186
0.50697265625,0.006118192318991634,0.0004501447466508722,0.0028218701715709725,-0.03823210306190252,0.30643238517321764,-2.1516244574072743,366.65753791346134
0.5119921875,0.006114191941845875,0.00044747578964299544,0.0027174568515200754,-0.038268085315153036,0.2950889832612415,-2.153574418441501,362.84190552676387
0.51701171875,0.006109458137220404,0.00044465511856044734,0.0026095585679694255,-0.038304697931050145,0.2833674568327551,-2.1555584644994545,359.04245336474895
0.52203125,0.006103965122518468,0.000441666972388999,0.002498085345396151,-0.0383419951923786,0.27125806371979533,-2.1575796223684525,355.25948566975535
0.5270507812499999,0.006097686536523235,0.0004384668573908516,0.002382945498753115,-0.03838014503829103,0.2587508776681033,-2.1596473134359893,351.49327321921714
0.5320703124999999,0.006090595421736334,0.00043505155475728014,0.0022640456062228928,-0.038419148487078315,0.2458357854350612,-2.1617615648464645,347.74406552566955
0.53708984375,0.006082664217164489,0.0004314201668715978,0.002141290492628797,-0.03845899703491053,0.23250248505351426,-2.163921867268414,344.01210736672516
0.542109375,0.0060738647559174155,0.0004275719604143996,0.0020145832185967973,-0.03849968136119586,0.21874048474366695,-2.1661276650894195,340.29763769767135
0.54712890625,0.006064168244432943,0.00042350629782351496,0.0018838250502562996,-0.03854119168446598,0.20453909967531442,-2.168378376014235,336.6008910588443
0.5521484375,0.006053545266468946,0.0004192222557089148,0.001748915455313237,-0.03858351921028165,0.18988745163846524,-2.1706734729015813,332.9220963135871
0.55716796875,0.006073080474523126,0.00041647831213693774,0.001734091657541889,-0.038619640468355414,0.18827429904673235,-2.1726178047369222,329.26176529976544
0.5621875,0.006092783899388137,0.00041356513021965956,0.00171905056069628,-0.03865645027871683,0.18663755668708903,-2.174599251150402,325.620978264003
0.5672070312499999,0.006112663325908772,0.0004104932363388475,0.00170381881281584,-0.038693897359422816,0.1849801196993415,-2.1766148949729844,321.9999656147255
0.5722265624999999,0.006132726569957232,0.00040726444538093944,0.0016884230866533265,-0.03873196570598763,0.18330488572533077,-2.1786638030128684,318.39895356216863
0.5772460937499999,0.00615298149049894,0.00040388045320083186,0.0016728900881163187,-0.038770639799408285,0.18161475583450565,-2.1807450691038732,314.8181629994164
0.582265625,0.006173435977301575,0.0004003432820120373,0.0016572465313805422,-0.03880990286352774,0.17991263180414524,-2.182857715855461,311.25781014538467
0.58728515625,0.006194097957977483,0.0003966548844333964,0.0016415191560655521,-0.03884973845274774,0.17820141797296857,-2.1850007839020966,307.7181067375546
0.5923046875,0.006214975397834283,0.0003928173100489294,0.0016257347094370744,-0.03889012974560205,0.17648401931277818,-2.1871732924932203,304.19925929964506
0.59732421875,0.006236076291965678,0.00038883277506573905,0.0016099199431817294,-0.038931059315225766,0.1747633410496827,-2.189374226096424,300.70147058683125
0.60234375,0.006257408677048615,0.0003847034824432998,0.0015941016214789973,-0.0389725098083394,0.17304228954900686,-2.1916025730509867,297.2249382735909
0.6073632812499999,0.00627898039923393,0.00038043301591730925,0.0015783056185051762,-0.03901445840128669,0.17132367432970075,-2.1938570135513076,293.7698553161646
0.6123828124999999,0.006300791430461991,0.00037606498514996476,0.0015625262063254592,-0.0390567228229719,0.16960687436983,-2.1961272616768155,290.3363915739301
0.6174023437499999,0.006322842569554861,0.00037162066984688176,0.0015467609381792256,-0.03909921211856593,0.16789162488725295,-2.1984081674739255,286.9247177475747
0.622421875,0.006345137287238724,0.000367101070349529,0.0015310180376885505,-0.039141917290697784,0.1661788193149945,-2.200699189035207,283.5350086933395
0.62744140625,0.006367679032215657,0.0003625072376894099,0.0015153055548846224,-0.03918482913390122,0.16446933218882998,-2.2029997724654415,280.1674343518916
0.6324609375,0.006390471218616096,0.0003578403161222243,0.0014996313444327527,-0.03922793806221034,0.16276401677175809,-2.205309341879507,276.8221608373994
0.63748046875,0.006413517234380824,0.00035310134910740404,0.001484003088071964,-0.03927123489557888,0.16106370748869406,-2.2076273435975655,273.49935043751003
0.6425,0.006436820439570647,0.00034829148850597116,0.0014684282775336514,-0.03931471000994184,0.15936921808386234,-2.2099531986959606,270.199160391682
0.64751953125,0.006460384160073457,0.0003434118999685025,0.001452914217434661,-0.03935835372059987,0.15768134191475178,-2.2122863240034336,266.9217447921803
0.6525390624999999,0.006484211698699251,0.0003384636794142761,0.001437468034968136,-0.03940215662426847,0.15600085302303468,-2.2146261518845805,263.6672525907895
0.6575585937499999,0.006508306322523896,0.00033344803310360343,0.0014220966583420478,-0.039446108863370945,0.15432850378164867,-2.21697208852735,260.4358287384413
0.6625781249999999,0.006532671271771324,0.0003283661321827444,0.001406806839999164,-0.03949020072629667,0.15266502741502716,-2.2193235476941036,257.2276140997793
0.66759765625,0.006557309757316698,0.00032321915601173144,0.0013916051384315706,-0.03953442246927117,0.15101113603648078,-2.221679941044719,254.04274426253352
0.6726171875,0.006582224955152103,0.0003180083380147858,0.0013764979226002878,-0.03957876413088959,0.1493675211080742,-2.2240406671232154,250.88135132712665
0.67763671875,0.006607420017003096,0.00031273490684875164,0.0013614913807163571,-0.03962321578601753,0.1477348544133146,-2.2264051262363758,247.74356198083464
0.68265625,0.006632898057643242,0.000307400112333435,0.0013465914990622423,-0.03966776742859082,0.1461137857450905,-2.228772713458273,244.6294986286395
0.68767578125,0.006659171999683186,0.00030204452087469305,0.0013338411710890506,-0.03971225238683826,0.14472597567203735,-2.2311340213486215,241.53928436507616
0.6926953124999999,0.0066857159250736115,0.0002966285545538893,0.0013211234653279,-0.039756825729619506,0.14334171744111074,-2.233497719434341,238.47304652099152
0.6977148437499999,0.006712529778014257,0.0002911841893409874,0.0013084317648442943,-0.03980135500200534,0.1419602937300511,-2.23585632223569,235.43092857746032
0.7027343749999999,0.00673960672842664,0.0002858010708660878,0.0012957323650254335,-0.039845479820454874,0.14057804850553907,-2.2381895426461216,232.4131755802583
0.70775390625,0.006766942837181934,0.00028048272243398744,0.0012830032418875963,-0.039889188354136525,0.13919259343770177,-2.2404966755847155,229.42005188350896
0.7127734375,0.006794534324877543,0.0002752269095961957,0.0012702230757567776,-0.03993249198419213,0.13780161693916404,-2.242778319198925,226.45180987728378
0.71779296875,0.006822377321794319,0.0002700313755700718,0.0012573702495509344,-0.039975402099492637,0.1364027755155,-2.2450350715955034,223.50868699217258
0.7228125,0.006850467862091261,0.0002648937155852431,0.0012444228550767492,-0.040017930599211285,0.13499369446035617,-2.2472675584018162,220.59090620293168
0.72783203125,0.006878801894465556,0.00025981128633477125,0.0012313587019119306,-0.040060090246082945,0.1335719688415711,-2.2494764532985845,217.6986761287507
0.7328515624999999,0.006907375275958721,0.00025478125034681276,0.0012181553106005967,-0.04010189447081602,0.1321351627156659,-2.251662466488857,214.83219613089094
0.7378710937499999,0.006936183777453453,0.00024980081687211563,0.0012047899271393362,-0.04014335640688265,0.1306808107342589,-2.25382629060529,211.99165532208355
0.7428906249999999,0.006966313451836652,0.0002449647392972502,0.0011955959657076335,-0.04018410040015439,0.12967893483030404,-2.2559467910674025,209.1772332543499
0.7479101562499999,0.007001121025514563,0.00024057459222413512,0.001203958884251839,-0.04022293265843314,0.1305812729640073,-2.257956911559683,206.38914361893973
0.7529296875,0.007036187790326657,0.00023622885978301703,0.001212136170685634,-0.04026147971229163,0.131463335158303,-2.259947925850645,203.6276369203746
0.75794921875,0.007071496474123624,0.0002319239147899214,0.0012200520310888148,-0.04029975801879488,0.13231690151403433,-2.261920709881409,200.89279146893142
0.76296875,0.007107029999636135,0.00022765469473154672,0.0012276318535761905,-0.04033778959020442,0.13313388184850758,-2.2638764503712174,198.18465784873536
0.76798828125,0.007144542715366218,0.00022358403444475402,0.0012418786326978334,-0.04037492722804689,0.13467370791871378,-2.265778778159801,195.5032981723002
0.7730078125,0.007182256181043954,0.00021953853114041168,0.001255647876856495,-0.04041187372900428,0.13616154899624258,-2.2676670882864385,192.8488120413344
0.7780273437499999,0.007220153483022216,0.00021551262517836625,0.0012688661550282311,-0.04044865234826094,0.1375894453202233,-2.26954263414424,190.22123464338344
0.7830468749999999,0.007258218550023785,0.00021150250404133145,0.0012814637655119221,-0.04048527908089843,0.13894984287968326,-2.271406260384972,187.62059264867807
0.7880664062499999,0.007296452602266402,0.00020755337732232594,0.001293440429220834,-0.04052157435599506,0.14024271626409404,-2.2732478393896596,185.04687055236042
0.7930859375,0.007334846036786848,0.00020368018728074904,0.0013047526383521317,-0.040557482098781204,0.141463353319011,-2.2750641740474418,182.5000403507722
0.79810546875,0.0073733812801246214,0.00019987586825006396,0.001315325269031914,-0.04059303497111141,0.14260361507418548,-2.2768570444453853,179.98007505500723
0.803125,0.007412040928296857,0.00019613324031601806,0.001325084246205024,-0.04062826571957278,0.14365547787769667,-2.278628234527799,177.48693979970423
0.80814453125,0.007450807748859545,0.00019244478628746797,0.0013339565718998815,-0.04066320806959709,0.14461103642933162,-2.2803795814921672,175.02059492303871
0.8131640625,0.007489664683264523,0.00018880300455769542,0.0013418703244076104,-0.04069789528551645,0.14546250374608058,-2.2821128952678302,172.58099470213364
0.8181835937499999,0.0075285948444837065,0.0001852000488830628,0.0013487546537647773,-0.040732361588615186,0.14620221072907855,-2.28383003827265,170.1680863030349
0.8232031249999999,0.007567581520018692,0.00018162795177361656,0.0013545398028961967,-0.04076664126031701,0.14682260842205175,-2.285532874333454,167.78181277332132
0.8282226562499999,0.007606608170924929,0.00017807860585372762,0.0013591570902685753,-0.040800768676587856,0.14731626624545008,-2.2872232715105905,165.42210938504047
0.8332421874999999,0.007666573257188167,0.0001769262241069233,0.0014460937796277025,-0.04082528778519459,0.15673178820933828,-2.2883711310345145,163.08912602498378
0.83826171875,0.007726528923857662,0.00017578052663791543,0.0015312473571336789,-0.04084987866330163,0.16595305804085003,-2.2895190921156745,160.7834325337619
0.84328125,0.007786446683589004,0.0001746311606190067,0.001614500151282638,-0.04087458426584481,0.17496732976425303,-2.290669498653657,158.50491777832744
0.84830078125,0.007846298627211118,0.00017346753729349709,0.0016957374953458,-0.0408994478620204,0.18376218584404305,-2.2918247097506255,156.25346583570825
0.8533203125,0.007906057536760415,0.00017227888572312125,0.001774848159182457,-0.040924512762452625,0.1923255840813373,-2.29298708534857,154.0289532341566
0.8583398437499999,0.007965697846869377,0.00017105425277840473,0.0018517282029654886,-0.040949822327380966,0.20064627511928035,-2.2941589857845948,151.83125143627313
0.8633593749999999,0.008025827583935816,0.0001698611595474674,0.0019288054718891636,-0.04097510663035285,0.20898733302582448,-2.2953252198095395,149.6602325447763
0.8683789062499999,0.00808571837813463,0.00016860092843899778,0.002003156916884948,-0.04100076229426377,0.2170320349634681,-2.2965079363973566,147.51577448753727
0.8733984374999999,0.008145530875625402,0.00016725699332087682,0.0020754257897246378,-0.041026852410036785,0.22485009492855712,-2.2977105936307436,145.39773747707923
0.87841796875,0.008205758209539317,0.0001658159061269361,0.0021475804695227727,-0.041053426778133624,0.23265476846417701,-2.298935903093194,143.30599903299745
0.8834375,0.00826649580623411,0.00016428260470115983,0.00221999065572,-0.04108046106491708,0.24048608408193006,-2.3001824225375325,141.24043605924203
0.88845703125,0.008327815441392739,0.00016266275557327175,0.002292929658590048,-0.04110792834477158,0.2483736199343985,-2.3014485640665923,139.20092341831955
0.8934765625,0.008390280312412802,0.0001610285803341046,0.0023686324846741193,-0.04113553697084765,0.25655942881936705,-2.3027179207141724,137.1873386697014
0.89849609375,0.008453496706500085,0.00015932341395045516,0.0024454999359574178,-0.041163513579034125,0.2648702275514337,-2.304003101008104,135.1995686435298
0.9035156249999999,0.008517544010120419,0.0001575546971829262,0.0025238307741453324,-0.04119182560419132,0.27333832569250743,-2.3053022004655004,133.23748221701644
0.9085351562499999,0.008582500328481353,0.0001557298806368,0.0026039170147632087,-0.04122044096625356,0.28199529327626033,-2.3066133409850194,131.30094722334002
0.9135546874999999,0.00864844120237058,0.00015385645009187657,0.0026860387950913547,-0.041249327958046554,0.29087140500198366,-2.3079346651199306,129.38982955974765
0.9185742187499999,0.0087189438143935,0.00015245139439587816,0.0027844627778280144,-0.0412764262235765,0.30151143676565195,-2.3091508254790933,127.50402955065849
0.92359375,0.008789685242566141,0.00015088277000849303,0.002881822409855932,-0.041304287030483985,0.3120346366337085,-2.3104044904360603,125.64350892108087
0.92861328125,0.008860652221301446,0.00014914318987915896,0.0029780566102840765,-0.041332930645401035,0.32243437755388865,-2.311696697043745,123.80808469164012
0.9336328125,0.008932457061047172,0.00014732007582063682,0.0030756036801114313,-0.04136199921117926,0.3329746249700426,-2.313007334594723,121.99757681156707
0.93865234375,0.009004625274655986,0.00014533632128412586,0.0031725477749029694,-0.04139179615129093,0.3434479128472537,-2.3143532763897112,120.21181564997153
0.9436718749999999,0.009078301572859356,0.00014336563565715789,0.0032734511976760796,-0.041421620625694724,0.3543480814070552,-2.3156952411984797,118.45062440376891
0.9486914062499999,0.009152394744290547,0.00014123251838357286,0.0033739205017716007,-0.041452174650524067,0.36519945163486195,-2.317072384163116,116.71384739709518
0.9537109374999999,0.0092272930484643,0.00013899407476804322,0.0034754951637895413,-0.04148322160870001,0.37616861699770016,-2.318471377524395,115.00129385548915
0.9587304687499999,0.009305246435427406,0.00013702718408427656,0.003587143282405292,-0.041513255411702726,0.388226102653457,-2.3198079596449626,113.31280153224336
0.9637499999999999,0.009390666768838514,0.00013633736457617667,0.0037264211895719638,-0.04153829219813396,0.4032715755093897,-2.320859477947206,111.64823794804859
0.96876953125,0.009475970490031163,0.00013576911036066702,0.003862874259054355,-0.04156302476245366,0.4180088000765808,-2.321888130215845,110.00752270170214
0.9737890625,0.009561187951198275,0.00013532052019255236,0.003996623088720902,-0.04158747076531518,0.43245083316161353,-2.3228948219578127,108.39034570460699
0.97880859375,0.009646348546880656,0.00013498939128269206,0.004127783993418565,-0.041611649053191514,0.44661026520414887,-2.3238805240744167,106.7964001720416
0.9838281249999999,0.009731480743972908,0.00013477320344772227,0.004256469169420006,-0.04163557973961814,0.4604992380006617,-2.324846276143361,105.22538311286384
0.9888476562499999,0.00981661212834702,0.00013466918652520172,0.004382786869830439,-0.0416592838850472,0.4741294638258673,-2.325793169225131,103.67699486541596
0.9938671874999999,0.009901769435127421,0.00013467424271791368,0.004506841552561294,-0.04168278378733568,0.4875122415012461,-2.3267223619591197,102.15093899143086
0.9988867187499999,0.009986953541092497,0.00013478038750452058,0.004628634006943388,-0.04170612113466791,0.500647653747662,-2.3276360929062214,100.64692219990532
1.00390625,0.010072192062769896,0.00013498433384700123,0.004748271988954258,-0.04172931844654971,0.5135473528326953,-2.328535529140545,99.16465337296125
1.0089257812499999,0.010157511754707912,0.00013528249372669416,0.004865859420330278,-0.0417523993535896,0.5262225731522677,-2.3294218973191576,97.70384470754834
1.0139453125,0.01024293855658727,0.000135670987066812,0.004981496562999637,-0.04177538850833117,0.5386841502442657,-2.3302964794512326,96.26421144289777
1.0189648437499998,0.010328497618571783,0.00013614568144084636,0.005095280149667949,-0.04179831140711873,0.5509425349599165,-2.3311606027668237,94.84547177500677
1.023984375,0.010414213335666963,0.0001367021251891574,0.005207303540031143,-0.04182119465883642,0.5630078103298141,-2.332015653966863,93.44734692629923
1.02900390625,0.010500109383970843,0.00013733561273536308,0.005317656855772135,-0.041844065657108485,0.574889706344113,-2.3328630620224207,92.06956090627381
1.0340234375,0.010586208738538135,0.0001380412099051356,0.005426427099757458,-0.04186695250317095,0.5865976127500452,-2.333704292526362,90.7118405711268
1.03904296875,0.010672533714423142,0.0001388136343716204,0.00553369830140272,-0.04188988443058183,0.5981405949053492,-2.334540872174261,89.37391554159764
1.0440625,0.010759105983614544,0.0001396474839285326,0.0056395516145810376,-0.04191289087396701,0.6095274043932268,-2.3353743365950876,88.05551812034238
1.04908203125,0.010845943552294133,0.00014041751333088154,0.005744053259943488,-0.041936479790674,0.6207651759123932,-2.3362328764293117,86.75642213904011
1.0541015624999999,0.010933061204045764,0.00014085726588268757,0.005847256350166621,-0.041961715912418804,0.6318596252908636,-2.337175670479051,85.47648598405567
1.05912109375,0.011020481120783937,0.00014095220729874597,0.005949243421413711,-0.04198864148309525,0.6428196455032726,-2.3382049086164023,84.21556218763682
1.0641406249999998,0.011108225334869147,0.0001406972906457818,0.00605009608623993,-0.042017259683111284,0.6536540264667574,-2.3393206014301464,82.97349888119258
1.06916015625,0.011196315443655427,0.0001400876965568271,0.00614989391640654,-0.042047572199479154,0.6643713342762482,-2.340522673425315,81.75014005795394
1.0741796875,0.01128477263394618,0.00013911837686058905,0.006248714552026098,-0.04207958108185446,0.6749799229370094,-2.3418110658035505,80.54532576211923
1.07919921875,0.011373617707428308,0.00013778436237606766,0.006346633786829804,-0.042113287462191555,0.6854879436745966,-2.3431856662961272,79.35889245596131
1.08421875,0.011462871086077546,0.00013608085721728957,0.0064437256379960405,-0.04214869123434126,0.695903352357239,-2.344646290051696,78.19067297718098
1.0892382812499999,0.011552552846324515,0.00013400277823409336,0.006540062452562771,-0.042185792868016735,0.7062339210554015,-2.3461927815467316,77.04049700216923
1.0942578125,0.011642682723453623,0.00013154554818439588,0.0066357149567740715,-0.04222459024322126,0.7164872433385842,-2.34782483820113,75.90819111890895
1.0992773437499999,0.01173328013281772,0.00012870430412145254,0.0067307523498238925,-0.04226508186038265,0.7266707443373944,-2.349542188460206,74.79357897027086
1.104296875,0.011824364191132836,0.00012547441705760523,0.006825242371242354,-0.04230726471450836,0.7367916880800771,-2.3513444746659196,73.69648172280621
1.1093164062499998,0.011915953716940677,0.00012185161784686686,0.006919251352962851,-0.04235113386140894,0.7468571830036765,-2.3532312277216505,72.61671787352071
1.1143359375,0.012008067262725271,0.00011783128440770598,0.007012844313131102,-0.042396685249544264,0.756874192114175,-2.3552020255198105,71.55410382512055
1.11935546875,0.012100723113930244,0.00011340966764144892,0.0071060849868916556,-0.0424439108296853,0.7668495362659089,-2.357256220906539,70.50845388849447
1.124375,0.01219393930794334,0.00010858263699974504,0.007199035908774714,-0.04249280363370366,0.7767899029923286,-2.359393223491525,69.47958039896534
1.12939453125,0.012287733651941914,0.00010334653623070906,0.007291758465405966,-0.042543354306533436,0.786701852212173,-2.361612308079645,68.46729425235381
1.1344140624999999,0.012382102663828002,9.783840011640331e-05,0.00738422883297672,-0.04259499213184329,0.7965827477913572,-2.3638815923169325,67.47140995863384
1.13943359375,0.012477041210647376,9.455909568789965e-05,0.007476416850123442,-0.0426377315098122,0.8064292705416187,-2.365646862311642,66.49184268797634
1.1444531249999998,0.012572556171805417,9.439344011144919e-05,0.0075683406642325386,-0.042668202387516146,0.8162433122887918,-2.3667214295628534,65.52867049018914
1.14947265625,0.01266865668380509,9.730989390998552e-05,0.007660027498298192,-0.04268675003345855,0.8260277419058099,-2.3671248399098412,64.58200163493392
1.1544921874999998,0.012765351806651396,0.00010327584110176548,0.007751504256515283,-0.042693722935937053,0.8357853917574702,-2.366876812425343,63.65192342300618
1.15951171875,0.012862650516724021,0.00011225761809497672,0.00784279754900813,-0.042689472601481,0.8455190603361225,-2.365997226372957,62.738502399174976
1.16453125,0.012960561734743085,0.00012421911236150984,0.007933933758046748,-0.04267435896923423,0.8552315193740953,-2.36450642155151,61.84178572576434
1.16955078125,0.013059094319148631,0.00013912437712352695,0.008024939052014268,-0.04264873978427689,0.8649255153340947,-2.362424608121818,60.96180166431325
1.1745703125,0.013158257079508188,0.0001569348213506335,0.008115839438029678,-0.04261298175775922,0.8746037750499376,-2.3597724840122956,60.098560306909754
1.1795898437499999,0.013258058791345192,0.0001776112636260667,0.008206660799767559,-0.0425674521120119,0.8842690097526315,-2.3565707665009326,59.25205478429046
1.184609375,0.013358508186270067,0.0002011138314795476,0.0082974289138189,-0.04251251892886768,0.8939239168419756,-2.352840209786952,58.42226138838456
1.1896289062499998,0.013459613980284798,0.00022740012044944298,0.008388169512290218,-0.042448558343718995,0.9035711865425161,-2.348602003354512,57.60914098163529
1.1946484375,0.013561384863585078,0.00025642883992277354,0.008478908287030958,-0.042375939809273414,0.9132135023546127,-2.3438769552094834,56.812639389301744
1.19966796875,0.013663829513936328,0.0002881558047108664,0.008569670938855238,-0.04229504209686261,0.9228535463204863,-2.3386863764004246,56.0326881193445
1.2046875,0.013766956609861556,0.000322536991947107,0.008660483208777053,-0.04220624083580524,0.9324940022810552,-2.3330513915645956,55.26920553562577
1.20970703125,0.01387077481832306,0.00035952816801287446,0.008751370887401124,-0.042109910000486826,0.9421375569450104,-2.3269930197212583,54.52209690546225
1.2147265624999999,0.013975292823767681,0.0003990825283750475,0.008842359875359487,-0.042006431213305925,0.9517869062311777,-2.3205326885326634,53.79125581016826
1.21974609375,0.01408051931434893,0.0004411557040997296,0.00893347617853328,-0.04189617359081815,0.9614447547713225,-2.3136911195388965,53.076564446005825
1.2247656249999999,0.01418647218973271,0.00048088531043420716,0.009024782677609752,-0.041798707626958614,0.9711177724791318,-2.307549054472987,52.377696970229515
1.22978515625,0.014293180307724921,0.0005083577998167679,0.009116385876144089,-0.04175339458157876,0.9808173172211982,-2.3042780129029548,51.693735753454064
1.2348046874999998,0.01440061913499111,0.0005233154352291046,0.009208178695752196,-0.04176040997546583,0.9905317632877645,-2.303884709999624,51.02339346754185
1.23982421875,0.01450879773093043,0.0005258151071574476,0.009300189043697338,-0.041818654013726295,1.0002640094608424,-2.3063054326080143,50.36544023123466
1.24484375,0.014617724892332264,0.000515923323879067,0.009392443891868963,-0.04192698963498564,1.0100168509900893,-2.3114744143183072,49.71871458071277
1.24986328125,0.014727409161678877,0.0004937077919341394,0.009484969304608253,-0.04208427693520103,1.019792982630269,-2.3193257376291823,49.08212127447447
1.2548828125,0.014837858836259748,0.00045924322954669157,0.009577790459483145,-0.042289350277590745,1.0295950007220618,-2.32979207530228,48.45462951125272
1.2599023437499999,0.014949081948991591,0.0004126096557831911,0.009670931639349813,-0.042541025832996605,1.0394254025927117,-2.3428051092603375,47.83527011885107
1.264921875,0.015061086292868958,0.00035388933516304036,0.009764416274490175,-0.04283811429969165,1.0492865908920033,-2.358296235108687,47.22313399060851
1.2699414062499998,0.015173879394482248,0.0002831767325475275,0.009858266920003144,-0.043179381631248376,1.059180871574094,-2.3761944032114344,46.617369229666274
1.2749609375,0.015287468524123573,0.00020056315236718258,0.009952505284506958,-0.04356361128183346,1.0691104570451542,-2.396429549464901,46.01717908639603
1.2799804687499998,0.015401860714644952,0.0001061396106073507,0.010047152260583687,-0.04398959269790751,1.079077468850616,-2.418931963217912,45.421820600741505
1.285,0.015517062753575358,0.0,0.010142227926812698,-0.04445610888594563,1.0890839375314183,-2.4436316050933864,44.8306027836072
