s,steps,minimum_thermal,coldest_l,maximum_abs_velocity,maximum_sound2,minimum_inverse_stretch,maximum_inverse_stretch,total_slice_energy,field_slice_energy,material_slice_energy,thermal_inventory,thermal_balance_residual,net_charge,maximum_abs_charge_density,maximum_field_density,maximum_end_traction,thermal_endpoint,thermal_electrical,material_balance_residual,material_boundary_integral,material_geometry_integral,material_exchange_integral,energy_balance_residual,energy_boundary_integral,energy_geometry_integral,energy_exchange_integral,momentum_balance_residual,momentum_boundary_integral,momentum_geometry_integral,momentum_exchange_integral
0.0,0,0.24999999999999978,-1.96875,0.1977128324659816,0.013638432016544072,0.002147804611281285,0.15901062377248615,101.39308508505253,0.0,101.39308508505253,5.570006386371622,0.0,0.0,0.0,0.0,0.019999021217455143,0.0,0.0,0.0,0.0,0.0,0.0,0.0,0.0,0.0,0.0,0.0,0.0,0.0,0.0
0.005,1,0.2500054293692746,-2.09375,0.15959148030322012,0.013665967893990305,0.0021479896662026307,0.1593368652414694,101.51756146036323,0.0,101.51756146036323,5.560627033180312,5.3846443439780845e-05,0.0,0.0,0.0,0.019987753387064978,-0.009433199634749461,0.0,0.0,0.0,0.0,0.0,-5.898059818321144e-17,-0.004546618730416819,0.015199466522202396,-0.0007473325773563472,-1.1102230246251565e-16,4.097995513389463,-4.91279661272503,-0.05356109033546094
0.01,2,0.2500248366033062,-2.09375,0.14181592532020204,0.013731445246519671,0.002148774150698163,0.16011362219596617,101.630251903785,0.0,101.630251903785,5.5530341890826564,0.00012855434668727477,0.0,0.0,0.0,0.019968802586031186,-0.017100751635652403,0.0,0.0,0.0,0.0,0.0,-6.591949208711867e-16,-0.00908474578524002,0.029305431216469932,-0.0013475496619035521,2.4424906541753444e-15,8.451833722734177,-10.10108778699443,-0.10408537751367482
0.015,3,0.25006846038986863,-2.08125,0.12715426256079354,0.013833944013861094,0.00214863222708208,0.16133260190891463,101.7312435688131,0.0,101.7312435688131,5.547222224103647,0.00023010285939510146,0.0,0.0,0.0,0.01994917012602549,-0.02301426512736985,0.0,0.0,0.0,0.0,0.0,2.5673907444456745e-16,-0.013601996752247922,0.042313576659414584,-0.0018017827876890885,2.220446049250313e-15,13.052593184592698,-15.555795064357362,-0.15148149582892825
0.02,4,0.2501007398028363,-2.08125,0.11334674593183536,0.013972419847360399,0.0021489145949252606,0.16298448984373706,101.82059859802695,0.0,101.82059859802695,5.543187457216512,0.00036498149181387327,0.0,0.0,0.0,0.01993282752698374,-0.02718391064692294,0.0,0.0,0.0,0.0,0.0,-1.0408340855860843e-15,-0.018088001928907086,0.05421967034744947,-0.002111224004311545,-4.440892098500626e-16,17.891329242294532,-21.266612529742588,-0.1956628061844072
0.025,5,0.249556130160431,-1.33125,0.10012925300145525,0.014145721507053743,0.002149789734333838,0.16505896262694894,101.89834184604798,0.0,101.89834184604798,5.540929452704304,0.0005415111852045407,0.0,0.0,0.0,0.0199212360746684,-0.029618444852522914,0.0,0.0,0.0,0.0,0.0,-3.8163916471489756e-16,-0.022533792888359806,0.06501797438244475,-0.002277125972571289,-5.329070518200751e-15,22.958915350325977,-27.2223173013187,-0.23654746488544096
0.03,6,0.24874530780500592,-1.34375,0.11534833746134154,0.014352655105282787,0.0021506329068857327,0.16754530519505179,101.96452639065537,0.0,101.96452639065537,5.540426809374535,0.0007456715785784358,0.0,0.0,0.0,0.019914067038808693,-0.030325248575665306,0.0,0.0,0.0,0.0,0.0,9.783840404509192e-16,-0.026931372155378577,0.07470602826146622,-0.0023008018692994383,-8.881784197001252e-15,28.246000804574415,-33.411138948346334,-0.27405848154070145
0.034999999999999996,7,0.24835837813215011,-1.34375,0.13442165534286232,0.014591945537499165,0.0021513697592353267,0.1704318045823113,102.01922547040155,0.0,102.01922547040155,5.541671071814508,0.0009750683775735915,0.0,0.0,0.0,0.019910167289792478,-0.029310382934687382,0.0,0.0,0.0,0.0,0.0,5.551115123125783e-17,-0.031273485249855223,0.08328377945974129,-0.002183625511005484,-6.217248937900877e-15,33.743269699678685,-39.82146492523483,-0.3081237793489181
0.039999999999999994,8,0.24852010919919598,-1.34375,0.15335826241073391,0.014862363803772604,0.002152645015356728,0.17370716755957627,102.06252721334849,0.0,102.06252721334849,5.5446406830715125,0.0012129516619145092,0.0,0.0,0.0,0.019908412616046266,-0.026578654962024037,0.0,0.0,0.0,0.0,0.0,-3.5388358909926865e-16,-0.0355536662700157,0.09075320925751793,-0.0019270310713712878,-1.2434497875801753e-14,39.44202473045713,-46.44259962535028,-0.33867623794188184
0.04499999999999999,9,0.24924143668092014,-1.34375,0.17212478798376196,0.015162787622759532,0.0021545010933859527,0.17736120876404435,102.09444856256832,0.0,102.09444856256832,5.549326892872833,0.001454206059843441,0.0,0.0,0.0,0.019907885579074046,-0.02213369955863183,0.0,0.0,0.0,0.0,0.0,-4.371503159461554e-16,-0.03976628703671876,0.09711153220185513,-0.0015325129897565256,-1.4210854715202004e-14,45.33468791744367,-53.26531700735151,-0.3656537396178482
0.04999999999999999,10,0.2505116105752794,-2.08125,0.1906890776273258,0.015491564982122981,0.0021556647138397033,0.1813773089840345,102.11492118464645,0.0,102.11492118464645,5.555736106319035,0.0017077922830055466,0.0,0.0,0.0,0.01990796132377241,-0.01597807233559243,0.0,0.0,0.0,0.0,0.0,-1.2073675392798577e-15,-0.043906611481952455,0.10235012886909292,-0.0010016257108661456,-1.5987211554602254e-14,51.41528536787657,-60.2824212243232,-0.38899920579008673
0.054999999999999986,11,0.2506469185136355,-2.08125,0.20902038745282425,0.01584709985118673,0.0021574210633735678,0.18573933467804518,102.12386416364656,0.0,102.12386416364656,5.563862977752223,0.001969943624978228,0.0,0.0,0.0,0.01990831040303497,-0.008113352244377354,0.0,0.0,0.0,0.0,0.0,-1.1934897514720433e-15,-0.04797081086729627,0.10646034543134458,-0.0003359832308574497,-2.3092638912203256e-14,57.67983832079055,-67.48912817837424,-0.40866062293437594
0.059999999999999984,12,0.2508139975556021,-2.08125,0.22708954885331423,0.016228536355687568,0.002160032046202432,0.1904398194722544,102.12118345266717,0.0,102.12118345266717,5.573711988496015,0.0022458593018040555,0.0,0.0,0.0,0.019908798886366423,0.0014597428225890721,0.0,0.0,0.0,0.0,0.0,6.036837696399289e-16,-0.05195586985100653,0.10943335580560595,0.0004627411769050156,-1.4210854715202004e-14,64.12634717897961,-74.88297200787966,-0.42459107143230274
0.06499999999999999,13,0.25101977249671736,-2.08125,0.2448687655625008,0.01663532976854479,0.0021634674760134865,0.1954749533017074,102.10677642540269,0.0,102.10677642540269,5.5852818800683,0.0025342585020244374,0.0,0.0,0.0,0.019909460359839787,0.012741235194653621,0.0,0.0,0.0,0.0,0.0,-3.2612801348363973e-16,-0.055859475176389554,0.1112604119110687,0.0013928155946248007,-3.552713678800501e-15,70.75466479661148,-82.4636064065249,-0.43674873655799906
0.06999999999999999,14,0.25127199612028916,-2.08125,0.2623320990732054,0.017067125710314924,0.002167503177150909,0.20084322713496097,102.0805148662934,0.0,102.0805148662934,5.5985744089368,0.0028362655573561033,0.0,0.0,0.0,0.01991039971087438,0.025731757007822646,0.0,0.0,0.0,0.0,0.0,-1.3183898417423734e-15,-0.05967981471597635,0.11193128861827402,0.0024524499542362094,-8.881784197001252e-15,77.56594903035375,-90.23214486186674,-0.4450969214058793
0.075,15,0.25157848230192914,-2.08125,0.2794832104506213,0.01752374922881766,0.0021719035344019075,0.20654536020197908,102.04224098568966,0.0,102.04224098568966,5.613594585106104,0.003155783635671391,0.0,0.0,0.0,0.019911707010402565,0.04043241509881114,0.0,-2.220446049250313e-16,0.0,0.0,0.0,-1.8041124150158794e-16,-0.06341526570923643,0.11143365425368355,0.003639796667388017,-1.2434497875801753e-14,84.56141801162707,-98.18972626959305,-0.44960404968280965
0.08,16,0.2519474575092673,-2.08125,0.29629412472206695,0.01800518755938611,0.002176569857141958,0.21258415476424247,101.99180653447331,0.0,101.99180653447331,5.630349518673999,0.003498544201568307,0.0,0.0,0.0,0.01991344401513801,0.05684458810080839,0.0,0.0,0.0,0.0,0.0,7.840950111415168e-16,-0.06706423281476284,0.10975602531031883,0.004952946609673595,1.7763568394002505e-15,91.74156455116122,-106.33664724405794,-0.45024375367597136
0.085,17,0.25238757687757873,-2.08125,0.3127378439595532,0.01851156826130764,0.0021813774142723907,0.2189642900214344,101.92905769333461,0.0,101.92905769333461,5.648798408373055,0.0038602094767513063,0.0,0.0,0.0,0.019915632327020597,0.07493181252468206,0.0,0.0,0.0,0.0,0.0,-2.636779683484747e-16,-0.07062511934536472,0.10688939195461351,0.0063870723757264965,-3.552713678800501e-15,99.10592638532282,-114.67212720542004,-0.44705239156735904
0.09,18,0.2529079930556011,-2.08125,0.32880699919712697,0.01904299363464456,0.002186608883625245,0.22569038660947557,101.85379952130762,0.0,101.85379952130762,5.668839344836502,0.004245428703264687,0.0,0.0,0.0,0.01991825032182357,0.09458752976161566,0.0,0.0,0.0,0.0,0.0,2.7755575615628914e-16,-0.07409630952476447,0.1028267251135152,0.007932074353145566,-7.105427357601002e-15,106.65287380203812,-123.19408457990664,-0.44017757378619843
0.095,19,0.2532873270522462,-2.06875,0.3445000029461198,0.019599308771841118,0.0021922676987859383,0.23276509653047006,101.76586017556991,0.0,101.76586017556991,5.690334358357429,0.004655037074536926,0.0,0.0,0.0,0.01992124795792732,0.1156729349112702,0.0,-2.220446049250313e-16,0.0,0.0,0.0,-1.2871648191747909e-15,-0.07747620067972232,0.09756516819361744,0.009575531644790688,7.105427357601002e-15,114.37959402131102,-131.8991464018839,-0.42982028537852246
0.1,20,0.2536448167770906,-2.06875,0.35981829697573176,0.020180376954966474,0.002198329199021127,0.24019182206748657,101.6651256891926,0.0,101.6651256891926,5.713140696138194,0.005085268841746766,0.0,0.0,0.0,0.01992456089151248,0.13804904092482603,0.0,0.0,0.0,0.0,0.0,8.014422459012849e-16,-0.0807632466497424,0.0911063913494709,0.011305158735569688,1.4210854715202004e-14,122.28221829414738,-140.78283810807577,-0.41618566046793976
0.105,21,0.2540313667604337,-2.06875,0.374765894622783,0.020786130873710285,0.0022048298419580304,0.24797433725913304,101.55151656834309,0.0,101.55151656834309,5.737124777726339,0.005541806333222439,0.0,0.0,0.0,0.019928114016311227,0.16157658502149488,0.0,0.0,0.0,0.0,0.0,4.163336342344337e-16,-0.08395599755188608,0.08345476107564496,0.01310881332977723,-7.105427357601002e-15,130.3559010561144,-149.83970082341452,-0.3994825105342849
0.11,22,0.2544490288045649,-2.06875,0.3894136350007784,0.021416505736835335,0.002211806507037165,0.2561165277731359,101.42499669686953,0.0,101.42499669686953,5.762144071778077,0.006021728589257489,0.0,0.0,0.0,0.01993183445917401,0.18611595681719773,0.0,-2.220446049250313e-16,0.0,0.0,0.0,-1.384309333829492e-15,-0.08705313099493608,0.07461807235025893,0.01497450402603041,-1.0658141036401503e-14,138.59489784356458,-159.06338296949093,-0.379922859408701
0.115,23,0.2549000455094004,-2.06875,0.4037201492657232,0.02207010246845454,0.0022192388661584324,0.26460638159493993,101.285563490729,0.0,101.285563490729,5.788061736309404,0.006528193552510827,0.0,0.0,0.0,0.01993565153759592,0.21152715638527125,0.0,-2.220446049250313e-16,0.0,0.0,0.0,-1.0408340855860843e-17,-0.0900534801719091,0.06460678561676586,0.016890397942287635,-3.552713678800501e-14,146.992659287683,-168.44674504733734,-0.35772147142894095
0.12,24,0.2553867977152755,-2.06875,0.4176896693392109,0.0227454842107228,0.0022271067573676607,0.27343131054216435,101.13324691686294,0.0,101.13324691686294,5.814739521546741,0.0070633643507152805,0.0,0.0,0.0,0.0199394997434989,0.2376697708244042,0.0,-2.220446049250313e-16,0.0,0.0,0.0,7.28583859910259e-17,-0.09295606267171051,0.05343397004544469,0.018844828190607437,-3.197442310920451e-14,155.54191754588817,-177.98194494685453,-0.3330953872286195
0.125,25,0.2559117718511108,-2.06875,0.431333532473559,0.02344227643952982,0.0022353893979737585,0.2825917289596818,100.96811035288569,0.0,100.96811035288569,5.842037533111349,0.007628176851942191,0.0,0.0,0.0,0.019943318671448725,0.26440296988778494,0.0,0.0,0.0,0.0,0.0,-4.163336342344337e-16,-0.09576010575872475,0.04111538986254515,0.020826301239426515,-3.907985046680551e-14,164.23482735488975,-187.66056906800532,-0.30626345988666165
0.13,26,0.2564775915106223,-2.06875,0.44466439355244347,0.0241600917438867,0.0022196655113187673,0.29208807157496797,100.7902455722415,0.0,100.7902455722415,5.8698193210913265,0.008227418488636685,0.0,0.0,0.0,0.019947051469487005,0.29158551623106826,0.0,0.0,0.0,0.0,0.0,3.3306690738754696e-16,-0.09846506669125583,0.02766911837004437,0.022823504143718445,-4.263256414560601e-14,173.0630744632082,-197.47373596215832,-0.2774458925019424
0.135,27,0.25708701360603237,-2.06875,0.4577453554228441,0.024898523546042824,0.0022005458431307045,0.3019207058031641,100.5997779007408,0.0,100.5997779007408,5.897943986460884,0.008861813427390777,0.0,0.0,0.0,0.019950647704834432,0.31907578666187203,0.0,-2.220446049250313e-16,0.0,0.0,0.0,-8.326672684688674e-17,-0.10107065005336639,0.013115958523992843,0.024825311642611595,-1.7763568394002505e-14,182.01799993805474,-207.41222182095626,-0.24686378525292063
0.14,28,0.25774292426357204,-2.06875,0.4705810046806391,0.02565714071434755,0.0021832960492435866,0.3120898524381909,100.39686057785778,0.0,100.39686057785778,5.926272720840263,0.009534535737851986,0.0,0.0,0.0,0.019954061051464994,0.34673179873078913,0.0,0.0,0.0,0.0,0.0,5.551115123125783e-17,-0.10357681994888185,-0.002521000497168021,0.02682079307138346,-7.105427357601002e-15,191.09073260844264,-217.46659457738826,-0.21473868200324597
0.145,29,0.25844833272155854,-2.06875,0.48315321048255555,0.02643548288840575,0.002160547338291882,0.3225955123867719,100.18166988683,0.0,100.18166988683,5.954666379439515,0.010248748466105937,0.0,0.0,0.0,0.019957252647897206,0.3744112446017868,0.0,0.0,0.0,0.0,0.0,-1.6237011735142914e-15,-0.10598381051984733,-0.01921676710122201,0.028799219154187938,-7.105427357601002e-15,200.27231914546053,-227.6273537559571,-0.18129212786885282
0.15,30,0.2592063641993796,-2.06875,0.49547676586155376,0.027233056679164612,0.0021344650051939853,0.33343740168321556,99.95440485854624,0.0,99.95440485854624,5.982985165158002,0.011007251133769654,0.0,0.0,0.0,0.019960195188683326,0.4019715276526112,0.0,0.0,0.0,0.0,0.0,1.8041124150158794e-16,-0.10829213526814217,-0.03694446812596708,0.030750068605586864,1.0658141036401503e-14,209.55390441145423,-237.8851296193783,-0.1467452321667218
0.155,31,0.2600202515390553,-2.06875,0.5075668077562341,0.028049332774855055,0.0021115764584741675,0.3446148953162743,99.71528264282173,0.0,99.71528264282173,6.011088721558399,0.01181251141759418,0.0,0.0,0.0,0.01996287039032563,0.4292698237691828,0.0,0.0,0.0,0.0,0.0,5.551115123125783e-17,-0.11050258785992834,-0.05567572276527129,0.032663034518857256,2.842170943040401e-14,218.92686807952973,-248.2308283522625,-0.11131823806033293
0.16,32,0.2608933248131986,-2.06875,0.5194876570288898,0.02888374380074921,0.0020917159067843196,0.3561269780400558,99.4645353789159,0.0,99.4645353789159,6.038838467006691,0.012668956603535404,0.0,0.0,0.0,0.019965269725256578,0.4561631240315342,0.0,0.0,0.0,0.0,0.0,8.881784197001252e-16,-0.11261623860867329,-0.07538090140553108,0.03452803064916972,-1.0658141036401503e-14,228.382947001807,-258.6557624133376,-0.07523010476208386
0.165,33,0.26182899986000163,-2.06875,0.5312467348732071,0.02973568317646524,0.0020740871696878975,0.3679722056585813,99.20241069640062,0.0,99.20241069640062,6.066093407696543,0.01357876444980788,0.0,0.0,0.0,0.01996741445036154,0.48250825687511306,0.0,0.0,0.0,0.0,0.0,-6.661338147750939e-16,-0.11463442623384018,-0.09602910000058193,0.036335197405038565,-4.263256414560601e-14,237.91435223545204,-269.15177384847925,-0.0386980944047774
0.17,34,0.2628307687079807,-2.06875,0.5428220614345491,0.0306045046916032,0.0020579760487919353,0.38014867339740926,98.92916845503447,0.0,98.92916845503447,6.0927167505863515,0.014545089992108767,0.0,0.0,0.0,0.01996931565174242,0.5081652742226214,0.0,-4.440892098500626e-16,0.0,0.0,0.0,-1.1102230246251565e-16,-0.11655874226663071,-0.11758864956076064,0.038075136310541983,-2.842170943040401e-14,247.5137992739779,-279.7112402465378,-0.0019335293106576903
0.17500000000000002,35,0.26390221316700146,-2.06875,0.5542256209329253,0.03148952295980122,0.0020433387190947473,0.3926539937758532,98.64509756633107,0.0,98.64509756633107,6.118597190799117,0.015572212074413979,0.0,0.0,0.0,0.019970970836644408,0.5330185923530811,0.0,0.0,0.0,0.0,0.0,-5.273559366969494e-16,-0.11839100141455887,-0.1400272290444254,0.039740331879308775,1.4210854715202004e-14,257.174428232716,-290.3270098772026,0.03488255526206716
0.18,36,0.26504699781009466,-2.06875,0.5654671438372816,0.03239001477855769,0.002030119790796834,0.4054852843828618,98.35051593729467,0.0,98.35051593729467,6.1436453304405925,0.01666162432023427,0.0,0.0,0.0,0.019972385217926075,0.5569773197487364,0.0,0.0,0.0,0.0,0.0,-5.551115123125783e-17,-0.12013321953163825,-0.16331187782634113,0.041325137575700284,-7.105427357601002e-15,266.88977586267373,-300.9923675503113,0.07159981219403723
0.185,37,0.26626883186187267,-2.06875,0.5765877917000353,0.033305221060651403,0.0020182161273721347,0.4186391625917186,98.04574627337456,0.0,98.04574627337456,6.167779761155954,0.017819164278723265,0.0,0.0,0.0,0.01997356818895789,0.5799542105056082,0.0,0.0,0.0,0.0,0.0,-1.3322676295501878e-15,-0.12178759037707915,-0.18740949101133456,0.042824322347465346,-3.552713678800501e-14,276.65372170188823,-311.70097113377903,0.10807459203136213
0.19,38,0.26757150432926124,-2.06875,0.5876120030824268,0.034234357366903057,0.002007549600900811,0.4321117497315666,97.73111768174785,0.0,97.73111768174785,6.190915988102639,0.019047615353623894,0.0,0.0,0.0,0.01997453191269121,0.6018619863773932,0.0,0.0,0.0,0.0,0.0,-4.996003610813204e-16,-0.12335646210778234,-0.21228646754823385,0.04423282281734993,-7.105427357601002e-15,286.4604284558566,-322.4467824360381,0.1441659714072347
0.195,39,0.26896203035229616,-2.06875,0.5985038124211997,0.035177062674026364,0.001998097380517719,0.44589859999616566,97.40696688528263,0.0,97.40696688528263,6.212969862197657,0.020350178295794812,0.0,0.0,0.0,0.019975289744470052,0.62261329753024,0.0,0.0,0.0,0.0,0.0,-1.6653345369377348e-16,-0.12484231479307063,-0.23790863895639922,0.04554574612849675,7.105427357601002e-15,296.30429603961534,-333.2240157130027,0.1797359671384972
0.2,40,0.2704478704187079,-2.06875,0.6092708066045134,0.0361328670806192,0.0019898362323871885,0.4599944639760202,97.07363736375869,0.0,97.07363736375869,6.2338570023777695,0.021730091905909656,0.0,0.0,0.0,0.019975855324079098,0.6421205241002381,0.0,0.0,0.0,0.0,0.0,-1.1102230246251565e-15,-0.12624773755271296,-0.26424136312098273,0.046758372538227656,3.552713678800501e-14,306.17988404964655,-344.02705497360404,0.2146497409261861
0.20500000000000002,41,0.2720333640716346,-2.06875,0.6199201752514227,0.03710089306046228,0.001982772702045595,0.47439382106605377,96.73147867527435,0.0,96.73147867527435,6.253490231763557,0.023188004000720668,0.0,0.0,0.0,0.019976242377375726,0.6602958413912148,0.0,0.0,0.0,0.0,0.0,-4.440892098500626e-16,-0.12757540738010753,-0.29124960182715426,0.047866157774731626,-1.4210854715202004e-14,316.081862420472,-354.85040062083493,0.24877579520564547
0.21,42,0.27372291681510785,-2.06875,0.6304587906723782,0.038080249204854345,0.001976910443195427,0.4890908056238394,96.38084231349866,0.0,96.38084231349866,6.271785982489012,0.024728390608469174,0.0,0.0,0.0,0.019976464072333788,0.6770512055089218,0.0,0.0,0.0,0.0,0.0,-5.551115123125783e-17,-0.1288280690127132,-0.31889827297114964,0.04886473544915323,7.105427357601002e-15,326.0049533001009,-365.6886064087265,0.28198615831762736
0.215,43,0.27552093468791305,-2.06875,0.6409277681970025,0.03907007615090028,0.0019722218785238493,0.5040797974039127,96.022084915905,0.0,96.022084915905,6.288659546193836,0.026354910107767613,0.0,0.0,0.0,0.019976533210404598,0.6922982497144468,0.0,0.0,0.0,0.0,0.0,7.216449660063518e-16,-0.13000851569035424,-0.3471520164809388,0.04974991903767464,2.842170943040401e-14,335.9438723106287,-376.5362181558278,0.3141565606104738
0.22,44,0.2774313820201535,-2.06875,0.6513224825870338,0.04006942745731056,0.0019686772276938432,0.5193538293710768,95.65556960946446,0.0,95.65556960946446,6.3040256737962705,0.028071168154590504,0.0,0.0,0.0,0.01997646211377517,0.7059481192700582,0.0,0.0,0.0,0.0,0.0,-1.1102230246251565e-16,-0.1311195717977139,-0.37597510665923634,0.05051770395390664,6.394884621840902e-14,345.8932942744108,-387.3877369190452,0.3451666011819755
0.225,45,0.27945796575832715,-2.06875,0.6616267541288607,0.04107732069195338,0.0019662490256515436,0.5349052020529746,95.28166534822537,0.0,95.28166534822537,6.317798206552034,0.029880513274288686,0.0,0.0,0.0,0.019976262617609437,0.7179113069061231,0.0,0.0,0.0,0.0,0.0,7.216449660063518e-16,-0.13216407665658228,-0.4053315228929765,0.05116426933685221,1.4210854715202004e-14,355.84780517544505,-398.23756682161485,0.3748999035862894
0.23,46,0.28160412785156064,-2.06875,0.6718452720525647,0.04209275866365177,0.0019649113513202396,0.5507257383249348,94.90074575077003,0.0,94.90074575077003,6.329888192792742,0.03178428388123537,0.0,0.0,0.0,0.019975946374789506,0.7280975225398851,0.0,0.0,0.0,0.0,0.0,1.1102230246251565e-16,-0.13314486949531135,-0.4351850587161255,0.05168597957093357,7.105427357601002e-15,365.8018751766592,-409.0799857097883,0.4032442612862697
0.23500000000000001,47,0.28387302883511634,-2.06875,0.681982308816373,0.043114746629436686,0.0019646399775350596,0.5668069977211156,94.51318615217468,0.0,94.51318615217468,6.3402078302532185,0.033785922163945444,0.0,0.0,0.0,0.019975524750249152,0.736415521717651,0.0,0.0,0.0,0.0,0.0,7.771561172376096e-16,-0.13406477633612943,-0.46549957114008444,0.05207938590613016,1.4210854715202004e-14,375.74983639986914,-419.90912023112446,0.43009177348391997
0.24,48,0.28626752859881965,-2.06875,0.6920418309679235,0.044142306321556295,0.00196541227535255,0.5831404583644285,94.11936582116216,0.0,94.11936582116216,6.348665807378253,0.03588668985092189,0.0,0.0,0.0,0.019975009085309067,0.7427727311557093,0.0,0.0,0.0,0.0,0.0,-3.3306690738754696e-16,-0.1349265978387218,-0.49623881748524346,0.05234122756851792,-2.842170943040401e-14,385.685862341107,-430.71892334757194,0.4553389687519284
0.245,49,0.28879018426175085,-2.06875,0.7020274438322076,0.04517448759603318,0.0019672069835230334,0.5997176752159151,93.71967004948183,0.0,93.71967004948183,6.355167945176668,0.03808654174421269,0.0,0.0,0.0,0.019974410744862708,0.7470750170608338,0.0,-2.220446049250313e-16,0.0,0.0,0.0,0.0,-0.1357330983611157,-0.5273663012797297,0.0524684329874716,0.0,395.60396508874356,-441.5031706563152,0.4788869200390804
0.25,50,0.29144691860572447,-2.06875,0.7119371047530194,0.04621144112958544,0.0019700270218719444,0.6165499451665047,93.31448953701273,0.0,93.31448953701273,6.359624953686821,0.04039243313098491,0.0,0.0,0.0,0.019973741122282587,0.7492261341842146,0.0,0.0,0.0,0.0,0.0,-6.661338147750939e-16,-0.13648699694423017,-0.5588453311424338,0.05245812073130783,-7.105427357601002e-15,405.4979926127825,-452.25545734680196,0.5006413481691813
0.255,51,0.2942440083470479,-2.06875,0.7217851611982269,0.047252995105648045,0.001973876395035087,0.6336486679011641,92.90421803577014,0.0,92.90421803577014,6.361947698728851,0.04281383470204004,0.0,0.0,0.0,0.020677202629657145,0.7491274776551891,0.0,0.0,0.0,0.0,0.0,-1.1102230246251565e-16,-0.13719095841182938,-0.5906392178147181,0.05230760015494559,1.4210854715202004e-14,415.3616386433428,-462.96920440508393,0.5205127141709223
0.26,52,0.2971840733433233,-2.06875,0.7315865534134218,0.04829794791528087,0.001978737021888079,0.6510047660341164,92.48928117134417,0.0,92.48928117134417,6.362083298469981,0.0453571298667912,0.0,0.0,0.0,0.0222189313749887,0.7467197822315685,0.0,0.0,0.0,0.0,0.0,-1.7763568394002505e-15,-0.13784758654107376,-0.6227114709478343,0.05201685489508587,2.842170943040401e-14,425.18845326955494,-473.63767437725375,0.5384534774652349
0.265,53,0.3002692056720886,-2.06875,0.7413147234987036,0.049345097952528734,0.001984591406415642,0.6686074999755913,92.07017631691555,0.0,92.07017631691555,6.360069268657992,0.048025887780444115,0.0,0.0,0.0,0.023797298177885055,0.7420369945059264,0.0,0.0,0.0,0.0,0.0,-2.220446049250313e-16,-0.13845941799794337,-0.6550257042279636,0.051591615004020264,2.842170943040401e-14,434.9718609632893,-484.2539997847915,0.5545045422039563
0.27,54,0.30350113820568114,-2.06875,0.7509592473710427,0.050393316102061846,0.001991421964732201,0.6864459337441062,91.6474407981756,0.0,91.6474407981756,6.3559933175081795,0.050821606623491875,0.0,0.0,0.0,0.025406863150199997,0.7351653245130663,0.0,0.0,0.0,0.0,0.0,-1.887379141862766e-15,-0.13902891659274857,-0.6875455396790353,0.05104072533590826,5.684341886080802e-14,444.7051854296376,-494.81122241398697,0.5687564258825667
0.275,55,0.30688125990722726,-2.06875,0.7605099532212307,0.05144156784544694,0.0019992108580004597,0.7045094763980555,91.221610922926,0.0,91.221610922926,6.349939183176477,0.05374271282791373,0.0,0.0,0.0,0.027043403819252833,0.726190083976941,0.0,0.0,0.0,0.0,0.0,-4.440892098500626e-16,-0.13955846978236472,-0.7202346365674064,0.05037291063280598,4.973799150320701e-14,454.38168196365785,-505.30232321632707,0.581300884941889
0.28,56,0.31041065026840675,-2.06875,0.7699568914059682,0.052488926899370486,0.0020079411388137657,0.722788272215119,90.79321900850971,0.0,90.79321900850971,6.34198844585944,0.05678664199420224,0.0,0.0,0.0,0.02870372752860098,0.7151954174936156,0.0,-4.440892098500626e-16,0.0,0.0,0.0,0.0,-0.14005038444083295,-0.7530569160729751,0.04959675941686542,7.815970093361102e-14,463.99456734505634,-515.7202517930883,0.592230476977471
0.28500000000000003,57,0.3140900856911104,-2.06875,0.7792902483005264,0.05353458111343701,0.0019967043420300997,0.7412734553386406,90.36279076052229,0.0,90.36279076052229,6.332223901030077,0.059953304649288976,0.0,0.0,0.0,0.030385515165012825,0.7022642100091664,0.0,0.0,0.0,0.0,0.0,-6.661338147750939e-16,-0.1405068845280188,-0.7859767681903564,0.04872071996464249,2.842170943040401e-14,473.53705960546034,-526.0579671236267,0.6016383070383473
0.29,58,0.3179199779454074,-2.06875,0.7885001667906408,0.054577832953305476,0.0019541457007627785,0.759957305001133,89.93084670419681,0.0,89.93084670419681,6.320732595802528,0.06324813269755031,0.0,0.0,0.0,0.03208718911523563,0.6874780767333556,0.0,0.0,0.0,0.0,0.0,6.661338147750939e-16,-0.14093010933828964,-0.8189589353727807,0.04775309610565405,2.842170943040401e-14,483.0024178688327,-536.3084767997974,0.6096177788852133
0.295,59,0.32190260700609064,-2.06875,0.7975752476889966,0.05561840657278764,0.0019100835302876822,0.7788332403878228,89.49790247133117,0.0,89.49790247133117,6.307604204910998,0.06668066684085863,0.0,0.0,0.0,0.0338072123640295,0.6709171516985173,0.0,0.0,0.0,0.0,0.0,-5.551115123125783e-16,-0.14132211140216722,-0.8519684880100049,0.04670204343491005,1.4210854715202004e-14,492.3839801661747,-546.4648813632369,0.616262356510352
0.3,60,0.32604980160159647,-2.06875,0.8065003714303884,0.05665739504647292,0.0018626005980421896,0.7978952492927248,89.06446869425274,0.0,89.06446869425274,6.292921148670989,0.07025423725967571,0.0,0.0,0.0,0.03554207834165274,0.6526605250396913,0.0,0.0,0.0,0.0,0.0,-6.661338147750939e-16,-0.14168485662728802,-0.8849708290118249,0.045575565599338605,-6.394884621840902e-14,501.67521078996424,-556.5204188195248,0.6216653337117476
0.305,61,0.3303753003897929,-2.06875,0.8152668560468328,0.057695631646300816,0.0018147308009206474,0.817137820062727,88.63104833566318,0.0,88.63104833566318,6.276758388860153,0.07396581119337155,0.0,0.0,0.0,0.03728932438944931,0.6327861912951598,0.0,0.0,0.0,0.0,0.0,-1.3322676295501878e-15,-0.14202022326343228,-0.9179319036728865,0.044381510643450715,-3.552713678800501e-14,510.86973722525977,-566.4685018844184,0.6259196114192455
0.31,62,0.3348838191839085,-2.06875,0.8238710295080409,0.05873283418057309,0.0017667893290866095,0.8365574450419188,88.19813378974709,0.0,88.19813378974709,6.259186802863602,0.07780921187565751,0.0,0.0,0.0,0.03904946422468414,0.6113712046163228,0.0,0.0,0.0,0.0,0.0,-1.5543122344752192e-15,-0.14233000244337662,-0.9508184265723081,0.04312756776335196,-7.815970093361102e-14,519.9613948917191,-576.3027607250197,0.629117485948175
0.315,64,0.3395793751346561,-2.06875,0.8323104971829025,0.05976880882922753,0.0017175956799448634,0.8561520836061519,87.76620768620431,0.0,87.76620768620431,6.240275946962536,0.08177787045102744,0.0,0.0,0.0,0.04082356465397408,0.5884916901398869,0.0,0.0,0.0,0.0,0.0,1.1102230246251565e-15,-0.14261589409377282,-0.9835977950824248,0.04182124070923491,-2.842170943040401e-14,528.9442877435681,-586.0171075109637,0.6313501576922608
0.32,66,0.3233707776420174,-1.43125,0.8405819098262555,0.06080346676544037,0.00166723982885304,0.8759214786392533,87.33574534294637,0.0,87.33574534294637,6.220096014930898,0.08586687589656616,0.0,0.0,0.0,0.04261312469827913,0.5642227526627103,0.0,-2.220446049250313e-16,0.0,0.0,0.0,-1.1102230246251565e-15,-0.1428795168985618,-1.016237924331506,0.040469887890896,0.0,537.8127867662959,-595.6057316025107,0.632708061307633
0.325,68,0.303747905727741,-1.43125,0.8486821287709745,0.06183680841075928,0.001616897333970825,0.895866994393888,86.90721387752914,0.0,86.90721387752914,6.198728768198225,0.09008389058059736,0.0,0.0,0.0,0.044420026373369656,0.538638491246006,0.0,0.0,0.0,0.0,0.0,-1.5543122344752192e-15,-0.14312240762587514,-1.0487073036671761,0.03908070745809829,-1.1368683772161603e-13,546.5615831523378,-605.0631519734087,0.633280539477788
0.33,70,0.28281936530052953,-1.43125,0.8566023974552763,0.06286889195740468,0.0015668435500505204,0.9159911907285503,86.48106889629246,0.0,86.48106889629246,6.1762648224819525,0.09444676684544226,0.0,0.0,0.0,0.04624641391849524,0.5118116692648889,0.0,0.0,0.0,0.0,0.0,-8.881784197001252e-16,-0.14334602021262782,-1.0809752502206218,0.037660726479485124,-2.1316282072803006e-13,555.1857224609475,-614.3842689719412,0.633155567720659
0.335,72,0.26054906352066376,-1.43125,0.864601770913282,0.06389974524552973,0.0015173593218837176,0.9362964910648263,86.05775060842548,0.0,86.05775060842548,6.1527776698017655,0.09895709017612259,0.0,0.0,0.0,0.048094409507052294,0.48381419325402114,0.0,0.0,0.0,0.0,0.0,-6.661338147750939e-16,-0.14355172795410953,-1.11301221321591,0.03621679820864029,-2.5579538487363607e-13,563.6806367611368,-623.564387835418,0.6324195838780288
0.34,74,0.23727434616358312,-1.43125,0.8729262781579337,0.06492954626555329,0.0014665318578907175,0.9567880308724874,85.63768838877424,0.0,85.63768838877424,6.128347716873363,0.1036243705993203,0.0,0.0,0.0,0.049966914233914264,0.454716959902421,0.0,0.0,0.0,0.0,0.0,-8.881784197001252e-16,-0.14374082639991917,-1.144789407636008,0.03475560174272444,-2.913225216616411e-13,572.0421712080229,-632.5992441176734,0.6311573567712798
0.34500000000000003,76,0.21305956601946474,-1.43125,0.8811067883181067,0.06595856024929696,0.0014119550102844203,0.9774727637019975,85.22129982541165,0.0,85.22129982541165,6.103037700221017,0.10843988363375995,0.0,0.0,0.0,0.05186718424160301,0.4245914302156355,0.0,0.0,0.0,0.0,0.0,-1.1102230246251565e-15,-0.14391453431133264,-1.176278954379411,0.03328370734449703,-3.339550858072471e-13,580.2666013751088,-641.4850235331776,0.6294525019017403
0.35000000000000003,78,0.1874229373771794,-1.44375,0.8891433513264246,0.06698712290454466,0.0013581670874720884,0.9983592595945785,84.80900505543718,0.0,84.80900505543718,6.07692829787667,0.11338789958013659,0.0,0.0,0.0,0.05379878470007624,0.39353401192491105,0.0,0.0,0.0,0.0,0.0,-1.5543122344752192e-15,-0.14407399600565532,-1.2074537984700278,0.03180863780325046,-3.055333763768431e-13,588.3506593234338,-650.218384159064,0.627397906652365
0.355,80,0.1591040406529176,-1.44375,0.8970364386865413,0.06801565709198985,0.0013059596107225845,1.019458016352925,84.40122816230766,0.0,84.40122816230766,6.050112914548973,0.11843578761393314,0.0,0.0,0.0,0.05576564317131749,0.3616707405634181,0.0,0.0,0.0,0.0,0.0,-1.1102230246251565e-15,-0.14422028586027538,-1.2382877088892346,0.030338983966967475,-2.984279490192421e-13,596.2915326027079,-658.7964596670416,0.6250967923114313
0.36,82,0.1289424415478133,-1.44375,0.9047822738078821,0.06904456560673851,0.0012558571970210672,1.0407810275173366,83.99837693369449,0.0,83.99837693369449,6.022746989528792,0.12360553549686204,0.0,0.0,0.0,0.057772058398987365,0.32913506766030803,0.0,0.0,0.0,0.0,0.0,0.0,-0.1443544101127015,-1.2687557879271822,0.02888330507512464,-3.410605131648481e-13,604.0868769030839,-667.2168762493404,0.6226516112682876
0.365,84,0.09686383507391683,-1.44375,0.912371370699816,0.07006901069115454,0.0012089548785443013,1.0623446722976824,83.60084421029877,0.0,83.60084421029877,5.995008588394072,0.12893979328763155,0.0,0.0,0.0,0.05983384264264488,0.2960624087348187,0.0,0.0,0.0,0.0,0.0,4.440892098500626e-16,-0.14447730995942923,-1.298834115313956,0.027449883324020753,-3.765876499528531e-13,611.7348191441818,-675.4777752816012,0.6201614776112047
0.37,86,0.06276746706294078,-1.44375,0.9197985668193951,0.07108721736556486,0.0011638105471707477,1.0841670677889887,83.20900698555964,0.0,83.20900698555964,5.967061631948764,0.1344643256293426,0.0,0.0,0.0,0.06196156831899111,0.2625909199477992,0.0,0.0,0.0,0.0,0.0,-2.220446049250313e-16,-0.14458986366744514,-1.3284998161778319,0.02604672229359167,-4.192202140984591e-13,619.2339506557676,-683.5777927195782,0.6177220350300427
0.375,88,0.02668494794785059,-1.44375,0.927060467413753,0.07210053201947843,0.0011121753269715303,1.106264138947313,82.82322765715938,0.0,82.82322765715938,5.93901594295905,0.14014787837260628,0.0,0.0,0.0,0.0641586710593486,0.228861678214822,0.0,0.0,0.0,0.0,0.0,-1.7763568394002505e-15,-0.1446928902510538,-1.3577309558262975,0.024681544996880557,-5.258016244624741e-13,626.5833214526419,-691.5160506221117,0.6154253303436488
0.37854721572856637,99,3.1716588266839096e-07,-1.44375,0.932118582082353,0.07281695906169992,0.0010763423775475593,1.1221124876883095,82.55339437209143,0.0,82.55339437209143,5.919065078550879,0.14420310177951282,0.0,0.0,0.0,0.06575829868628583,0.20485559039974494,0.0,0.0,0.0,0.0,0.0,-1.1102230246251565e-15,-0.14476060239098185,-1.378194277847683,0.02373992859354904,-5.115907697472721e-13,631.7061829786672,-697.0495097732951,0.6139284358381123
